-- Adminer 4.7.6 MySQL dump

SET NAMES utf8;
SET time_zone = '+00:00';
SET foreign_key_checks = 0;
SET sql_mode = 'NO_AUTO_VALUE_ON_ZERO';

DROP TABLE IF EXISTS `agenda`;
CREATE TABLE `agenda` (
  `id_agenda` int(11) NOT NULL AUTO_INCREMENT,
  `agenda` text NOT NULL,
  `tanggal` date NOT NULL,
  PRIMARY KEY (`id_agenda`)
) ENGINE=MyISAM DEFAULT CHARSET=latin1;


DROP TABLE IF EXISTS `berita`;
CREATE TABLE `berita` (
  `id_berita` int(11) NOT NULL AUTO_INCREMENT,
  `judul` text NOT NULL,
  `berita` text NOT NULL,
  `tanggal` date DEFAULT NULL,
  `image` text,
  PRIMARY KEY (`id_berita`)
) ENGINE=MyISAM DEFAULT CHARSET=latin1;


DROP TABLE IF EXISTS `carousel_image`;
CREATE TABLE `carousel_image` (
  `id_image_carousel` int(11) NOT NULL AUTO_INCREMENT,
  `image` varchar(255) NOT NULL,
  `title` varchar(255) DEFAULT NULL,
  PRIMARY KEY (`id_image_carousel`)
) ENGINE=MyISAM DEFAULT CHARSET=latin1;

INSERT INTO `carousel_image` (`id_image_carousel`, `image`, `title`) VALUES
(65,	'1612404985409.jpg',	'44.565.02'),
(64,	'1612404969405.jpg',	'44.565.02'),
(63,	'1612404958340.jpg',	'44.565.02'),
(62,	'1612338918024.jpg',	'44.564.03'),
(61,	'1612338908640.jpg',	'44.564.03'),
(59,	'1612338872474.jpg',	' 44.564.05'),
(57,	'1612228871419.jpg',	'USMANTEX'),
(60,	'1612338883680.jpg',	' 44.564.05'),
(56,	'1612228819560.jpg',	'SPBU 44.561.19'),
(55,	'1612228800629.jpg',	'SPBU 44.561.19'),
(54,	'1612228747743.jpg',	'SPBU 44.564.04'),
(52,	'1612228655111.jpg',	'PERTASHOP'),
(53,	'1612228733335.jpg',	'SPBU 44.564.04'),
(50,	'1611803375940.jpg',	'SPBU 44.561.09 '),
(49,	'1611803362891.jpg',	'SPBU 44.561.09'),
(48,	'1611803343246.jpg',	'SPBU 44.561.09'),
(51,	'1612228642441.jpg',	'PERTASHOP');

DROP TABLE IF EXISTS `maklumat`;
CREATE TABLE `maklumat` (
  `id_maklumat` int(11) NOT NULL AUTO_INCREMENT,
  `maklumat` text NOT NULL,
  PRIMARY KEY (`id_maklumat`)
) ENGINE=MyISAM DEFAULT CHARSET=latin1;

INSERT INTO `maklumat` (`id_maklumat`, `maklumat`) VALUES
(1,	'');

DROP TABLE IF EXISTS `pengumuman`;
CREATE TABLE `pengumuman` (
  `id_pengumuman` int(11) NOT NULL AUTO_INCREMENT,
  `pengumuman` text NOT NULL,
  `tanggal` date DEFAULT NULL,
  PRIMARY KEY (`id_pengumuman`)
) ENGINE=MyISAM DEFAULT CHARSET=latin1;


DROP TABLE IF EXISTS `profile`;
CREATE TABLE `profile` (
  `id_profile` int(11) NOT NULL AUTO_INCREMENT,
  `profile` text NOT NULL,
  `visi` text NOT NULL,
  `misi` text NOT NULL,
  PRIMARY KEY (`id_profile`)
) ENGINE=MyISAM DEFAULT CHARSET=latin1;

INSERT INTO `profile` (`id_profile`, `profile`, `visi`, `misi`) VALUES
(1,	'PEMERINTAH KABUPATEN MAGELANG DINAS PERDAGANGAN, KOPERASI USAHA KECIL DAN MENENGAH\r\nBIDANG METROLOGI',	'MENJAMIN KETERTIBAN DALAM HAL PENGUKURAN DI KABUPATEN MAGELANG',	'1. MENINGKATKAN PELAYANAN TERA DA TERA ULANG ALAT UKUR TAKAR TIMBANG DAN PERLENGKAPANNYA(UTTP)\r\n\r\n2. MENINGKATKAN SISTEM SARANA DAN PRASARANA PENGELOLAAN LABORATORIUM KEMETROLOGIAN BESERTA PENDUKUNGNYA\r\n\r\n3. MENERTIBKAN PENGGUNA SATUAN UKURAN BERDASARKAN SATUAN SISTEM INTERNASIONAL\r\n\r\n4. MENINGKATKAN KUALITAS SDM');

DROP TABLE IF EXISTS `tbl_desa`;
CREATE TABLE `tbl_desa` (
  `kode_desa` char(10) NOT NULL,
  `kode_kecamatan` char(6) DEFAULT NULL,
  `nama_desa` varchar(60) DEFAULT NULL,
  PRIMARY KEY (`kode_desa`),
  KEY `tbl_desa_ibfk_1` (`kode_kecamatan`),
  CONSTRAINT `tbl_desa_ibfk_1` FOREIGN KEY (`kode_kecamatan`) REFERENCES `tbl_kecamatan` (`kode_kecamatan`) ON DELETE CASCADE ON UPDATE CASCADE
) ENGINE=InnoDB DEFAULT CHARSET=latin1;

INSERT INTO `tbl_desa` (`kode_desa`, `kode_kecamatan`, `nama_desa`) VALUES
('3308012001',	'330801',	'NGARGORETNO'),
('3308012002',	'330801',	'PARIPURNO'),
('3308012003',	'330801',	'KALIREJO'),
('3308012004',	'330801',	'MENOREH'),
('3308012005',	'330801',	'NGADIREJO'),
('3308012006',	'330801',	'SIDOMULYO'),
('3308012007',	'330801',	'KEBONREJO'),
('3308012008',	'330801',	'SALAMAN'),
('3308012009',	'330801',	'KALISALAK'),
('3308012010',	'330801',	'SRIWEDARI'),
('3308012011',	'330801',	'JEBENGSARI'),
('3308012012',	'330801',	'TANJUNGANOM'),
('3308012013',	'330801',	'BANJARHARJO'),
('3308012014',	'330801',	'PURWOSARI'),
('3308012015',	'330801',	'NGAMPELDENTO'),
('3308012016',	'330801',	'SIDOSARI'),
('3308012017',	'330801',	'SAWANGARGO'),
('3308012018',	'330801',	'KRASAK'),
('3308012019',	'330801',	'MARGOYOSO'),
('3308012020',	'330801',	'KALIABU'),
('3308022001',	'330802',	'GIRIPURNO'),
('3308022002',	'330802',	'GIRITENGAH'),
('3308022003',	'330802',	'TUKSONGO'),
('3308022004',	'330802',	'MAJAKSINGI'),
('3308022005',	'330802',	'KENALAN'),
('3308022006',	'330802',	'BIGARAN'),
('3308022007',	'330802',	'SAMBENG'),
('3308022008',	'330802',	'CANDIREJO'),
('3308022009',	'330802',	'NGARGOGONDO'),
('3308022010',	'330802',	'WANUREJO'),
('3308022011',	'330802',	'BOROBUDUR'),
('3308022012',	'330802',	'TANJUNGSARI'),
('3308022013',	'330802',	'KARANGANYAR'),
('3308022014',	'330802',	'KARANGREJO'),
('3308022015',	'330802',	'NGADIHARJO'),
('3308022016',	'330802',	'KEBONSARI'),
('3308022017',	'330802',	'TEGALARUM'),
('3308022018',	'330802',	'KEMBANGLIMUS'),
('3308022019',	'330802',	'WRINGINPUTIH'),
('3308022020',	'330802',	'BUMIHARJO'),
('3308032001',	'330803',	'BLIGO'),
('3308032002',	'330803',	'PAKUNDEN'),
('3308032003',	'330803',	'SOMOKATON'),
('3308032004',	'330803',	'NGLUWAR'),
('3308032005',	'330803',	'KARANGTALUN'),
('3308032006',	'330803',	'JAMUSKAUMAN'),
('3308032007',	'330803',	'PLOSOGEDE'),
('3308032008',	'330803',	'BLONGKENG'),
('3308042001',	'330804',	'MANTINGAN'),
('3308042002',	'330804',	'SALAM'),
('3308042003',	'330804',	'SUCEN'),
('3308042004',	'330804',	'KADILUWIH'),
('3308042005',	'330804',	'SOMOKETRO'),
('3308042006',	'330804',	'JUMOYO'),
('3308042007',	'330804',	'TIRTO'),
('3308042008',	'330804',	'BATURONO'),
('3308042009',	'330804',	'TERSANGEDE'),
('3308042010',	'330804',	'SIRAHAN'),
('3308042011',	'330804',	'SELOBORO'),
('3308042012',	'330804',	'GULON'),
('3308052001',	'330805',	'SUDIMORO'),
('3308052002',	'330805',	'PANDANRETNO'),
('3308052003',	'330805',	'KALIURANG'),
('3308052004',	'330805',	'TEGALRANDU'),
('3308052005',	'330805',	'KAMONGAN'),
('3308052006',	'330805',	'JERUKAGUNG'),
('3308052007',	'330805',	'KRADENAN'),
('3308052008',	'330805',	'BANYUADEM'),
('3308052009',	'330805',	'NGABLAK'),
('3308052010',	'330805',	'SRUMBUNG'),
('3308052011',	'330805',	'BRINGIN'),
('3308052012',	'330805',	'MRANGGEN'),
('3308052013',	'330805',	'NGARGOSOKO'),
('3308052014',	'330805',	'POLENGAN'),
('3308052015',	'330805',	'PUCANGANOM'),
('3308052016',	'330805',	'KEMIREN'),
('3308052017',	'330805',	'NGLUMUT'),
('3308062001',	'330806',	'KETUNGGENG'),
('3308062002',	'330806',	'WATES'),
('3308062003',	'330806',	'NGADIPURO'),
('3308062004',	'330806',	'BANYUBIRU'),
('3308062005',	'330806',	'BANYUDONO'),
('3308062006',	'330806',	'DUKUN'),
('3308062007',	'330806',	'KALIBENING'),
('3308062008',	'330806',	'NGARGOMULYO'),
('3308062009',	'330806',	'SUMBER'),
('3308062010',	'330806',	'MANGUNSOKO'),
('3308062011',	'330806',	'SEWUKAN'),
('3308062012',	'330806',	'SENGI'),
('3308062013',	'330806',	'PATEN'),
('3308062014',	'330806',	'KRINJING'),
('3308062015',	'330806',	'KENINGAR'),
('3308072001',	'330807',	'GONDOWANGI'),
('3308072002',	'330807',	'SAWANGAN'),
('3308072003',	'330807',	'KROGOWANAN'),
('3308072004',	'330807',	'KAPUHAN'),
('3308072005',	'330807',	'KETEP'),
('3308072006',	'330807',	'WONOLELO'),
('3308072007',	'330807',	'BANYUROTO'),
('3308072008',	'330807',	'WULUNGGUNUNG'),
('3308072009',	'330807',	'GANTANG'),
('3308072010',	'330807',	'JATI'),
('3308072011',	'330807',	'BUTUH'),
('3308072012',	'330807',	'MANGUNSARI'),
('3308072013',	'330807',	'TIRTOSARI'),
('3308072014',	'330807',	'PODOSOKO'),
('3308072015',	'330807',	'SORONALAN'),
('3308081014',	'330808',	'MUNTILAN'),
('3308082001',	'330808',	'TANJUNG'),
('3308082002',	'330808',	'SOKORINI'),
('3308082003',	'330808',	'SRIWEDARI'),
('3308082004',	'330808',	'CONGKRANG'),
('3308082005',	'330808',	'ADIKARTO'),
('3308082006',	'330808',	'MENAYU'),
('3308082007',	'330808',	'KEJI'),
('3308082008',	'330808',	'NGAWEN'),
('3308082009',	'330808',	'GUNUNGPRING'),
('3308082010',	'330808',	'PUCUNGREJO'),
('3308082011',	'330808',	'TAMANAGUNG'),
('3308082012',	'330808',	'GONDOSULI'),
('3308082013',	'330808',	'SEDAYU'),
('3308091003',	'330809',	'MENDUT'),
('3308091004',	'330809',	'SAWITAN'),
('3308092001',	'330809',	'PROGOWATI'),
('3308092002',	'330809',	'NGRAJEK'),
('3308092005',	'330809',	'RAMBEANAK'),
('3308092006',	'330809',	'PAREMONO'),
('3308092007',	'330809',	'PABELAN'),
('3308092008',	'330809',	'BOJONG'),
('3308092009',	'330809',	'PAGERSARI'),
('3308092010',	'330809',	'MUNGKID'),
('3308092011',	'330809',	'AMBARTAWANG'),
('3308092012',	'330809',	'BUMIREJO'),
('3308092013',	'330809',	'BLONDO'),
('3308092014',	'330809',	'SENDEN'),
('3308092015',	'330809',	'GONDANG'),
('3308092016',	'330809',	'TREKO'),
('3308101009',	'330810',	'SUMBERREJO'),
('3308102001',	'330810',	'DEYANGAN'),
('3308102002',	'330810',	'PASURUHAN'),
('3308102003',	'330810',	'DONOROJO'),
('3308102004',	'330810',	'KALINEGORO'),
('3308102005',	'330810',	'JOGONEGORO'),
('3308102006',	'330810',	'SUKOREJO'),
('3308102007',	'330810',	'BONDOWOSO'),
('3308102008',	'330810',	'DANUREJO'),
('3308102010',	'330810',	'BANYUROJO'),
('3308102011',	'330810',	'BANJARNEGORO'),
('3308102012',	'330810',	'BULUREJO'),
('3308102013',	'330810',	'MERTOYUDAN'),
('3308112001',	'330811',	'RINGINANOM'),
('3308112002',	'330811',	'SUMBERARUM'),
('3308112003',	'330811',	'SIDOAGUNG'),
('3308112004',	'330811',	'TANGGULREJO'),
('3308112005',	'330811',	'KALISARI'),
('3308112006',	'330811',	'GIRIREJO'),
('3308112007',	'330811',	'TEMPUREJO'),
('3308112008',	'330811',	'PRAJEKSARI'),
('3308112009',	'330811',	'JOGOMULYO'),
('3308112010',	'330811',	'GROWONG'),
('3308112011',	'330811',	'TEMANGGAL'),
('3308112012',	'330811',	'PRINGOMBO'),
('3308112013',	'330811',	'KEMUTUK'),
('3308112014',	'330811',	'BAWANG'),
('3308112015',	'330811',	'TUGUREJO'),
('3308122001',	'330812',	'WONOGIRI'),
('3308122002',	'330812',	'KWADERAN'),
('3308122003',	'330812',	'MADUKORO'),
('3308122004',	'330812',	'BUMIAYU'),
('3308122005',	'330812',	'MADUGONDO'),
('3308122006',	'330812',	'NGARGOSARI'),
('3308122007',	'330812',	'NGENDROSARI'),
('3308122008',	'330812',	'LESANPURO'),
('3308122009',	'330812',	'BANJARETNO'),
('3308122010',	'330812',	'KRINJING'),
('3308122011',	'330812',	'BANGSRI'),
('3308122012',	'330812',	'WADAS'),
('3308122013',	'330812',	'KAJORAN'),
('3308122014',	'330812',	'MANGUNREJO'),
('3308122015',	'330812',	'SAMBAK'),
('3308122016',	'330812',	'BAMBUSARI'),
('3308122017',	'330812',	'WUWUHARJO'),
('3308122018',	'330812',	'PANDANSARI'),
('3308122019',	'330812',	'PANDANRETNO'),
('3308122020',	'330812',	'KRUMPAKAN'),
('3308122021',	'330812',	'BANJARAGUNG'),
('3308122022',	'330812',	'SANGEN'),
('3308122023',	'330812',	'PUCUNGROTO'),
('3308122024',	'330812',	'SIDOREJO'),
('3308122025',	'330812',	'SIDOWANGI'),
('3308122026',	'330812',	'SUKOMULYO'),
('3308122027',	'330812',	'SUKOREJO'),
('3308122028',	'330812',	'SUTOPATI'),
('3308122029',	'330812',	'SUKOMAKMUR'),
('3308132001',	'330813',	'KALIANGKRIK'),
('3308132002',	'330813',	'NGAWONGGO'),
('3308132003',	'330813',	'MUNGGANGSARI'),
('3308132004',	'330813',	'NGARGOSOKO'),
('3308132005',	'330813',	'NGENDROKILO'),
('3308132006',	'330813',	'MADURETNO'),
('3308132007',	'330813',	'TEMANGGUNG'),
('3308132008',	'330813',	'PENGARENGAN'),
('3308132009',	'330813',	'MANGLI'),
('3308132010',	'330813',	'SELOMOYO'),
('3308132011',	'330813',	'BANJAREJO'),
('3308132012',	'330813',	'GIRIWARNO'),
('3308132013',	'330813',	'GIRIREJO'),
('3308132014',	'330813',	'KEBONLEGI'),
('3308132015',	'330813',	'BALEREJO'),
('3308132016',	'330813',	'BESERAN'),
('3308132017',	'330813',	'BUMIREJO'),
('3308132018',	'330813',	'KETANGI'),
('3308132019',	'330813',	'BALEKERTO'),
('3308132020',	'330813',	'ADIPURO'),
('3308142001',	'330814',	'BANDONGAN'),
('3308142002',	'330814',	'SALAMKANCI'),
('3308142003',	'330814',	'SUKODADI'),
('3308142004',	'330814',	'TONOBOYO'),
('3308142005',	'330814',	'GANDUSARI'),
('3308142006',	'330814',	'SIDOREJO'),
('3308142007',	'330814',	'TRASAN'),
('3308142008',	'330814',	'BANYUWANGI'),
('3308142009',	'330814',	'KEDUNGSARI'),
('3308142010',	'330814',	'SUKOSARI'),
('3308142011',	'330814',	'KEBONAGUNG'),
('3308142012',	'330814',	'KALEGEN'),
('3308142013',	'330814',	'NGEPANREJO'),
('3308142014',	'330814',	'REJOSARI'),
('3308152001',	'330815',	'SUROJOYO'),
('3308152002',	'330815',	'TEMPAK'),
('3308152003',	'330815',	'SIDOMULYO'),
('3308152004',	'330815',	'MEJING'),
('3308152005',	'330815',	'PURWOREJO'),
('3308152006',	'330815',	'CANDIMULYO'),
('3308152007',	'330815',	'GIYANTI'),
('3308152008',	'330815',	'KEMBARAN'),
('3308152009',	'330815',	'TEGALSARI'),
('3308152010',	'330815',	'PODOSOKO'),
('3308152011',	'330815',	'TAMPIRKULON'),
('3308152012',	'330815',	'TEMPURSARI'),
('3308152013',	'330815',	'KEBONREJO'),
('3308152014',	'330815',	'TAMPIRWETAN'),
('3308152015',	'330815',	'TEMBELANG'),
('3308152016',	'330815',	'SONOREJO'),
('3308152017',	'330815',	'TRENTEN'),
('3308152018',	'330815',	'BATEH'),
('3308152019',	'330815',	'SURODADI'),
('3308162001',	'330816',	'PAKIS'),
('3308162002',	'330816',	'BANYUSIDI'),
('3308162003',	'330816',	'LOSARI'),
('3308162004',	'330816',	'DASEH'),
('3308162005',	'330816',	'GUMELEM'),
('3308162006',	'330816',	'KAPONAN'),
('3308162007',	'330816',	'KRAGILAN'),
('3308162008',	'330816',	'KETUNDAN'),
('3308162009',	'330816',	'DALEMAN KIDUL'),
('3308162010',	'330816',	'PETUNG'),
('3308162011',	'330816',	'BAWANG'),
('3308162012',	'330816',	'REJOSARI'),
('3308162013',	'330816',	'KAJANGKOSO'),
('3308162014',	'330816',	'MUNENGWARANGAN'),
('3308162015',	'330816',	'GONDANGSARI'),
('3308162016',	'330816',	'KENALAN'),
('3308162017',	'330816',	'POGALAN'),
('3308162018',	'330816',	'GEJAGAN'),
('3308162019',	'330816',	'MUNENG'),
('3308162020',	'330816',	'JAMBEWANGI'),
('3308172001',	'330817',	'NGABLAK'),
('3308172002',	'330817',	'JOGONAYAN'),
('3308172003',	'330817',	'TEJOSARI'),
('3308172004',	'330817',	'SUMBEREJO'),
('3308172005',	'330817',	'GIRIREJO'),
('3308172006',	'330817',	'PANDEAN'),
('3308172007',	'330817',	'GENIKAN'),
('3308172008',	'330817',	'BANDUNGREJO'),
('3308172009',	'330817',	'MADYOGONDO'),
('3308172010',	'330817',	'JOGOYASAN'),
('3308172011',	'330817',	'KEDITAN'),
('3308172012',	'330817',	'MAGERSARI'),
('3308172013',	'330817',	'KANIGORO'),
('3308172014',	'330817',	'SELOMIRAH'),
('3308172015',	'330817',	'PAGERGUNUNG'),
('3308172016',	'330817',	'SELOPROJO'),
('3308182001',	'330818',	'GRABAG'),
('3308182002',	'330818',	'SUMURARUM'),
('3308182003',	'330818',	'BANYUSARI'),
('3308182004',	'330818',	'KARTOHARJO'),
('3308182005',	'330818',	'SIDOGEDE'),
('3308182006',	'330818',	'CITROSONO'),
('3308182007',	'330818',	'KLETERAN'),
('3308182008',	'330818',	'NGASINAN'),
('3308182009',	'330818',	'BANARAN'),
('3308182010',	'330818',	'BALEAGUNG'),
('3308182011',	'330818',	'KLEGEN'),
('3308182012',	'330818',	'KALIKUTO'),
('3308182013',	'330818',	'KALIPUCANG'),
('3308182014',	'330818',	'SEWORAN'),
('3308182015',	'330818',	'BANJARSARI'),
('3308182016',	'330818',	'SAMBUNGREJO'),
('3308182017',	'330818',	'TLOGOREJO'),
('3308182018',	'330818',	'TIRTO'),
('3308182019',	'330818',	'KETAWANG'),
('3308182020',	'330818',	'SALAM'),
('3308182021',	'330818',	'COKRO'),
('3308182022',	'330818',	'LOSARI'),
('3308182023',	'330818',	'NGRANCAH'),
('3308182024',	'330818',	'SUGIHMAS'),
('3308182025',	'330818',	'PESIDI'),
('3308182026',	'330818',	'GIRIWETAN'),
('3308182027',	'330818',	'PUCUNGSARI'),
('3308182028',	'330818',	'LEBAK'),
('3308192001',	'330819',	'TEGALREJO'),
('3308192002',	'330819',	'SOROYUDAN'),
('3308192003',	'330819',	'SIDOREJO'),
('3308192004',	'330819',	'PURWOSARI'),
('3308192005',	'330819',	'DLIMAS'),
('3308192006',	'330819',	'BANYUSARI'),
('3308192007',	'330819',	'SUKOREJO'),
('3308192008',	'330819',	'TAMPINGAN'),
('3308192009',	'330819',	'BANYUURIP'),
('3308192010',	'330819',	'GLAGAHOMBO'),
('3308192011',	'330819',	'PURWODADI'),
('3308192012',	'330819',	'WONOKERTO'),
('3308192013',	'330819',	'DAWUNG'),
('3308192014',	'330819',	'KLOPO'),
('3308192015',	'330819',	'JAPAN'),
('3308192016',	'330819',	'KEBONAGUNG'),
('3308192017',	'330819',	'NGASEM'),
('3308192018',	'330819',	'GIRIREJO'),
('3308192019',	'330819',	'NGADIREJO'),
('3308192020',	'330819',	'DONOROJO'),
('3308192021',	'330819',	'MANGUNREJO'),
('3308201001',	'330820',	'SECANG'),
('3308202002',	'330820',	'MADUSARI'),
('3308202003',	'330820',	'MADYOCONDRO'),
('3308202004',	'330820',	'NGABEAN'),
('3308202005',	'330820',	'KRINCING'),
('3308202006',	'330820',	'DONOREJO'),
('3308202007',	'330820',	'CANDISARI'),
('3308202008',	'330820',	'CANDIRETNO'),
('3308202009',	'330820',	'PANCURANMAS'),
('3308202010',	'330820',	'JAMBEWANGI'),
('3308202011',	'330820',	'PAYAMAN'),
('3308202012',	'330820',	'KALIJOSO'),
('3308202013',	'330820',	'NGADIROJO'),
('3308202014',	'330820',	'KARANGKAJEN'),
('3308202015',	'330820',	'SIDOMULYO'),
('3308202016',	'330820',	'PUCANG'),
('3308202017',	'330820',	'PURWOSARI'),
('3308202018',	'330820',	'DONOMULYO'),
('3308202019',	'330820',	'GIRIKULON'),
('3308202020',	'330820',	'PIRIKAN'),
('3308212001',	'330821',	'WINDUSARI'),
('3308212002',	'330821',	'PASANGSARI'),
('3308212003',	'330821',	'CANDISARI'),
('3308212004',	'330821',	'BANDARSEDAYU'),
('3308212005',	'330821',	'BANJARSARI'),
('3308212006',	'330821',	'BALESARI'),
('3308212007',	'330821',	'KEMBANGKUNING'),
('3308212008',	'330821',	'TANJUNGSARI'),
('3308212009',	'330821',	'WONOROTO'),
('3308212010',	'330821',	'GENITO'),
('3308212011',	'330821',	'KENTENGSARI'),
('3308212012',	'330821',	'UMBULSARI'),
('3308212013',	'330821',	'SEMEN'),
('3308212014',	'330821',	'DAMPIT'),
('3308212015',	'330821',	'GIRIMULYO'),
('3308212016',	'330821',	'NGEMPLAK'),
('3308212017',	'330821',	'GUNUNGSARI'),
('3308212018',	'330821',	'KALIJOSO'),
('3308212019',	'330821',	'MANGUNSARI'),
('3308212020',	'330821',	'GONDANGREJO');

DROP TABLE IF EXISTS `tbl_grup_pasar`;
CREATE TABLE `tbl_grup_pasar` (
  `id_grup` int(11) NOT NULL AUTO_INCREMENT,
  `id_pasar` int(11) DEFAULT NULL,
  `id_usaha` int(11) DEFAULT NULL,
  PRIMARY KEY (`id_grup`),
  KEY `tbl_grup_pasar_ibfk_1` (`id_usaha`),
  KEY `tbl_grup_pasar_ibfk_2` (`id_pasar`),
  CONSTRAINT `tbl_grup_pasar_ibfk_1` FOREIGN KEY (`id_usaha`) REFERENCES `tbl_usaha` (`id_usaha`) ON DELETE CASCADE ON UPDATE CASCADE,
  CONSTRAINT `tbl_grup_pasar_ibfk_2` FOREIGN KEY (`id_pasar`) REFERENCES `tbl_pasar` (`id_pasar`) ON DELETE CASCADE ON UPDATE CASCADE
) ENGINE=InnoDB DEFAULT CHARSET=latin1;


DROP TABLE IF EXISTS `tbl_jabatan`;
CREATE TABLE `tbl_jabatan` (
  `id_jabatan` int(11) NOT NULL AUTO_INCREMENT,
  `nama_jabatan` varchar(100) DEFAULT NULL,
  PRIMARY KEY (`id_jabatan`)
) ENGINE=InnoDB DEFAULT CHARSET=latin1;

INSERT INTO `tbl_jabatan` (`id_jabatan`, `nama_jabatan`) VALUES
(1,	'Kepala Dinas'),
(2,	'Bendahara'),
(6,	'Kabid Metrologi'),
(7,	'Kasie Pengawasan Metrologi'),
(8,	'Kasie Pelayanan Metrologi'),
(9,	'Kasie Pengendalian Mutu Metrologi'),
(10,	'Pengamat Tera'),
(11,	'Penera'),
(12,	'Kasir');

DROP TABLE IF EXISTS `tbl_jenis_alat_ukur`;
CREATE TABLE `tbl_jenis_alat_ukur` (
  `id_jenis_alat` int(11) NOT NULL AUTO_INCREMENT,
  `id_kategori_alat` int(11) DEFAULT NULL,
  `nama_jenis_alat` varchar(100) DEFAULT NULL,
  PRIMARY KEY (`id_jenis_alat`),
  KEY `tbl_jenis_alat_ukur_ibfk_1` (`id_kategori_alat`),
  CONSTRAINT `tbl_jenis_alat_ukur_ibfk_1` FOREIGN KEY (`id_kategori_alat`) REFERENCES `tbl_kategori_alat_ukur` (`id_kategori_alat`) ON DELETE CASCADE ON UPDATE CASCADE
) ENGINE=InnoDB DEFAULT CHARSET=latin1;

INSERT INTO `tbl_jenis_alat_ukur` (`id_jenis_alat`, `id_kategori_alat`, `nama_jenis_alat`) VALUES
(1,	1,	'Timbangan Meja'),
(2,	1,	'Timbangan Sentisimal'),
(3,	1,	'Timbangan Digital'),
(4,	1,	'Timbangan Pegas'),
(5,	1,	'Dacin Logam'),
(6,	1,	'Anak Timbangan Biasa'),
(7,	1,	'Anak Timbangan Halus'),
(8,	1,	'Gelas Ukur'),
(9,	2,	'Timbangan Badan'),
(10,	2,	'Timbangan Bayi'),
(11,	2,	'Tinggi Badan'),
(12,	2,	'Badan dan Tinggi'),
(13,	2,	'Tekanan Darah'),
(14,	3,	'PU BBM'),
(15,	4,	'Jembatan Timbang'),
(16,	5,	'Incometer'),
(17,	3,	'DEEP STICK'),
(18,	3,	'Dispanser'),
(19,	1,	'Timbangan Triple Beam '),
(20,	1,	'Batching Plant (TE - Material)'),
(21,	1,	'Batching Plant (TE - Air )'),
(22,	1,	'Batching Plant (TE - Semen )'),
(23,	1,	'Timbangan Jembatan Elektronik'),
(24,	3,	'TIMBANGAN PENGISIAN (FILLING MACHINE)'),
(25,	1,	'Neraca'),
(26,	3,	'Bejana Ukur');

DROP TABLE IF EXISTS `tbl_jenis_usaha`;
CREATE TABLE `tbl_jenis_usaha` (
  `id_jenis_usaha` int(11) NOT NULL AUTO_INCREMENT,
  `nama_jenis_usaha` varchar(100) DEFAULT NULL,
  PRIMARY KEY (`id_jenis_usaha`)
) ENGINE=InnoDB DEFAULT CHARSET=latin1;

INSERT INTO `tbl_jenis_usaha` (`id_jenis_usaha`, `nama_jenis_usaha`) VALUES
(1,	'Toko Kelontong'),
(3,	'Posyandu'),
(5,	'Grosir'),
(6,	'Toko Snack'),
(7,	'Toko Obat'),
(9,	'Pedagang Buah / Sayur'),
(10,	'Toko Bangunan'),
(11,	'Pertanian'),
(12,	'Jasa Pijat'),
(16,	'Toko Sembako'),
(17,	'Penggilingan Padi'),
(19,	'Toko Besi'),
(20,	'Laundry'),
(23,	'Toko Pertanian'),
(24,	'Pedagang Ikan'),
(27,	'Pakan Burung'),
(28,	'Ekspedisi'),
(30,	'Herbal'),
(32,	'Mini Market'),
(33,	'Penjahit'),
(35,	'Petani'),
(37,	'Rongsok'),
(40,	'Peternakan'),
(43,	'Pedagang Cengkeh'),
(45,	'Pakan Ternak'),
(46,	'Pabrik'),
(47,	'Online Shop'),
(48,	'Toko Alat Teknik'),
(50,	'Toko Alat Pancing'),
(51,	'Tempat Makan/Kuliner'),
(53,	'Pedagang Palawija'),
(55,	'Jual Beli Herbal'),
(63,	'Kesehatan'),
(67,	'Bibit Ikan'),
(69,	'Bidan Kesehatan'),
(70,	'Pedagang Pasar'),
(71,	'SPBU'),
(72,	'Jembatan Timbang'),
(73,	'Pegadaian'),
(74,	'Koperasi'),
(75,	'SPPBE'),
(76,	'Supermarket'),
(77,	'Toko Emas'),
(78,	'Pertashop');

DROP TABLE IF EXISTS `tbl_kategori_alat_ukur`;
CREATE TABLE `tbl_kategori_alat_ukur` (
  `id_kategori_alat` int(2) NOT NULL AUTO_INCREMENT,
  `nama_kategori_alat` varchar(100) DEFAULT NULL,
  PRIMARY KEY (`id_kategori_alat`)
) ENGINE=InnoDB DEFAULT CHARSET=latin1;

INSERT INTO `tbl_kategori_alat_ukur` (`id_kategori_alat`, `nama_kategori_alat`) VALUES
(1,	'Alat ukur, takar dan timbang'),
(2,	'Alat ukur dan timbang kesehatan'),
(3,	'Alat ukur SPBU'),
(4,	'Alat ukur jembatan timbang'),
(5,	'Alat ukur meteran PDAM');

DROP TABLE IF EXISTS `tbl_kecamatan`;
CREATE TABLE `tbl_kecamatan` (
  `kode_kecamatan` char(6) NOT NULL,
  `nama_kecamatan` varchar(50) DEFAULT NULL,
  PRIMARY KEY (`kode_kecamatan`)
) ENGINE=InnoDB DEFAULT CHARSET=latin1;

INSERT INTO `tbl_kecamatan` (`kode_kecamatan`, `nama_kecamatan`) VALUES
('330801',	'SALAMAN'),
('330802',	'BOROBUDUR'),
('330803',	'NGLUWAR'),
('330804',	'SALAM'),
('330805',	'SRUMBUNG'),
('330806',	'DUKUN'),
('330807',	'SAWANGAN'),
('330808',	'MUNTILAN'),
('330809',	'MUNGKID'),
('330810',	'MERTOYUDAN'),
('330811',	'TEMPURAN'),
('330812',	'KAJORAN'),
('330813',	'KALIANGKRIK'),
('330814',	'BANDONGAN'),
('330815',	'CANDIMULYO'),
('330816',	'PAKIS'),
('330817',	'NGABLAK'),
('330818',	'GRABAG'),
('330819',	'TEGALREJO'),
('330820',	'SECANG'),
('330821',	'WINDUSARI');

DROP TABLE IF EXISTS `tbl_kelompok_tarif`;
CREATE TABLE `tbl_kelompok_tarif` (
  `id_kelompok` int(11) NOT NULL AUTO_INCREMENT,
  `id_kategori_alat` int(2) DEFAULT NULL,
  `id_tarif` int(5) DEFAULT NULL,
  PRIMARY KEY (`id_kelompok`),
  KEY `tbl_kelompok_tarif_ibfk_1` (`id_kategori_alat`),
  KEY `tbl_kelompok_tarif_ibfk_2` (`id_tarif`),
  CONSTRAINT `tbl_kelompok_tarif_ibfk_1` FOREIGN KEY (`id_kategori_alat`) REFERENCES `tbl_kategori_alat_ukur` (`id_kategori_alat`) ON DELETE CASCADE ON UPDATE CASCADE,
  CONSTRAINT `tbl_kelompok_tarif_ibfk_2` FOREIGN KEY (`id_tarif`) REFERENCES `tbl_tarif` (`id_tarif`) ON DELETE CASCADE ON UPDATE CASCADE
) ENGINE=InnoDB DEFAULT CHARSET=latin1;

INSERT INTO `tbl_kelompok_tarif` (`id_kelompok`, `id_kategori_alat`, `id_tarif`) VALUES
(1,	1,	22),
(2,	1,	23),
(3,	2,	23),
(4,	3,	7),
(5,	3,	10),
(6,	3,	12),
(7,	3,	13),
(8,	4,	23),
(9,	5,	5),
(11,	5,	11),
(12,	5,	14),
(13,	5,	15),
(14,	5,	17),
(15,	3,	19),
(16,	5,	24),
(17,	5,	25),
(18,	3,	8),
(23,	3,	4);

DROP TABLE IF EXISTS `tbl_list_sidang`;
CREATE TABLE `tbl_list_sidang` (
  `id_list_sidang` int(11) NOT NULL AUTO_INCREMENT,
  `id_sidang` int(11) DEFAULT NULL,
  `id_daftar` int(11) DEFAULT NULL,
  PRIMARY KEY (`id_list_sidang`),
  KEY `tbl_list_sidang_ibfk_1` (`id_sidang`),
  KEY `tbl_list_sidang_ibfk_2` (`id_daftar`),
  CONSTRAINT `tbl_list_sidang_ibfk_1` FOREIGN KEY (`id_sidang`) REFERENCES `tbl_sidang_tera` (`id_sidang`) ON DELETE CASCADE ON UPDATE CASCADE,
  CONSTRAINT `tbl_list_sidang_ibfk_2` FOREIGN KEY (`id_daftar`) REFERENCES `tbl_pendaftaran` (`id_daftar`) ON DELETE CASCADE ON UPDATE CASCADE
) ENGINE=InnoDB DEFAULT CHARSET=latin1;


DROP TABLE IF EXISTS `tbl_list_sidang_anak_timbang`;
CREATE TABLE `tbl_list_sidang_anak_timbang` (
  `id_detail_anak_timbang` int(11) NOT NULL AUTO_INCREMENT,
  `id_list_sidang` int(11) DEFAULT NULL,
  `id_tarif_anak_timbang` int(4) DEFAULT NULL,
  `jml_anak_timbang` int(4) DEFAULT NULL,
  PRIMARY KEY (`id_detail_anak_timbang`),
  KEY `tbl_list_sidang_anak_timbang_ibfk_1` (`id_list_sidang`),
  CONSTRAINT `tbl_list_sidang_anak_timbang_ibfk_1` FOREIGN KEY (`id_list_sidang`) REFERENCES `tbl_list_sidang_new` (`id_list_sidang`) ON DELETE CASCADE ON UPDATE CASCADE
) ENGINE=InnoDB DEFAULT CHARSET=latin1;

INSERT INTO `tbl_list_sidang_anak_timbang` (`id_detail_anak_timbang`, `id_list_sidang`, `id_tarif_anak_timbang`, `jml_anak_timbang`) VALUES
(48,	73,	155,	5),
(49,	80,	155,	5),
(50,	81,	155,	2),
(51,	82,	155,	2),
(52,	84,	155,	5),
(53,	86,	155,	5),
(54,	98,	155,	5),
(55,	99,	155,	5),
(56,	100,	155,	5),
(57,	101,	155,	5),
(58,	103,	155,	5),
(59,	104,	155,	5),
(60,	105,	155,	5),
(61,	106,	155,	5),
(62,	107,	155,	5),
(63,	108,	155,	5),
(64,	109,	155,	14),
(65,	110,	155,	5),
(66,	111,	155,	5),
(67,	112,	155,	5),
(68,	113,	155,	5),
(69,	116,	155,	5),
(70,	118,	155,	5),
(71,	120,	155,	5),
(72,	122,	155,	5),
(73,	123,	155,	4),
(74,	124,	155,	5),
(75,	125,	155,	5),
(76,	126,	155,	4),
(77,	127,	155,	4),
(78,	128,	155,	5),
(79,	129,	155,	5),
(80,	130,	155,	5),
(81,	132,	155,	5),
(82,	133,	155,	5),
(83,	134,	155,	5),
(84,	135,	155,	5),
(85,	136,	155,	5),
(86,	138,	155,	5),
(87,	139,	155,	5),
(88,	140,	155,	5),
(89,	141,	155,	5),
(90,	142,	155,	5),
(91,	143,	155,	5),
(93,	145,	155,	5),
(94,	146,	155,	6),
(95,	147,	155,	5),
(96,	148,	155,	5),
(97,	149,	155,	7),
(98,	151,	155,	5),
(99,	152,	155,	5),
(100,	153,	155,	5),
(101,	154,	155,	5),
(102,	155,	155,	5),
(103,	156,	155,	4),
(104,	157,	155,	5),
(105,	159,	155,	2),
(106,	160,	155,	3),
(108,	164,	155,	5),
(109,	167,	155,	5),
(110,	168,	155,	5),
(111,	171,	155,	5),
(112,	174,	155,	5),
(113,	175,	155,	5),
(115,	177,	155,	5),
(116,	178,	155,	1),
(117,	181,	155,	5),
(118,	183,	155,	5),
(119,	184,	155,	4),
(120,	186,	155,	5),
(121,	187,	156,	2),
(122,	191,	155,	4),
(123,	205,	155,	5),
(124,	208,	155,	4),
(125,	209,	155,	4),
(135,	240,	155,	5),
(136,	242,	155,	5),
(137,	243,	155,	5),
(138,	247,	155,	5),
(139,	248,	155,	5),
(140,	250,	156,	1),
(141,	251,	155,	5),
(142,	252,	155,	5),
(143,	265,	155,	5),
(144,	266,	155,	5),
(145,	267,	155,	8),
(146,	269,	155,	5),
(147,	270,	155,	5),
(148,	271,	155,	5),
(149,	272,	155,	7),
(150,	273,	155,	5),
(151,	275,	155,	5),
(152,	280,	155,	5),
(153,	281,	155,	5),
(154,	285,	155,	5),
(155,	288,	155,	5),
(156,	291,	155,	5),
(157,	292,	155,	5),
(159,	295,	158,	12);

DROP TABLE IF EXISTS `tbl_list_sidang_new`;
CREATE TABLE `tbl_list_sidang_new` (
  `id_list_sidang` int(11) NOT NULL AUTO_INCREMENT,
  `id_sidang` int(11) DEFAULT NULL,
  `id_user_pasar` int(11) DEFAULT NULL,
  `id_jenis_alat` varchar(50) DEFAULT NULL,
  `no_order` char(10) DEFAULT NULL,
  `layanan` enum('tera','tera ulang') DEFAULT NULL,
  `kapasitas` varchar(100) DEFAULT NULL,
  `id_tarif_timbang` varchar(50) DEFAULT NULL,
  `id_tarif_anak_timbang` varchar(50) DEFAULT NULL,
  `jml_timbang` varchar(50) DEFAULT NULL,
  `jml_anak_timbang` varchar(50) DEFAULT NULL,
  `merk` varchar(100) DEFAULT NULL,
  `no_seri` varchar(50) DEFAULT NULL,
  `berlaku` date DEFAULT NULL,
  `tidak_berlaku` date DEFAULT NULL,
  `tidak_bertanda_tera` int(11) DEFAULT NULL,
  `kondisi` enum('baik','rusak') DEFAULT NULL,
  `tindakan` enum('ditera','diganti') DEFAULT NULL,
  `tgl_daftar` date DEFAULT NULL,
  PRIMARY KEY (`id_list_sidang`),
  KEY `tbl_list_sidang_new_ibfk_1` (`id_user_pasar`),
  KEY `tbl_list_sidang_new_ibfk_2` (`id_sidang`),
  CONSTRAINT `tbl_list_sidang_new_ibfk_1` FOREIGN KEY (`id_user_pasar`) REFERENCES `tbl_user_pasar` (`id_user_pasar`) ON DELETE CASCADE ON UPDATE CASCADE,
  CONSTRAINT `tbl_list_sidang_new_ibfk_2` FOREIGN KEY (`id_sidang`) REFERENCES `tbl_sidang_tera` (`id_sidang`) ON DELETE CASCADE ON UPDATE CASCADE
) ENGINE=InnoDB DEFAULT CHARSET=latin1;

INSERT INTO `tbl_list_sidang_new` (`id_list_sidang`, `id_sidang`, `id_user_pasar`, `id_jenis_alat`, `no_order`, `layanan`, `kapasitas`, `id_tarif_timbang`, `id_tarif_anak_timbang`, `jml_timbang`, `jml_anak_timbang`, `merk`, `no_seri`, `berlaku`, `tidak_berlaku`, `tidak_bertanda_tera`, `kondisi`, `tindakan`, `tgl_daftar`) VALUES
(68,	10,	20,	NULL,	'008000001',	'tera ulang',	NULL,	NULL,	NULL,	NULL,	NULL,	NULL,	NULL,	'2020-01-29',	'2021-01-29',	NULL,	'baik',	'ditera',	'2020-01-29'),
(70,	10,	22,	NULL,	'008000003',	'tera ulang',	NULL,	NULL,	NULL,	NULL,	NULL,	NULL,	NULL,	'2020-01-29',	'2021-01-29',	NULL,	'baik',	'ditera',	'2020-01-29'),
(71,	10,	23,	NULL,	'008000004',	'tera ulang',	NULL,	NULL,	NULL,	NULL,	NULL,	NULL,	NULL,	'2020-01-29',	'2021-01-29',	NULL,	'baik',	'ditera',	'2020-01-29'),
(72,	10,	24,	NULL,	'008000005',	'tera ulang',	NULL,	NULL,	NULL,	NULL,	NULL,	NULL,	NULL,	'2020-01-29',	'2021-01-29',	NULL,	'baik',	'ditera',	'2020-01-29'),
(73,	10,	25,	NULL,	'008000006',	'tera ulang',	NULL,	NULL,	NULL,	NULL,	NULL,	NULL,	NULL,	'2020-01-29',	'2021-01-29',	NULL,	'baik',	'ditera',	'2020-01-29'),
(74,	10,	26,	NULL,	'008000007',	'tera ulang',	NULL,	NULL,	NULL,	NULL,	NULL,	NULL,	NULL,	'2020-01-29',	'2021-01-29',	NULL,	'baik',	'ditera',	'2020-01-29'),
(75,	10,	27,	NULL,	'008000008',	'tera ulang',	NULL,	NULL,	NULL,	NULL,	NULL,	NULL,	NULL,	'2020-01-29',	'2021-01-29',	NULL,	'baik',	'ditera',	'2020-01-29'),
(76,	10,	28,	NULL,	'008000009',	'tera ulang',	NULL,	NULL,	NULL,	NULL,	NULL,	NULL,	NULL,	'2020-01-29',	'2021-01-29',	NULL,	'baik',	'ditera',	'2020-01-29'),
(77,	10,	29,	NULL,	'008000010',	'tera ulang',	NULL,	NULL,	NULL,	NULL,	NULL,	NULL,	NULL,	'2020-01-29',	'2021-01-29',	NULL,	'baik',	'ditera',	'2020-01-29'),
(78,	10,	30,	NULL,	'008000011',	'tera ulang',	NULL,	NULL,	NULL,	NULL,	NULL,	NULL,	NULL,	'2020-01-29',	'2021-01-29',	NULL,	'baik',	'ditera',	'2020-01-29'),
(79,	10,	31,	NULL,	'008000012',	'tera ulang',	NULL,	NULL,	NULL,	NULL,	NULL,	NULL,	NULL,	'2020-01-29',	'2021-01-29',	NULL,	'baik',	'ditera',	'2020-01-29'),
(80,	10,	32,	NULL,	'008000013',	'tera ulang',	NULL,	NULL,	NULL,	NULL,	NULL,	NULL,	NULL,	'2020-01-29',	'2021-01-29',	NULL,	'baik',	'ditera',	'2020-01-29'),
(81,	10,	33,	NULL,	'008000014',	'tera ulang',	NULL,	NULL,	NULL,	NULL,	NULL,	NULL,	NULL,	'2020-01-29',	'2021-01-29',	NULL,	'baik',	'ditera',	'2020-01-29'),
(82,	10,	34,	NULL,	'008000015',	'tera ulang',	NULL,	NULL,	NULL,	NULL,	NULL,	NULL,	NULL,	'2020-01-29',	'2021-01-29',	NULL,	'baik',	'ditera',	'2020-01-29'),
(83,	10,	35,	NULL,	'008000016',	'tera ulang',	NULL,	NULL,	NULL,	NULL,	NULL,	NULL,	NULL,	'2020-01-29',	'2021-01-29',	NULL,	'baik',	'ditera',	'2020-01-29'),
(84,	10,	36,	NULL,	'008000017',	'tera ulang',	NULL,	NULL,	NULL,	NULL,	NULL,	NULL,	NULL,	'2020-01-29',	'2021-01-29',	NULL,	'baik',	'ditera',	'2020-01-29'),
(85,	10,	37,	NULL,	'008000018',	'tera ulang',	NULL,	NULL,	NULL,	NULL,	NULL,	NULL,	NULL,	'2020-01-29',	'2021-01-29',	NULL,	'baik',	'ditera',	'2020-01-29'),
(86,	10,	38,	NULL,	'008000019',	'tera ulang',	NULL,	NULL,	NULL,	NULL,	NULL,	NULL,	NULL,	'2020-01-29',	'2021-01-29',	NULL,	'baik',	'ditera',	'2020-01-29'),
(87,	10,	39,	NULL,	'008000020',	'tera ulang',	NULL,	NULL,	NULL,	NULL,	NULL,	NULL,	NULL,	'2020-01-29',	'2021-01-29',	NULL,	'baik',	'ditera',	'2020-01-29'),
(88,	10,	40,	NULL,	'008000021',	'tera ulang',	NULL,	NULL,	NULL,	NULL,	NULL,	NULL,	NULL,	'2020-01-29',	'2021-01-29',	NULL,	'baik',	'ditera',	'2020-01-29'),
(89,	10,	41,	NULL,	'008000022',	'tera ulang',	NULL,	NULL,	NULL,	NULL,	NULL,	NULL,	NULL,	'2020-01-29',	'2021-01-29',	NULL,	'baik',	'ditera',	'2020-01-29'),
(90,	10,	42,	NULL,	'008000023',	'tera ulang',	NULL,	NULL,	NULL,	NULL,	NULL,	NULL,	NULL,	'2020-01-29',	'2021-01-29',	NULL,	'baik',	'ditera',	'2020-01-29'),
(91,	10,	43,	NULL,	'008000024',	'tera ulang',	NULL,	NULL,	NULL,	NULL,	NULL,	NULL,	NULL,	'2020-01-29',	'2021-01-29',	NULL,	'baik',	'ditera',	'2020-01-29'),
(93,	10,	45,	NULL,	'008000026',	'tera ulang',	NULL,	NULL,	NULL,	NULL,	NULL,	NULL,	NULL,	'2020-01-29',	'2021-01-29',	NULL,	'baik',	'ditera',	'2020-01-29'),
(94,	10,	46,	NULL,	'008000027',	'tera ulang',	NULL,	NULL,	NULL,	NULL,	NULL,	NULL,	NULL,	'2020-01-29',	'2021-01-29',	NULL,	'baik',	'ditera',	'2020-01-29'),
(95,	10,	47,	NULL,	'008000028',	'tera ulang',	NULL,	NULL,	NULL,	NULL,	NULL,	NULL,	NULL,	'2020-01-29',	'2021-01-29',	NULL,	'baik',	'ditera',	'2020-01-29'),
(96,	10,	48,	NULL,	'008000029',	'tera ulang',	NULL,	NULL,	NULL,	NULL,	NULL,	NULL,	NULL,	'2020-01-29',	'2021-01-29',	NULL,	'baik',	'ditera',	'2020-01-29'),
(97,	10,	49,	NULL,	'008000030',	'tera ulang',	NULL,	NULL,	NULL,	NULL,	NULL,	NULL,	NULL,	'2020-01-29',	'2021-01-29',	NULL,	'baik',	'ditera',	'2020-01-29'),
(98,	11,	50,	NULL,	'009000001',	'tera ulang',	NULL,	NULL,	NULL,	NULL,	NULL,	NULL,	NULL,	'2020-01-30',	'2021-01-30',	NULL,	'baik',	'ditera',	'2020-01-30'),
(99,	11,	51,	NULL,	'009000002',	'tera ulang',	NULL,	NULL,	NULL,	NULL,	NULL,	NULL,	NULL,	'2020-01-30',	'2021-01-30',	NULL,	'baik',	'ditera',	'2020-01-30'),
(100,	11,	52,	NULL,	'009000003',	'tera ulang',	NULL,	NULL,	NULL,	NULL,	NULL,	NULL,	NULL,	'2020-01-30',	'2021-01-30',	NULL,	'baik',	'ditera',	'2020-01-30'),
(101,	11,	53,	NULL,	'009000004',	'tera ulang',	NULL,	NULL,	NULL,	NULL,	NULL,	NULL,	NULL,	'2020-01-30',	'2021-01-30',	NULL,	'baik',	'ditera',	'2020-01-30'),
(102,	11,	54,	NULL,	'009000005',	'tera ulang',	NULL,	NULL,	NULL,	NULL,	NULL,	NULL,	NULL,	'2020-01-30',	'2021-01-30',	NULL,	'baik',	'ditera',	'2020-01-30'),
(103,	11,	55,	NULL,	'009000006',	'tera ulang',	NULL,	NULL,	NULL,	NULL,	NULL,	NULL,	NULL,	'2020-01-30',	'2021-01-30',	NULL,	'baik',	'ditera',	'2020-01-30'),
(104,	11,	56,	NULL,	'009000007',	'tera ulang',	NULL,	NULL,	NULL,	NULL,	NULL,	NULL,	NULL,	'2020-01-30',	'2021-01-30',	NULL,	'baik',	'ditera',	'2020-01-30'),
(105,	11,	57,	NULL,	'009000008',	'tera ulang',	NULL,	NULL,	NULL,	NULL,	NULL,	NULL,	NULL,	'2020-01-30',	'2021-01-30',	NULL,	'baik',	'ditera',	'2020-01-30'),
(106,	11,	58,	NULL,	'009000009',	'tera ulang',	NULL,	NULL,	NULL,	NULL,	NULL,	NULL,	NULL,	'2020-01-30',	'2021-01-30',	NULL,	'baik',	'ditera',	'2020-01-30'),
(107,	11,	59,	NULL,	'009000010',	'tera ulang',	NULL,	NULL,	NULL,	NULL,	NULL,	NULL,	NULL,	'2020-01-30',	'2021-01-30',	NULL,	'baik',	'ditera',	'2020-01-30'),
(108,	11,	60,	NULL,	'009000011',	'tera ulang',	NULL,	NULL,	NULL,	NULL,	NULL,	NULL,	NULL,	'2020-01-30',	'2021-01-30',	NULL,	'baik',	'ditera',	'2020-01-30'),
(109,	11,	61,	NULL,	'009000012',	'tera ulang',	NULL,	NULL,	NULL,	NULL,	NULL,	NULL,	NULL,	'2020-01-30',	'2021-01-30',	NULL,	'baik',	'ditera',	'2020-01-30'),
(110,	11,	62,	NULL,	'009000013',	'tera ulang',	NULL,	NULL,	NULL,	NULL,	NULL,	NULL,	NULL,	'2020-01-30',	'2021-01-30',	NULL,	'baik',	'ditera',	'2020-01-30'),
(111,	11,	63,	NULL,	'009000014',	'tera ulang',	NULL,	NULL,	NULL,	NULL,	NULL,	NULL,	NULL,	'2020-01-30',	'2021-01-30',	NULL,	'baik',	'ditera',	'2020-01-30'),
(112,	11,	64,	NULL,	'009000015',	'tera ulang',	NULL,	NULL,	NULL,	NULL,	NULL,	NULL,	NULL,	'2020-01-30',	'2021-01-30',	NULL,	'baik',	'ditera',	'2020-01-30'),
(113,	11,	65,	NULL,	'009000016',	'tera ulang',	NULL,	NULL,	NULL,	NULL,	NULL,	NULL,	NULL,	'2020-01-30',	'2021-01-30',	NULL,	'baik',	'ditera',	'2020-01-30'),
(114,	11,	66,	NULL,	'009000017',	'tera ulang',	NULL,	NULL,	NULL,	NULL,	NULL,	NULL,	NULL,	'2020-01-30',	'2021-01-30',	NULL,	'baik',	'ditera',	'2020-01-30'),
(115,	11,	67,	NULL,	'009000018',	'tera ulang',	NULL,	NULL,	NULL,	NULL,	NULL,	NULL,	NULL,	'2020-01-30',	'2021-01-30',	NULL,	'baik',	'ditera',	'2020-01-30'),
(116,	11,	68,	NULL,	'009000019',	'tera ulang',	NULL,	NULL,	NULL,	NULL,	NULL,	NULL,	NULL,	'2020-01-30',	'2021-01-30',	NULL,	'baik',	'ditera',	'2020-01-30'),
(117,	11,	69,	NULL,	'009000020',	'tera ulang',	NULL,	NULL,	NULL,	NULL,	NULL,	NULL,	NULL,	'2020-01-30',	'2021-01-30',	NULL,	'baik',	'ditera',	'2020-01-30'),
(118,	11,	70,	NULL,	'009000021',	'tera ulang',	NULL,	NULL,	NULL,	NULL,	NULL,	NULL,	NULL,	'2020-01-30',	'2021-01-30',	NULL,	'baik',	'ditera',	'2020-01-30'),
(119,	11,	71,	NULL,	'009000022',	'tera ulang',	NULL,	NULL,	NULL,	NULL,	NULL,	NULL,	NULL,	'2020-01-30',	'2021-01-30',	NULL,	'baik',	'ditera',	'2020-01-30'),
(120,	11,	72,	NULL,	'009000023',	'tera ulang',	NULL,	NULL,	NULL,	NULL,	NULL,	NULL,	NULL,	'2020-01-30',	'2021-01-30',	NULL,	'baik',	'ditera',	'2020-01-30'),
(121,	11,	73,	NULL,	'009000024',	'tera ulang',	NULL,	NULL,	NULL,	NULL,	NULL,	NULL,	NULL,	'2020-01-30',	'2021-01-30',	NULL,	'baik',	'ditera',	'2020-01-30'),
(122,	14,	74,	NULL,	'011000001',	'tera ulang',	NULL,	NULL,	NULL,	NULL,	NULL,	NULL,	NULL,	'2020-01-20',	'2021-01-20',	NULL,	'baik',	'ditera',	'2020-01-20'),
(123,	14,	75,	NULL,	'011000002',	'tera ulang',	NULL,	NULL,	NULL,	NULL,	NULL,	NULL,	NULL,	'2020-01-20',	'2021-01-20',	NULL,	'baik',	'ditera',	'2020-01-20'),
(124,	14,	76,	NULL,	'011000003',	'tera ulang',	NULL,	NULL,	NULL,	NULL,	NULL,	NULL,	NULL,	'2020-01-20',	'2021-01-20',	NULL,	'baik',	'ditera',	'2020-01-20'),
(125,	14,	77,	NULL,	'011000004',	'tera ulang',	NULL,	NULL,	NULL,	NULL,	NULL,	NULL,	NULL,	'2020-01-20',	'2021-01-20',	NULL,	'baik',	'ditera',	'2020-01-20'),
(126,	14,	78,	NULL,	'011000005',	'tera ulang',	NULL,	NULL,	NULL,	NULL,	NULL,	NULL,	NULL,	'2020-01-20',	'2021-01-20',	NULL,	'baik',	'ditera',	'2020-01-20'),
(127,	14,	79,	NULL,	'011000006',	'tera ulang',	NULL,	NULL,	NULL,	NULL,	NULL,	NULL,	NULL,	'2020-01-20',	'2021-01-20',	NULL,	'baik',	'ditera',	'2020-01-20'),
(128,	14,	80,	NULL,	'011000007',	'tera ulang',	NULL,	NULL,	NULL,	NULL,	NULL,	NULL,	NULL,	'2020-01-20',	'2021-01-20',	NULL,	'baik',	'ditera',	'2020-01-20'),
(129,	14,	81,	NULL,	'011000008',	'tera ulang',	NULL,	NULL,	NULL,	NULL,	NULL,	NULL,	NULL,	'2020-01-20',	'2021-01-20',	NULL,	'baik',	'ditera',	'2020-01-20'),
(130,	14,	82,	NULL,	'011000009',	'tera ulang',	NULL,	NULL,	NULL,	NULL,	NULL,	NULL,	NULL,	'2020-01-20',	'2021-01-20',	NULL,	'baik',	'ditera',	'2020-01-20'),
(131,	14,	83,	NULL,	'011000010',	'tera ulang',	NULL,	NULL,	NULL,	NULL,	NULL,	NULL,	NULL,	'2020-01-20',	'2021-01-20',	NULL,	'baik',	'ditera',	'2020-01-20'),
(132,	14,	84,	NULL,	'011000011',	'tera ulang',	NULL,	NULL,	NULL,	NULL,	NULL,	NULL,	NULL,	'2020-01-20',	'2021-01-20',	NULL,	'baik',	'ditera',	'2020-01-20'),
(133,	14,	85,	NULL,	'011000012',	'tera ulang',	NULL,	NULL,	NULL,	NULL,	NULL,	NULL,	NULL,	'2020-01-20',	'2021-01-20',	NULL,	'baik',	'ditera',	'2020-01-20'),
(134,	14,	86,	NULL,	'011000013',	'tera ulang',	NULL,	NULL,	NULL,	NULL,	NULL,	NULL,	NULL,	'2020-01-20',	'2021-01-20',	NULL,	'baik',	'ditera',	'2020-01-20'),
(135,	14,	87,	NULL,	'011000014',	'tera ulang',	NULL,	NULL,	NULL,	NULL,	NULL,	NULL,	NULL,	'2020-01-20',	'2021-01-20',	NULL,	'baik',	'ditera',	'2020-01-20'),
(136,	14,	88,	NULL,	'011000015',	'tera ulang',	NULL,	NULL,	NULL,	NULL,	NULL,	NULL,	NULL,	'2020-01-20',	'2021-01-20',	NULL,	'baik',	'ditera',	'2020-01-20'),
(137,	14,	89,	NULL,	'011000016',	'tera ulang',	NULL,	NULL,	NULL,	NULL,	NULL,	NULL,	NULL,	'2020-01-20',	'2021-01-20',	NULL,	'baik',	'ditera',	'2020-01-20'),
(138,	14,	90,	NULL,	'011000017',	'tera ulang',	NULL,	NULL,	NULL,	NULL,	NULL,	NULL,	NULL,	'2020-01-20',	'2021-01-20',	NULL,	'baik',	'ditera',	'2020-01-20'),
(139,	14,	91,	NULL,	'011000018',	'tera ulang',	NULL,	NULL,	NULL,	NULL,	NULL,	NULL,	NULL,	'2020-01-20',	'2021-01-20',	NULL,	'baik',	'ditera',	'2020-01-20'),
(140,	14,	92,	NULL,	'011000019',	'tera ulang',	NULL,	NULL,	NULL,	NULL,	NULL,	NULL,	NULL,	'2020-01-20',	'2021-01-20',	NULL,	'baik',	'ditera',	'2020-01-20'),
(141,	14,	93,	NULL,	'011000020',	'tera ulang',	NULL,	NULL,	NULL,	NULL,	NULL,	NULL,	NULL,	'2020-01-20',	'2021-01-20',	NULL,	'baik',	'ditera',	'2020-01-20'),
(142,	14,	94,	NULL,	'011000021',	'tera ulang',	NULL,	NULL,	NULL,	NULL,	NULL,	NULL,	NULL,	'2020-01-20',	'2021-01-20',	NULL,	'baik',	'ditera',	'2020-01-20'),
(143,	14,	95,	NULL,	'011000022',	'tera ulang',	NULL,	NULL,	NULL,	NULL,	NULL,	NULL,	NULL,	'2020-01-20',	'2021-01-20',	NULL,	'baik',	'ditera',	'2020-01-20'),
(145,	14,	97,	NULL,	'011000024',	'tera ulang',	NULL,	NULL,	NULL,	NULL,	NULL,	NULL,	NULL,	'2020-01-20',	'2021-01-20',	NULL,	'baik',	'ditera',	'2020-01-20'),
(146,	14,	98,	NULL,	'011000025',	'tera ulang',	NULL,	NULL,	NULL,	NULL,	NULL,	NULL,	NULL,	'2020-01-20',	'2021-01-20',	NULL,	'baik',	'ditera',	'2020-01-20'),
(147,	14,	99,	NULL,	'011000026',	'tera ulang',	NULL,	NULL,	NULL,	NULL,	NULL,	NULL,	NULL,	'2020-01-20',	'2021-01-20',	NULL,	'baik',	'ditera',	'2020-01-20'),
(148,	14,	100,	NULL,	'011000027',	'tera ulang',	NULL,	NULL,	NULL,	NULL,	NULL,	NULL,	NULL,	'2020-01-20',	'2021-01-20',	NULL,	'baik',	'ditera',	'2020-01-20'),
(149,	14,	101,	NULL,	'011000028',	'tera ulang',	NULL,	NULL,	NULL,	NULL,	NULL,	NULL,	NULL,	'2020-01-20',	'2021-01-20',	NULL,	'baik',	'ditera',	'2020-01-20'),
(150,	14,	102,	NULL,	'011000029',	'tera ulang',	NULL,	NULL,	NULL,	NULL,	NULL,	NULL,	NULL,	'2020-01-20',	'2021-01-20',	NULL,	'baik',	'ditera',	'2020-01-20'),
(151,	14,	103,	NULL,	'011000030',	'tera ulang',	NULL,	NULL,	NULL,	NULL,	NULL,	NULL,	NULL,	'2020-01-20',	'2021-01-20',	NULL,	'baik',	'ditera',	'2020-01-20'),
(152,	14,	104,	NULL,	'011000031',	'tera ulang',	NULL,	NULL,	NULL,	NULL,	NULL,	NULL,	NULL,	'2020-01-20',	'2021-01-20',	NULL,	'baik',	'ditera',	'2020-01-20'),
(153,	14,	105,	NULL,	'011000032',	'tera ulang',	NULL,	NULL,	NULL,	NULL,	NULL,	NULL,	NULL,	'2020-01-20',	'2021-01-20',	NULL,	'baik',	'ditera',	'2020-01-20'),
(154,	14,	106,	NULL,	'011000033',	'tera ulang',	NULL,	NULL,	NULL,	NULL,	NULL,	NULL,	NULL,	'2020-01-20',	'2021-01-20',	NULL,	'baik',	'ditera',	'2020-01-20'),
(155,	14,	107,	NULL,	'011000034',	'tera ulang',	NULL,	NULL,	NULL,	NULL,	NULL,	NULL,	NULL,	'2020-01-20',	'2021-01-20',	NULL,	'baik',	'ditera',	'2020-01-20'),
(156,	14,	108,	NULL,	'011000035',	'tera ulang',	NULL,	NULL,	NULL,	NULL,	NULL,	NULL,	NULL,	'2020-01-20',	'2021-01-20',	NULL,	'baik',	'ditera',	'2020-01-20'),
(157,	14,	109,	NULL,	'011000036',	'tera ulang',	NULL,	NULL,	NULL,	NULL,	NULL,	NULL,	NULL,	'2020-01-20',	'2021-01-20',	NULL,	'baik',	'ditera',	'2020-01-20'),
(159,	14,	111,	NULL,	'011000038',	'tera ulang',	NULL,	NULL,	NULL,	NULL,	NULL,	NULL,	NULL,	'2020-01-20',	'2021-01-20',	NULL,	'baik',	'ditera',	'2020-01-20'),
(160,	14,	112,	NULL,	'011000039',	'tera ulang',	NULL,	NULL,	NULL,	NULL,	NULL,	NULL,	NULL,	'2020-01-20',	'2021-01-20',	NULL,	'baik',	'ditera',	'2020-01-20'),
(163,	10,	115,	NULL,	'008000032',	'tera ulang',	NULL,	NULL,	NULL,	NULL,	NULL,	NULL,	NULL,	'2020-01-29',	'2021-01-29',	NULL,	'baik',	'ditera',	'2020-01-29'),
(164,	14,	116,	NULL,	'011000041',	'tera ulang',	NULL,	NULL,	NULL,	NULL,	NULL,	NULL,	NULL,	'2020-01-20',	'2021-01-20',	NULL,	'baik',	'ditera',	'2020-01-20'),
(165,	14,	117,	NULL,	'011000042',	'tera ulang',	NULL,	NULL,	NULL,	NULL,	NULL,	NULL,	NULL,	'2020-01-20',	'2021-01-20',	NULL,	'baik',	'ditera',	'2020-01-20'),
(166,	14,	118,	NULL,	'011000043',	'tera ulang',	NULL,	NULL,	NULL,	NULL,	NULL,	NULL,	NULL,	'2020-01-20',	'2021-01-20',	NULL,	'baik',	'ditera',	'2020-01-20'),
(167,	14,	119,	NULL,	'011000044',	'tera ulang',	NULL,	NULL,	NULL,	NULL,	NULL,	NULL,	NULL,	'2020-01-20',	'2021-01-20',	NULL,	'baik',	'ditera',	'2020-01-20'),
(168,	14,	120,	NULL,	'011000045',	'tera ulang',	NULL,	NULL,	NULL,	NULL,	NULL,	NULL,	NULL,	'2020-01-20',	'2021-01-20',	NULL,	'baik',	'ditera',	'2020-01-20'),
(169,	14,	121,	NULL,	'011000046',	'tera ulang',	NULL,	NULL,	NULL,	NULL,	NULL,	NULL,	NULL,	'2020-01-20',	'2021-01-20',	NULL,	'baik',	'ditera',	'2020-01-20'),
(170,	14,	122,	NULL,	'011000047',	'tera ulang',	NULL,	NULL,	NULL,	NULL,	NULL,	NULL,	NULL,	'2020-01-20',	'2021-01-20',	NULL,	'baik',	'ditera',	'2020-01-20'),
(171,	14,	123,	NULL,	'011000048',	'tera ulang',	NULL,	NULL,	NULL,	NULL,	NULL,	NULL,	NULL,	'2020-01-20',	'2021-01-20',	NULL,	'baik',	'ditera',	'2020-01-20'),
(173,	14,	125,	NULL,	'011000049',	'tera ulang',	NULL,	NULL,	NULL,	NULL,	NULL,	NULL,	NULL,	'2020-01-20',	'2021-01-20',	NULL,	'baik',	'ditera',	'2020-01-20'),
(174,	14,	126,	NULL,	'011000050',	'tera ulang',	NULL,	NULL,	NULL,	NULL,	NULL,	NULL,	NULL,	'2020-01-20',	'2021-01-20',	NULL,	'baik',	'ditera',	'2020-01-20'),
(175,	14,	127,	NULL,	'011000051',	'tera ulang',	NULL,	NULL,	NULL,	NULL,	NULL,	NULL,	NULL,	'2020-01-20',	'2021-01-20',	NULL,	'baik',	'ditera',	'2020-01-20'),
(177,	14,	129,	NULL,	'011000053',	'tera ulang',	NULL,	NULL,	NULL,	NULL,	NULL,	NULL,	NULL,	'2020-01-20',	'2021-01-20',	NULL,	'baik',	'ditera',	'2020-01-20'),
(178,	14,	130,	NULL,	'011000054',	'tera ulang',	NULL,	NULL,	NULL,	NULL,	NULL,	NULL,	NULL,	'2020-01-20',	'2021-01-20',	NULL,	'baik',	'ditera',	'2020-01-20'),
(179,	14,	131,	NULL,	'011000055',	'tera ulang',	NULL,	NULL,	NULL,	NULL,	NULL,	NULL,	NULL,	'2020-01-20',	'2021-01-20',	NULL,	'baik',	'ditera',	'2020-01-20'),
(180,	14,	132,	NULL,	'011000056',	'tera ulang',	NULL,	NULL,	NULL,	NULL,	NULL,	NULL,	NULL,	'2020-01-20',	'2021-01-20',	NULL,	'baik',	'ditera',	'2020-01-20'),
(181,	13,	133,	NULL,	'010000001',	'tera ulang',	NULL,	NULL,	NULL,	NULL,	NULL,	NULL,	NULL,	'2020-01-22',	'2021-01-22',	NULL,	'baik',	'ditera',	'2020-01-22'),
(182,	13,	134,	NULL,	'010000002',	'tera ulang',	NULL,	NULL,	NULL,	NULL,	NULL,	NULL,	NULL,	'2020-01-22',	'2021-01-22',	NULL,	'baik',	'ditera',	'2020-01-22'),
(183,	13,	135,	NULL,	'010000003',	'tera ulang',	NULL,	NULL,	NULL,	NULL,	NULL,	NULL,	NULL,	'2020-01-22',	'2021-01-22',	NULL,	'baik',	'ditera',	'2020-01-22'),
(184,	13,	136,	NULL,	'010000004',	'tera ulang',	NULL,	NULL,	NULL,	NULL,	NULL,	NULL,	NULL,	'2020-01-22',	'2021-01-22',	NULL,	'baik',	'ditera',	'2020-01-22'),
(185,	13,	137,	NULL,	'010000005',	'tera ulang',	NULL,	NULL,	NULL,	NULL,	NULL,	NULL,	NULL,	'2020-01-22',	'2021-01-22',	NULL,	'baik',	'ditera',	'2020-01-22'),
(186,	13,	138,	NULL,	'010000006',	'tera ulang',	NULL,	NULL,	NULL,	NULL,	NULL,	NULL,	NULL,	'2020-01-22',	'2021-01-22',	NULL,	'baik',	'ditera',	'2020-01-22'),
(187,	13,	139,	NULL,	'010000007',	'tera ulang',	NULL,	NULL,	NULL,	NULL,	NULL,	NULL,	NULL,	'2020-01-22',	'2021-01-22',	NULL,	'baik',	'ditera',	'2020-01-22'),
(188,	13,	140,	NULL,	'010000008',	'tera ulang',	NULL,	NULL,	NULL,	NULL,	NULL,	NULL,	NULL,	'2020-01-22',	'2021-01-22',	NULL,	'baik',	'ditera',	'2020-01-22'),
(189,	13,	141,	NULL,	'010000009',	'tera ulang',	NULL,	NULL,	NULL,	NULL,	NULL,	NULL,	NULL,	'2020-01-22',	'2021-01-22',	NULL,	'baik',	'ditera',	'2020-01-22'),
(190,	13,	142,	NULL,	'010000010',	'tera ulang',	NULL,	NULL,	NULL,	NULL,	NULL,	NULL,	NULL,	'2020-01-22',	'2021-01-22',	NULL,	'baik',	'ditera',	'2020-01-22'),
(191,	13,	143,	NULL,	'010000011',	'tera ulang',	NULL,	NULL,	NULL,	NULL,	NULL,	NULL,	NULL,	'2020-01-22',	'2021-01-22',	NULL,	'baik',	'ditera',	'2020-01-22'),
(192,	13,	144,	NULL,	'010000012',	'tera ulang',	NULL,	NULL,	NULL,	NULL,	NULL,	NULL,	NULL,	'2020-01-22',	'2021-01-22',	NULL,	'baik',	'ditera',	'2020-01-22'),
(193,	13,	145,	NULL,	'010000013',	'tera ulang',	NULL,	NULL,	NULL,	NULL,	NULL,	NULL,	NULL,	'2020-01-22',	'2021-01-22',	NULL,	'baik',	'ditera',	'2020-01-22'),
(194,	13,	146,	NULL,	'010000014',	'tera ulang',	NULL,	NULL,	NULL,	NULL,	NULL,	NULL,	NULL,	'2020-01-22',	'2021-01-22',	NULL,	'baik',	'ditera',	'2020-01-22'),
(195,	13,	147,	NULL,	'010000015',	'tera ulang',	NULL,	NULL,	NULL,	NULL,	NULL,	NULL,	NULL,	'2020-01-22',	'2021-01-22',	NULL,	'baik',	'ditera',	'2020-01-22'),
(196,	13,	148,	NULL,	'010000016',	'tera ulang',	NULL,	NULL,	NULL,	NULL,	NULL,	NULL,	NULL,	'2020-01-22',	'2021-01-22',	NULL,	'baik',	'ditera',	'2020-01-22'),
(197,	13,	149,	NULL,	'010000017',	'tera ulang',	NULL,	NULL,	NULL,	NULL,	NULL,	NULL,	NULL,	'2020-01-22',	'2021-01-22',	NULL,	'baik',	'ditera',	'2020-01-22'),
(198,	13,	150,	NULL,	'010000018',	'tera ulang',	NULL,	NULL,	NULL,	NULL,	NULL,	NULL,	NULL,	'2020-01-22',	'2021-01-22',	NULL,	'baik',	'ditera',	'2020-01-22'),
(199,	13,	151,	NULL,	'010000019',	'tera ulang',	NULL,	NULL,	NULL,	NULL,	NULL,	NULL,	NULL,	'2020-01-22',	'2021-01-22',	NULL,	'baik',	'ditera',	'2020-01-22'),
(200,	13,	152,	NULL,	'010000020',	'tera ulang',	NULL,	NULL,	NULL,	NULL,	NULL,	NULL,	NULL,	'2020-01-22',	'2021-01-22',	NULL,	'baik',	'ditera',	'2020-01-22'),
(201,	13,	153,	NULL,	'010000021',	'tera ulang',	NULL,	NULL,	NULL,	NULL,	NULL,	NULL,	NULL,	'2020-01-22',	'2021-01-22',	NULL,	'baik',	'ditera',	'2020-01-22'),
(202,	13,	154,	NULL,	'010000022',	'tera ulang',	NULL,	NULL,	NULL,	NULL,	NULL,	NULL,	NULL,	'2020-01-22',	'2021-01-22',	NULL,	'baik',	'ditera',	'2020-01-22'),
(203,	13,	155,	NULL,	'010000023',	'tera ulang',	NULL,	NULL,	NULL,	NULL,	NULL,	NULL,	NULL,	'2020-01-22',	'2021-01-22',	NULL,	'baik',	'ditera',	'2020-01-22'),
(204,	13,	156,	NULL,	'010000024',	'tera ulang',	NULL,	NULL,	NULL,	NULL,	NULL,	NULL,	NULL,	'2020-01-22',	'2021-01-22',	NULL,	'baik',	'ditera',	'2020-01-22'),
(205,	13,	157,	NULL,	'010000025',	'tera ulang',	NULL,	NULL,	NULL,	NULL,	NULL,	NULL,	NULL,	'2020-01-22',	'2021-01-22',	NULL,	'baik',	'ditera',	'2020-01-22'),
(206,	13,	158,	NULL,	'010000026',	'tera ulang',	NULL,	NULL,	NULL,	NULL,	NULL,	NULL,	NULL,	'2020-01-22',	'2021-01-22',	NULL,	'baik',	'ditera',	'2020-01-22'),
(207,	13,	159,	NULL,	'010000027',	'tera ulang',	NULL,	NULL,	NULL,	NULL,	NULL,	NULL,	NULL,	'2020-01-22',	'2021-01-22',	NULL,	'baik',	'ditera',	'2020-01-22'),
(208,	10,	160,	NULL,	'008000033',	'tera ulang',	NULL,	NULL,	NULL,	NULL,	NULL,	NULL,	NULL,	'2020-01-29',	'2021-01-29',	NULL,	'baik',	'ditera',	'2020-01-29'),
(209,	14,	161,	NULL,	'011000057',	'tera ulang',	NULL,	NULL,	NULL,	NULL,	NULL,	NULL,	NULL,	'2020-01-20',	'2021-01-20',	NULL,	'baik',	'ditera',	'2020-01-20'),
(238,	17,	190,	NULL,	'010000028',	'tera ulang',	NULL,	NULL,	NULL,	NULL,	NULL,	NULL,	NULL,	'2020-01-23',	'2021-01-23',	NULL,	'baik',	'ditera',	'2020-01-23'),
(239,	17,	191,	NULL,	'010000029',	'tera ulang',	NULL,	NULL,	NULL,	NULL,	NULL,	NULL,	NULL,	'2020-01-23',	'2021-01-23',	NULL,	'baik',	'ditera',	'2020-01-23'),
(240,	17,	192,	NULL,	'010000030',	'tera ulang',	NULL,	NULL,	NULL,	NULL,	NULL,	NULL,	NULL,	'2020-01-23',	'2021-01-23',	NULL,	'baik',	'ditera',	'2020-01-23'),
(241,	17,	193,	NULL,	'010000031',	'tera ulang',	NULL,	NULL,	NULL,	NULL,	NULL,	NULL,	NULL,	'2020-01-23',	'2021-01-23',	NULL,	'baik',	'ditera',	'2020-01-23'),
(242,	17,	194,	NULL,	'010000032',	'tera ulang',	NULL,	NULL,	NULL,	NULL,	NULL,	NULL,	NULL,	'2020-01-23',	'2021-01-23',	NULL,	'baik',	'ditera',	'2020-01-23'),
(243,	17,	195,	NULL,	'010000033',	'tera ulang',	NULL,	NULL,	NULL,	NULL,	NULL,	NULL,	NULL,	'2020-01-23',	'2021-01-23',	NULL,	'baik',	'ditera',	'2020-01-23'),
(244,	17,	196,	NULL,	'010000034',	'tera ulang',	NULL,	NULL,	NULL,	NULL,	NULL,	NULL,	NULL,	'2020-01-23',	'2021-01-23',	NULL,	'baik',	'ditera',	'2020-01-23'),
(245,	17,	197,	NULL,	'010000035',	'tera ulang',	NULL,	NULL,	NULL,	NULL,	NULL,	NULL,	NULL,	'2020-01-23',	'2021-01-23',	NULL,	'baik',	'ditera',	'2020-01-23'),
(246,	17,	198,	NULL,	'010000036',	'tera ulang',	NULL,	NULL,	NULL,	NULL,	NULL,	NULL,	NULL,	'2020-01-23',	'2021-01-23',	NULL,	'baik',	'ditera',	'2020-01-23'),
(247,	17,	199,	NULL,	'010000037',	'tera ulang',	NULL,	NULL,	NULL,	NULL,	NULL,	NULL,	NULL,	'2020-01-23',	'2021-01-23',	NULL,	'baik',	'ditera',	'2020-01-23'),
(248,	17,	200,	NULL,	'010000038',	'tera ulang',	NULL,	NULL,	NULL,	NULL,	NULL,	NULL,	NULL,	'2020-01-23',	'2021-01-23',	NULL,	'baik',	'ditera',	'2020-01-23'),
(249,	17,	201,	NULL,	'010000039',	'tera ulang',	NULL,	NULL,	NULL,	NULL,	NULL,	NULL,	NULL,	'2020-01-23',	'2021-01-23',	NULL,	'baik',	'ditera',	'2020-01-23'),
(250,	17,	202,	NULL,	'010000040',	'tera ulang',	NULL,	NULL,	NULL,	NULL,	NULL,	NULL,	NULL,	'2020-01-23',	'2021-01-23',	NULL,	'baik',	'ditera',	'2020-01-23'),
(251,	17,	203,	NULL,	'010000041',	'tera ulang',	NULL,	NULL,	NULL,	NULL,	NULL,	NULL,	NULL,	'2020-01-23',	'2021-01-23',	NULL,	'baik',	'ditera',	'2020-01-23'),
(252,	17,	204,	NULL,	'010000042',	'tera ulang',	NULL,	NULL,	NULL,	NULL,	NULL,	NULL,	NULL,	'2020-01-23',	'2021-01-23',	NULL,	'baik',	'ditera',	'2020-01-23'),
(253,	17,	205,	NULL,	'010000043',	'tera ulang',	NULL,	NULL,	NULL,	NULL,	NULL,	NULL,	NULL,	'2020-01-23',	'2021-01-23',	NULL,	'baik',	'ditera',	'2020-01-23'),
(254,	17,	206,	NULL,	'010000044',	'tera ulang',	NULL,	NULL,	NULL,	NULL,	NULL,	NULL,	NULL,	'2020-01-23',	'2021-01-23',	NULL,	'baik',	'ditera',	'2020-01-23'),
(255,	17,	207,	NULL,	'010000045',	'tera ulang',	NULL,	NULL,	NULL,	NULL,	NULL,	NULL,	NULL,	'2020-01-23',	'2021-01-23',	NULL,	'baik',	'ditera',	'2020-01-23'),
(256,	17,	208,	NULL,	'010000046',	'tera ulang',	NULL,	NULL,	NULL,	NULL,	NULL,	NULL,	NULL,	'2020-01-23',	'2021-01-23',	NULL,	'baik',	'ditera',	'2020-01-23'),
(257,	17,	209,	NULL,	'010000047',	'tera ulang',	NULL,	NULL,	NULL,	NULL,	NULL,	NULL,	NULL,	'2020-01-23',	'2021-01-23',	NULL,	'baik',	'ditera',	'2020-01-23'),
(258,	17,	210,	NULL,	'010000048',	'tera ulang',	NULL,	NULL,	NULL,	NULL,	NULL,	NULL,	NULL,	'2020-01-23',	'2021-01-23',	NULL,	'baik',	'ditera',	'2020-01-23'),
(259,	17,	211,	NULL,	'010000049',	'tera ulang',	NULL,	NULL,	NULL,	NULL,	NULL,	NULL,	NULL,	'2020-01-23',	'2021-01-23',	NULL,	'baik',	'ditera',	'2020-01-23'),
(260,	17,	212,	NULL,	'010000050',	'tera ulang',	NULL,	NULL,	NULL,	NULL,	NULL,	NULL,	NULL,	'2020-01-23',	'2021-01-23',	NULL,	'baik',	'ditera',	'2020-01-23'),
(261,	17,	213,	NULL,	'010000051',	'tera ulang',	NULL,	NULL,	NULL,	NULL,	NULL,	NULL,	NULL,	'2020-01-23',	'2021-01-23',	NULL,	'baik',	'ditera',	'2020-01-23'),
(262,	17,	214,	NULL,	'010000052',	'tera ulang',	NULL,	NULL,	NULL,	NULL,	NULL,	NULL,	NULL,	'2020-01-23',	'2021-01-23',	NULL,	'baik',	'ditera',	'2020-01-23'),
(263,	17,	215,	NULL,	'010000053',	'tera ulang',	NULL,	NULL,	NULL,	NULL,	NULL,	NULL,	NULL,	'2020-01-23',	'2021-01-23',	NULL,	'baik',	'ditera',	'2020-01-23'),
(264,	17,	216,	NULL,	'010000054',	'tera ulang',	NULL,	NULL,	NULL,	NULL,	NULL,	NULL,	NULL,	'2020-01-23',	'2021-01-23',	NULL,	'baik',	'ditera',	'2020-01-23'),
(265,	17,	217,	NULL,	'010000055',	'tera ulang',	NULL,	NULL,	NULL,	NULL,	NULL,	NULL,	NULL,	'2020-01-23',	'2021-01-23',	NULL,	'baik',	'ditera',	'2020-01-23'),
(266,	17,	218,	NULL,	'010000056',	'tera ulang',	NULL,	NULL,	NULL,	NULL,	NULL,	NULL,	NULL,	'2020-01-23',	'2021-01-23',	NULL,	'baik',	'ditera',	'2020-01-23'),
(267,	18,	219,	NULL,	'012000001',	'tera ulang',	NULL,	NULL,	NULL,	NULL,	NULL,	NULL,	NULL,	'2020-01-28',	'2021-01-28',	NULL,	'baik',	'ditera',	'2020-01-28'),
(268,	18,	220,	NULL,	'012000002',	'tera ulang',	NULL,	NULL,	NULL,	NULL,	NULL,	NULL,	NULL,	'2020-01-28',	'2021-01-28',	NULL,	'baik',	'ditera',	'2020-01-28'),
(269,	18,	221,	NULL,	'012000003',	'tera ulang',	NULL,	NULL,	NULL,	NULL,	NULL,	NULL,	NULL,	'2020-01-28',	'2021-01-28',	NULL,	'baik',	'ditera',	'2020-01-28'),
(270,	18,	222,	NULL,	'012000004',	'tera ulang',	NULL,	NULL,	NULL,	NULL,	NULL,	NULL,	NULL,	'2020-01-28',	'2021-01-28',	NULL,	'baik',	'ditera',	'2020-01-28'),
(271,	18,	223,	NULL,	'012000005',	'tera ulang',	NULL,	NULL,	NULL,	NULL,	NULL,	NULL,	NULL,	'2020-01-28',	'2021-01-28',	NULL,	'baik',	'ditera',	'2020-01-28'),
(272,	18,	224,	NULL,	'012000006',	'tera ulang',	NULL,	NULL,	NULL,	NULL,	NULL,	NULL,	NULL,	'2020-01-28',	'2021-01-28',	NULL,	'baik',	'ditera',	'2020-01-28'),
(273,	18,	225,	NULL,	'012000007',	'tera ulang',	NULL,	NULL,	NULL,	NULL,	NULL,	NULL,	NULL,	'2020-01-28',	'2021-01-28',	NULL,	'baik',	'ditera',	'2020-01-28'),
(274,	18,	226,	NULL,	'012000008',	'tera ulang',	NULL,	NULL,	NULL,	NULL,	NULL,	NULL,	NULL,	'2020-01-28',	'2021-01-28',	NULL,	'baik',	'ditera',	'2020-01-28'),
(275,	18,	227,	NULL,	'012000009',	'tera ulang',	NULL,	NULL,	NULL,	NULL,	NULL,	NULL,	NULL,	'2020-01-28',	'2021-01-28',	NULL,	'baik',	'ditera',	'2020-01-28'),
(276,	18,	228,	NULL,	'012000010',	'tera ulang',	NULL,	NULL,	NULL,	NULL,	NULL,	NULL,	NULL,	'2020-01-28',	'2021-01-28',	NULL,	'baik',	'ditera',	'2020-01-28'),
(277,	18,	229,	NULL,	'012000011',	'tera ulang',	NULL,	NULL,	NULL,	NULL,	NULL,	NULL,	NULL,	'2020-01-28',	'2021-01-28',	NULL,	'baik',	'ditera',	'2020-01-28'),
(278,	18,	230,	NULL,	'012000012',	'tera ulang',	NULL,	NULL,	NULL,	NULL,	NULL,	NULL,	NULL,	'2020-01-28',	'2021-01-28',	NULL,	'baik',	'ditera',	'2020-01-28'),
(280,	18,	232,	NULL,	'012000013',	'tera ulang',	NULL,	NULL,	NULL,	NULL,	NULL,	NULL,	NULL,	'2020-01-28',	'2021-01-28',	NULL,	'baik',	'ditera',	'2020-01-28'),
(281,	18,	233,	NULL,	'012000014',	'tera ulang',	NULL,	NULL,	NULL,	NULL,	NULL,	NULL,	NULL,	'2020-01-28',	'2021-01-28',	NULL,	'baik',	'ditera',	'2020-01-28'),
(282,	18,	234,	NULL,	'012000015',	'tera ulang',	NULL,	NULL,	NULL,	NULL,	NULL,	NULL,	NULL,	'2020-01-28',	'2021-01-28',	NULL,	'baik',	'ditera',	'2020-01-28'),
(283,	18,	235,	NULL,	'012000016',	'tera ulang',	NULL,	NULL,	NULL,	NULL,	NULL,	NULL,	NULL,	'2020-01-28',	'2021-01-28',	NULL,	'baik',	'ditera',	'2020-01-28'),
(284,	18,	236,	NULL,	'012000017',	'tera ulang',	NULL,	NULL,	NULL,	NULL,	NULL,	NULL,	NULL,	'2020-01-28',	'2021-01-28',	NULL,	'baik',	'ditera',	'2020-01-28'),
(285,	18,	237,	NULL,	'012000018',	'tera ulang',	NULL,	NULL,	NULL,	NULL,	NULL,	NULL,	NULL,	'2020-01-28',	'2021-01-28',	NULL,	'baik',	'ditera',	'2020-01-28'),
(286,	18,	238,	NULL,	'012000019',	'tera ulang',	NULL,	NULL,	NULL,	NULL,	NULL,	NULL,	NULL,	'2020-01-28',	'2021-01-28',	NULL,	'baik',	'ditera',	'2020-01-28'),
(287,	18,	239,	NULL,	'012000020',	'tera ulang',	NULL,	NULL,	NULL,	NULL,	NULL,	NULL,	NULL,	'2020-01-28',	'2021-01-28',	NULL,	'baik',	'ditera',	'2020-01-28'),
(288,	18,	240,	NULL,	'012000021',	'tera ulang',	NULL,	NULL,	NULL,	NULL,	NULL,	NULL,	NULL,	'2020-01-28',	'2021-01-28',	NULL,	'baik',	'ditera',	'2020-01-28'),
(289,	18,	241,	NULL,	'012000022',	'tera ulang',	NULL,	NULL,	NULL,	NULL,	NULL,	NULL,	NULL,	'2020-01-28',	'2021-01-28',	NULL,	'baik',	'ditera',	'2020-01-28'),
(291,	18,	243,	NULL,	'012000023',	'tera ulang',	NULL,	NULL,	NULL,	NULL,	NULL,	NULL,	NULL,	'2020-01-28',	'2021-01-28',	NULL,	'baik',	'ditera',	'2020-01-28'),
(292,	18,	244,	NULL,	'012000024',	'tera ulang',	NULL,	NULL,	NULL,	NULL,	NULL,	NULL,	NULL,	'2020-01-28',	'2021-01-28',	NULL,	'baik',	'ditera',	'2020-01-28'),
(293,	18,	245,	NULL,	'012000025',	'tera ulang',	NULL,	NULL,	NULL,	NULL,	NULL,	NULL,	NULL,	'2020-01-28',	'2021-01-28',	NULL,	'baik',	'ditera',	'2020-01-28'),
(295,	18,	247,	NULL,	'012000026',	'tera ulang',	NULL,	NULL,	NULL,	NULL,	NULL,	NULL,	NULL,	'2020-01-28',	'2021-01-28',	NULL,	'baik',	'ditera',	'2020-01-28'),
(296,	18,	248,	NULL,	'012000027',	'tera ulang',	NULL,	NULL,	NULL,	NULL,	NULL,	NULL,	NULL,	'2020-01-28',	'2021-01-28',	NULL,	'baik',	'ditera',	'2020-01-28'),
(297,	18,	249,	NULL,	'012000028',	'tera ulang',	NULL,	NULL,	NULL,	NULL,	NULL,	NULL,	NULL,	'2020-01-28',	'2021-01-28',	NULL,	'baik',	'ditera',	'2020-01-28'),
(298,	18,	250,	NULL,	'012000029',	'tera ulang',	NULL,	NULL,	NULL,	NULL,	NULL,	NULL,	NULL,	'2020-01-28',	'2021-01-28',	NULL,	'baik',	'ditera',	'2020-01-28'),
(299,	18,	251,	NULL,	'012000030',	'tera ulang',	NULL,	NULL,	NULL,	NULL,	NULL,	NULL,	NULL,	'2020-01-28',	'2021-01-28',	NULL,	'baik',	'ditera',	'2020-01-28'),
(300,	18,	252,	NULL,	'012000031',	'tera ulang',	NULL,	NULL,	NULL,	NULL,	NULL,	NULL,	NULL,	'2020-01-28',	'2021-01-28',	NULL,	'baik',	'ditera',	'2020-01-28'),
(301,	18,	253,	NULL,	'012000032',	'tera ulang',	NULL,	NULL,	NULL,	NULL,	NULL,	NULL,	NULL,	'2020-01-28',	'2021-01-28',	NULL,	'baik',	'ditera',	'2020-01-28'),
(302,	18,	254,	NULL,	'012000033',	'tera ulang',	NULL,	NULL,	NULL,	NULL,	NULL,	NULL,	NULL,	'2020-01-28',	'2021-01-28',	NULL,	'baik',	'ditera',	'2020-01-28'),
(303,	18,	255,	NULL,	'012000034',	'tera ulang',	NULL,	NULL,	NULL,	NULL,	NULL,	NULL,	NULL,	'2020-01-28',	'2021-01-28',	NULL,	'baik',	'ditera',	'2020-01-28'),
(304,	18,	256,	NULL,	'012000035',	'tera ulang',	NULL,	NULL,	NULL,	NULL,	NULL,	NULL,	NULL,	'2020-01-28',	'2021-01-28',	NULL,	'baik',	'ditera',	'2020-01-28'),
(305,	18,	257,	NULL,	'012000036',	'tera ulang',	NULL,	NULL,	NULL,	NULL,	NULL,	NULL,	NULL,	'2020-01-28',	'2021-01-28',	NULL,	'baik',	'ditera',	'2020-01-28'),
(306,	18,	258,	NULL,	'012000037',	'tera ulang',	NULL,	NULL,	NULL,	NULL,	NULL,	NULL,	NULL,	'2020-01-28',	'2021-01-28',	NULL,	'baik',	'ditera',	'2020-01-28'),
(307,	18,	259,	NULL,	'012000038',	'tera ulang',	NULL,	NULL,	NULL,	NULL,	NULL,	NULL,	NULL,	'2020-01-28',	'2021-01-28',	NULL,	'baik',	'ditera',	'2020-01-28');

DROP TABLE IF EXISTS `tbl_list_sidang_timbang`;
CREATE TABLE `tbl_list_sidang_timbang` (
  `id_detail_timbang` int(11) NOT NULL AUTO_INCREMENT,
  `id_list_sidang` int(11) DEFAULT NULL,
  `id_jenis_alat` int(4) DEFAULT NULL,
  `kapasitas` varchar(30) DEFAULT NULL,
  `id_tarif_timbang` int(4) DEFAULT NULL,
  `jml_timbang` int(4) DEFAULT NULL,
  PRIMARY KEY (`id_detail_timbang`),
  KEY `tbl_list_sidang_timbang_ibfk_1` (`id_list_sidang`),
  CONSTRAINT `tbl_list_sidang_timbang_ibfk_1` FOREIGN KEY (`id_list_sidang`) REFERENCES `tbl_list_sidang_new` (`id_list_sidang`) ON DELETE CASCADE ON UPDATE CASCADE
) ENGINE=InnoDB DEFAULT CHARSET=latin1;

INSERT INTO `tbl_list_sidang_timbang` (`id_detail_timbang`, `id_list_sidang`, `id_jenis_alat`, `kapasitas`, `id_tarif_timbang`, `jml_timbang`) VALUES
(74,	68,	1,	'10 kg',	169,	1),
(76,	70,	1,	'10 kg',	169,	1),
(77,	71,	1,	'10 kg',	169,	1),
(78,	72,	1,	'10 kg',	169,	1),
(79,	73,	1,	'10 kg',	169,	1),
(80,	74,	1,	'10 kg',	169,	1),
(81,	75,	1,	'10 kg',	169,	1),
(82,	76,	1,	'10 kg',	169,	1),
(83,	77,	1,	'10 kg',	169,	1),
(84,	78,	1,	'10 kg',	169,	1),
(85,	79,	1,	'10 kg',	169,	1),
(86,	80,	1,	'10 kg',	169,	1),
(87,	81,	1,	'10 kg',	169,	1),
(88,	82,	1,	'10 kg',	169,	1),
(89,	83,	1,	'10 kg',	169,	1),
(90,	84,	1,	'10 kg',	169,	1),
(91,	85,	1,	'10 kg',	169,	1),
(92,	86,	1,	'10 kg',	169,	1),
(93,	87,	1,	'10 kg',	169,	1),
(94,	88,	1,	'10 kg',	169,	1),
(95,	89,	1,	'10 kg',	169,	1),
(96,	90,	1,	'10 kg',	169,	1),
(97,	91,	1,	'10 kg',	169,	1),
(99,	93,	1,	'10 kg',	169,	1),
(100,	94,	1,	'10 kg',	169,	1),
(101,	95,	1,	'10 kg',	169,	1),
(102,	96,	3,	'5 kg',	189,	1),
(103,	97,	1,	'10 kg',	169,	1),
(104,	98,	1,	'10 kg',	169,	1),
(105,	99,	1,	'10 kg',	169,	1),
(106,	100,	1,	'10 kg',	169,	1),
(107,	101,	1,	'10 kg',	169,	1),
(108,	102,	1,	'10 kg',	169,	1),
(109,	103,	1,	'10 kg',	169,	1),
(110,	104,	1,	'10 kg',	169,	1),
(111,	105,	1,	'10 kg',	169,	1),
(112,	106,	1,	'10 kg',	169,	1),
(113,	107,	1,	'10 kg',	169,	1),
(114,	108,	1,	'10 kg',	169,	1),
(115,	109,	1,	'10 kg',	169,	3),
(116,	110,	1,	'10 kg',	169,	1),
(117,	111,	1,	'10 kg',	169,	1),
(118,	112,	1,	'10 kg',	169,	1),
(119,	113,	1,	'10 kg',	169,	1),
(120,	114,	1,	'10 kg',	169,	2),
(121,	115,	1,	'10 kg',	169,	1),
(122,	116,	1,	'10 kg',	169,	1),
(123,	117,	2,	'300 kg',	180,	1),
(124,	118,	1,	'10 kg',	169,	1),
(125,	119,	1,	'10 kg',	169,	1),
(126,	120,	1,	'10 kg',	169,	1),
(127,	121,	1,	'10 kg',	169,	1),
(128,	122,	1,	'10 kg',	169,	1),
(129,	123,	1,	'10 kg',	169,	1),
(130,	124,	1,	'10 kg',	169,	1),
(131,	125,	1,	'10 kg',	169,	1),
(132,	126,	1,	'10 kg',	169,	1),
(133,	127,	1,	'10 kg',	169,	1),
(134,	128,	1,	'10 kg',	169,	1),
(135,	129,	1,	'10 kg',	169,	1),
(136,	130,	1,	'10 kg',	169,	1),
(137,	131,	1,	'10 kg',	169,	1),
(138,	132,	1,	'10 kg',	169,	1),
(139,	133,	1,	'10 kg',	169,	1),
(140,	134,	1,	'10 kg',	169,	1),
(141,	135,	1,	'10 kg',	169,	1),
(142,	136,	1,	'10 kg',	169,	1),
(143,	137,	2,	'100 kg',	179,	1),
(144,	138,	1,	'10 kg',	169,	1),
(145,	139,	1,	'10 kg',	169,	1),
(146,	140,	1,	'10 kg',	169,	1),
(147,	141,	1,	'10 kg',	169,	1),
(148,	142,	1,	'10 kg',	169,	1),
(149,	143,	1,	'10 kg',	169,	1),
(151,	145,	1,	'10 kg',	169,	1),
(152,	146,	1,	'10 kg',	169,	1),
(153,	147,	1,	'10 kg',	169,	1),
(154,	148,	1,	'10 kg',	169,	1),
(155,	149,	1,	'10 kg',	169,	1),
(156,	150,	1,	'10 kg',	169,	1),
(157,	151,	1,	'10 kg',	169,	1),
(158,	152,	1,	'10 kg',	169,	1),
(159,	153,	1,	'10 kg',	169,	1),
(160,	154,	1,	'10 kg',	169,	1),
(161,	155,	1,	'10 kg',	169,	1),
(162,	156,	2,	'300 kg',	180,	1),
(163,	157,	1,	'10 kg',	169,	1),
(165,	159,	2,	'300 kg',	180,	1),
(166,	160,	1,	'10 kg',	169,	1),
(169,	163,	2,	'300 kg',	180,	1),
(170,	164,	1,	'10 kg',	169,	1),
(171,	165,	4,	'20 kg',	185,	1),
(172,	166,	4,	'20 kg',	185,	1),
(173,	167,	2,	'300 kg',	180,	1),
(174,	168,	1,	'10 kg',	169,	1),
(175,	169,	3,	'20 kg',	189,	1),
(176,	170,	2,	'300 kg',	180,	2),
(177,	171,	1,	'10 kg',	169,	1),
(179,	173,	2,	'100 kg',	179,	1),
(180,	174,	1,	'10 kg',	169,	1),
(181,	175,	1,	'10 kg',	169,	1),
(183,	177,	1,	'10 kg',	169,	1),
(184,	178,	2,	'300 kg',	180,	1),
(185,	179,	5,	'30 kg',	178,	1),
(186,	180,	2,	'300 kg',	180,	1),
(187,	181,	1,	'10 kg',	169,	1),
(188,	182,	4,	'20 kg',	185,	1),
(189,	183,	1,	'10 kg',	169,	1),
(190,	184,	1,	'10 kg',	169,	1),
(191,	185,	2,	'300 kg',	180,	2),
(192,	186,	1,	'10 kg',	169,	1),
(193,	187,	1,	'10 kg',	169,	1),
(194,	188,	1,	'10 kg',	169,	1),
(195,	189,	1,	'10 kg',	169,	1),
(196,	190,	1,	'10 kg',	169,	1),
(197,	191,	1,	'10 kg',	169,	1),
(198,	192,	1,	'10 kg',	169,	1),
(199,	193,	1,	'10 kg',	169,	1),
(200,	194,	1,	'10 kg',	169,	1),
(201,	195,	1,	'10 kg',	169,	1),
(202,	196,	1,	'10 kg',	169,	1),
(203,	197,	1,	'10 kg',	169,	2),
(204,	198,	1,	'10 kg',	169,	1),
(205,	199,	1,	'10 kg',	169,	1),
(206,	200,	1,	'10 kg',	169,	1),
(207,	201,	1,	'10 kg',	169,	1),
(208,	202,	3,	'50 kg',	190,	1),
(209,	203,	2,	'300 kg',	180,	1),
(210,	204,	1,	'10 kg',	169,	1),
(211,	205,	1,	'10 kg',	169,	1),
(212,	206,	1,	'10 kg',	169,	1),
(213,	207,	2,	'100 kg',	179,	1),
(214,	208,	1,	'10 kg',	169,	1),
(215,	209,	1,	'10 kg',	169,	3),
(244,	238,	1,	'10 kg',	169,	1),
(245,	239,	1,	'10 kg',	169,	1),
(246,	240,	1,	'10 kg',	169,	1),
(247,	241,	4,	'30 kg',	186,	2),
(248,	242,	1,	'10 kg',	169,	1),
(249,	243,	1,	'10 kg',	169,	1),
(250,	244,	3,	'50 kg',	190,	1),
(251,	245,	1,	'10 kg',	169,	1),
(252,	246,	1,	'10 kg',	169,	1),
(253,	247,	1,	'10 kg',	169,	1),
(254,	248,	1,	'10 kg',	169,	1),
(255,	249,	4,	'20 kg',	185,	1),
(256,	250,	1,	'10 kg',	169,	1),
(257,	251,	1,	'10 kg',	169,	1),
(258,	252,	1,	'10 kg',	169,	1),
(259,	253,	1,	'10 kg',	169,	1),
(260,	254,	1,	'10 kg',	169,	1),
(261,	255,	1,	'10 kg',	169,	1),
(262,	256,	1,	'10 kg',	169,	1),
(263,	257,	4,	'20 kg',	185,	1),
(264,	258,	1,	'10 kg',	169,	1),
(265,	259,	1,	'10 kg',	169,	1),
(266,	260,	1,	'10 kg',	169,	1),
(267,	261,	1,	'10 kg',	169,	1),
(268,	262,	1,	'10 kg',	169,	1),
(269,	263,	3,	'30 kg',	190,	1),
(270,	264,	1,	'10 kg',	169,	1),
(271,	265,	1,	'10 kg',	169,	1),
(272,	266,	1,	'10 kg',	169,	1),
(273,	267,	1,	'10 kg',	169,	1),
(274,	268,	3,	'30 kg',	190,	1),
(275,	269,	1,	'10 kg',	169,	1),
(276,	270,	1,	'10 kg',	169,	1),
(277,	271,	1,	'10 kg',	169,	1),
(278,	272,	1,	'10 kg',	169,	1),
(279,	273,	1,	'10 kg',	169,	1),
(280,	274,	3,	'30 kg',	190,	1),
(281,	275,	1,	'10 kg',	169,	1),
(282,	276,	2,	'300 kg',	180,	1),
(283,	277,	1,	'10 kg',	169,	1),
(284,	278,	1,	'10 kg',	169,	1),
(286,	280,	1,	'10 kg',	169,	1),
(287,	281,	1,	'10 kg',	169,	1),
(288,	282,	2,	'300 kg',	180,	1),
(289,	283,	1,	'10 kg',	169,	1),
(290,	284,	1,	'10 kg',	169,	1),
(291,	285,	1,	'10 kg',	169,	1),
(292,	286,	1,	'10 kg',	169,	1),
(293,	287,	3,	'30 kg',	190,	1),
(294,	288,	1,	'10 kg',	169,	1),
(295,	289,	1,	'10 kg',	169,	1),
(297,	291,	1,	'10 kg',	169,	1),
(298,	292,	1,	'10 kg',	169,	1),
(299,	293,	1,	'10 kg',	169,	1),
(301,	295,	25,	'5 kg',	164,	2),
(302,	296,	4,	'20 kg',	185,	1),
(303,	297,	1,	'10 kg',	169,	1),
(304,	298,	1,	'10 kg',	169,	1),
(305,	299,	1,	'10 kg',	169,	1),
(306,	300,	1,	'10 kg',	169,	1),
(307,	301,	1,	'10 kg',	169,	1),
(308,	302,	1,	'10 kg',	169,	1),
(309,	303,	1,	'10 kg',	169,	1),
(310,	304,	3,	'30 kg',	190,	1),
(311,	305,	3,	'30 kg',	190,	1),
(312,	306,	1,	'10 kg',	169,	1),
(313,	307,	1,	'10 kg',	169,	1);

DROP TABLE IF EXISTS `tbl_list_tera`;
CREATE TABLE `tbl_list_tera` (
  `id_list` int(11) NOT NULL AUTO_INCREMENT,
  `id_daftar` int(11) DEFAULT NULL,
  `id_uttp` int(11) DEFAULT NULL,
  `id_tarif` int(11) DEFAULT NULL,
  `extra_tarif` varchar(30) DEFAULT NULL COMMENT 'Ex: 12, 13, 135',
  `jumlah_uttp` int(4) DEFAULT NULL,
  PRIMARY KEY (`id_list`),
  KEY `tbl_list_tera_ibfk_1` (`id_daftar`),
  KEY `tbl_list_tera_ibfk_2` (`id_uttp`),
  KEY `tbl_list_tera_ibfk_3` (`id_tarif`),
  CONSTRAINT `tbl_list_tera_ibfk_1` FOREIGN KEY (`id_daftar`) REFERENCES `tbl_pendaftaran` (`id_daftar`) ON DELETE CASCADE ON UPDATE CASCADE,
  CONSTRAINT `tbl_list_tera_ibfk_2` FOREIGN KEY (`id_uttp`) REFERENCES `tbl_uttp` (`id_uttp`) ON DELETE CASCADE ON UPDATE CASCADE,
  CONSTRAINT `tbl_list_tera_ibfk_3` FOREIGN KEY (`id_tarif`) REFERENCES `tbl_tarif` (`id_tarif`) ON DELETE CASCADE ON UPDATE CASCADE
) ENGINE=InnoDB DEFAULT CHARSET=latin1;

INSERT INTO `tbl_list_tera` (`id_list`, `id_daftar`, `id_uttp`, `id_tarif`, `extra_tarif`, `jumlah_uttp`) VALUES
(30,	24,	3216,	NULL,	NULL,	1),
(31,	25,	3216,	52,	NULL,	5),
(32,	26,	3215,	68,	NULL,	5),
(33,	27,	3220,	101,	NULL,	2),
(34,	28,	3219,	101,	NULL,	2),
(35,	29,	3218,	101,	NULL,	2),
(36,	30,	3217,	101,	NULL,	2),
(37,	31,	3226,	84,	NULL,	1),
(38,	32,	3227,	28,	NULL,	1),
(40,	33,	3225,	101,	NULL,	2),
(41,	33,	3224,	101,	NULL,	4),
(42,	33,	3223,	101,	NULL,	2),
(43,	33,	3222,	101,	NULL,	2),
(44,	34,	3234,	101,	NULL,	2),
(45,	34,	3233,	101,	NULL,	3),
(46,	34,	3232,	101,	NULL,	2),
(47,	34,	3231,	101,	NULL,	2),
(48,	34,	3230,	101,	NULL,	2),
(49,	34,	3229,	101,	NULL,	2),
(50,	35,	3242,	28,	NULL,	1),
(51,	35,	3240,	101,	NULL,	2),
(52,	35,	3239,	101,	NULL,	4),
(53,	35,	3238,	101,	NULL,	2),
(54,	35,	3237,	101,	NULL,	4),
(55,	35,	3236,	101,	NULL,	2),
(56,	36,	3241,	84,	NULL,	1),
(57,	37,	3285,	101,	NULL,	2),
(58,	37,	3283,	101,	NULL,	4),
(59,	37,	3282,	101,	NULL,	4),
(60,	37,	3281,	101,	NULL,	4),
(63,	40,	3288,	28,	NULL,	1),
(64,	39,	3287,	84,	NULL,	1),
(65,	41,	3292,	84,	NULL,	1),
(69,	42,	3296,	101,	NULL,	2),
(70,	42,	3295,	101,	NULL,	6),
(71,	42,	3294,	101,	NULL,	5),
(72,	42,	3293,	28,	NULL,	1),
(73,	43,	3324,	84,	NULL,	1),
(74,	44,	3326,	28,	NULL,	1),
(75,	44,	3322,	101,	NULL,	4),
(76,	44,	3321,	101,	NULL,	4),
(77,	44,	3319,	101,	NULL,	2),
(78,	44,	3317,	101,	NULL,	2),
(84,	45,	3345,	101,	NULL,	4),
(85,	45,	3344,	101,	NULL,	4),
(86,	45,	3343,	101,	NULL,	4),
(87,	45,	3342,	101,	NULL,	4),
(88,	46,	3355,	84,	NULL,	1),
(89,	47,	3361,	101,	NULL,	2),
(90,	47,	3359,	101,	NULL,	2),
(91,	47,	3357,	101,	NULL,	4),
(92,	47,	3353,	28,	NULL,	1),
(97,	49,	3385,	84,	NULL,	1),
(98,	50,	3389,	101,	NULL,	2),
(99,	50,	3388,	101,	NULL,	2),
(100,	50,	3387,	101,	NULL,	3),
(101,	50,	3386,	101,	NULL,	2),
(114,	48,	3384,	190,	NULL,	1),
(115,	48,	3383,	190,	NULL,	1),
(116,	48,	3390,	157,	NULL,	2),
(117,	48,	3404,	19,	NULL,	1),
(118,	48,	3402,	19,	NULL,	1),
(119,	48,	3400,	19,	NULL,	1),
(120,	48,	3398,	19,	NULL,	1),
(121,	48,	3397,	19,	NULL,	1),
(122,	48,	3395,	19,	NULL,	1),
(123,	48,	3392,	19,	NULL,	1),
(124,	48,	3391,	19,	NULL,	1),
(125,	48,	3403,	19,	NULL,	1),
(126,	48,	3393,	19,	NULL,	1),
(127,	48,	3401,	19,	NULL,	1),
(128,	48,	3396,	19,	NULL,	1),
(129,	48,	3394,	19,	NULL,	1),
(130,	48,	3399,	19,	NULL,	1),
(131,	51,	3407,	84,	NULL,	1),
(132,	52,	3411,	101,	NULL,	1),
(133,	52,	3410,	101,	NULL,	2),
(134,	52,	3409,	101,	NULL,	2),
(135,	52,	3408,	28,	NULL,	1),
(136,	53,	3412,	28,	NULL,	1),
(137,	53,	3417,	101,	NULL,	1),
(138,	53,	3416,	101,	NULL,	2),
(139,	53,	3415,	101,	NULL,	5),
(140,	53,	3414,	101,	NULL,	5),
(141,	53,	3413,	101,	NULL,	2),
(142,	54,	3419,	84,	NULL,	1),
(143,	55,	3418,	28,	NULL,	1),
(144,	55,	3423,	101,	NULL,	3),
(145,	55,	3422,	101,	NULL,	6),
(146,	55,	3421,	101,	NULL,	4),
(147,	55,	3420,	101,	NULL,	4),
(148,	56,	3429,	101,	NULL,	4),
(149,	56,	3428,	101,	NULL,	2),
(150,	56,	3427,	101,	NULL,	2),
(151,	56,	3426,	101,	NULL,	2),
(152,	56,	3425,	101,	NULL,	2),
(153,	56,	3424,	101,	NULL,	3),
(154,	57,	3430,	101,	NULL,	2),
(155,	58,	3431,	101,	NULL,	1),
(156,	59,	3432,	101,	NULL,	5),
(157,	60,	3382,	199,	NULL,	1),
(158,	60,	3381,	193,	NULL,	1),
(159,	60,	3380,	193,	NULL,	1),
(160,	60,	3379,	193,	NULL,	1),
(161,	60,	3378,	190,	NULL,	1),
(162,	60,	3377,	190,	NULL,	1),
(163,	60,	3376,	195,	NULL,	1),
(164,	61,	3375,	190,	NULL,	1),
(165,	61,	3374,	195,	NULL,	1),
(166,	61,	3373,	194,	NULL,	1),
(167,	61,	3372,	195,	NULL,	1),
(168,	61,	3371,	195,	NULL,	1),
(169,	61,	3370,	191,	NULL,	1),
(170,	62,	3433,	156,	NULL,	1),
(171,	62,	3369,	190,	NULL,	1),
(172,	63,	3434,	158,	NULL,	12),
(173,	63,	3368,	194,	NULL,	1),
(174,	64,	3367,	199,	NULL,	1),
(175,	64,	3366,	199,	NULL,	1),
(176,	64,	3365,	193,	NULL,	1),
(177,	64,	3364,	193,	NULL,	1),
(178,	64,	3363,	193,	NULL,	1),
(179,	64,	3362,	191,	NULL,	1),
(180,	64,	3360,	192,	NULL,	1),
(181,	64,	3358,	190,	NULL,	1),
(182,	64,	3356,	190,	NULL,	1),
(183,	64,	3354,	189,	NULL,	1),
(184,	64,	3352,	195,	NULL,	1),
(185,	64,	3351,	195,	NULL,	1),
(186,	64,	3350,	195,	NULL,	1),
(187,	64,	3349,	195,	NULL,	1),
(188,	64,	3348,	195,	NULL,	1),
(189,	64,	3347,	195,	NULL,	1),
(190,	65,	3435,	28,	NULL,	1),
(191,	65,	3438,	101,	NULL,	4),
(192,	65,	3437,	101,	NULL,	2),
(193,	65,	3436,	101,	NULL,	2),
(194,	66,	3346,	190,	NULL,	1),
(195,	67,	3341,	190,	NULL,	1),
(196,	68,	3340,	199,	NULL,	1),
(197,	69,	3440,	101,	NULL,	6),
(198,	69,	3443,	101,	NULL,	4),
(199,	69,	3442,	101,	NULL,	1),
(200,	69,	3441,	101,	NULL,	2),
(201,	69,	3439,	28,	NULL,	1),
(202,	70,	3339,	195,	NULL,	1),
(203,	70,	3338,	194,	NULL,	3),
(204,	70,	3337,	195,	NULL,	1),
(205,	70,	3336,	195,	NULL,	1),
(206,	70,	3335,	194,	NULL,	1),
(207,	71,	3334,	190,	NULL,	1),
(208,	71,	3333,	190,	NULL,	1),
(209,	72,	3332,	195,	NULL,	1),
(210,	72,	3331,	194,	NULL,	1),
(211,	73,	3330,	190,	NULL,	1),
(212,	74,	3444,	28,	NULL,	1),
(213,	75,	3449,	101,	NULL,	1),
(214,	75,	3448,	101,	NULL,	4),
(215,	75,	3447,	101,	NULL,	2),
(216,	75,	3446,	101,	NULL,	2),
(217,	75,	3445,	101,	NULL,	2),
(218,	76,	3329,	198,	NULL,	1),
(219,	76,	3328,	193,	NULL,	1),
(220,	76,	3327,	193,	NULL,	1),
(221,	76,	3325,	193,	NULL,	1),
(222,	76,	3323,	193,	NULL,	1),
(223,	76,	3320,	193,	NULL,	1),
(224,	76,	3318,	193,	NULL,	1),
(225,	77,	3316,	191,	NULL,	1),
(226,	77,	3315,	189,	NULL,	1),
(227,	77,	3314,	189,	NULL,	1),
(228,	77,	3313,	189,	NULL,	1),
(229,	77,	3312,	189,	NULL,	1),
(230,	77,	3311,	189,	NULL,	1),
(231,	77,	3310,	189,	NULL,	1),
(232,	77,	3309,	189,	NULL,	1),
(233,	77,	3308,	189,	NULL,	1),
(234,	77,	3307,	189,	NULL,	1),
(235,	78,	3306,	193,	NULL,	1),
(236,	78,	3305,	193,	NULL,	1),
(237,	78,	3304,	193,	NULL,	1),
(238,	79,	3291,	189,	NULL,	1),
(239,	79,	3290,	189,	NULL,	1),
(240,	79,	3289,	190,	NULL,	1),
(241,	80,	3286,	199,	NULL,	1),
(242,	80,	3284,	199,	NULL,	1),
(243,	81,	3280,	190,	NULL,	1),
(244,	81,	3279,	190,	NULL,	1),
(245,	81,	3278,	189,	NULL,	1),
(246,	82,	3303,	199,	NULL,	1),
(247,	82,	3452,	190,	NULL,	1),
(248,	82,	3451,	190,	NULL,	1),
(249,	82,	3450,	193,	NULL,	1),
(250,	82,	3299,	193,	NULL,	1),
(251,	82,	3298,	193,	NULL,	1),
(252,	82,	3297,	193,	NULL,	1),
(253,	83,	3277,	193,	NULL,	1),
(254,	83,	3276,	193,	NULL,	1),
(255,	84,	3263,	190,	NULL,	1),
(256,	84,	3262,	190,	NULL,	1),
(257,	84,	3261,	190,	NULL,	1),
(258,	84,	3260,	190,	NULL,	1),
(259,	84,	3259,	189,	NULL,	1),
(260,	84,	3258,	189,	NULL,	1),
(261,	84,	3257,	189,	NULL,	1),
(262,	84,	3256,	189,	NULL,	1),
(263,	84,	3255,	193,	NULL,	1),
(264,	84,	3254,	190,	NULL,	1),
(265,	84,	3253,	190,	NULL,	1),
(266,	84,	3252,	190,	NULL,	1),
(267,	84,	3264,	193,	NULL,	1),
(268,	84,	3251,	193,	NULL,	1),
(269,	84,	3250,	191,	NULL,	1),
(270,	84,	3249,	190,	NULL,	1),
(271,	84,	3248,	190,	NULL,	1),
(272,	84,	3247,	190,	NULL,	1),
(273,	85,	3275,	193,	NULL,	1),
(274,	85,	3274,	193,	NULL,	1),
(275,	85,	3273,	193,	NULL,	1),
(276,	85,	3272,	190,	NULL,	1),
(277,	86,	3271,	199,	NULL,	1),
(278,	86,	3270,	180,	NULL,	1),
(279,	86,	3269,	180,	NULL,	1),
(280,	86,	3268,	180,	NULL,	1),
(281,	86,	3267,	179,	NULL,	1),
(282,	86,	3266,	179,	NULL,	1),
(283,	87,	3265,	180,	NULL,	1),
(284,	88,	3246,	190,	NULL,	1),
(286,	90,	3245,	199,	NULL,	1),
(287,	91,	3244,	199,	NULL,	1),
(288,	91,	3243,	193,	NULL,	1),
(289,	92,	3456,	101,	NULL,	1),
(290,	92,	3455,	101,	NULL,	2),
(291,	92,	3454,	101,	NULL,	2),
(292,	92,	3453,	101,	NULL,	2),
(293,	93,	3214,	84,	NULL,	1),
(294,	94,	3457,	28,	NULL,	1),
(295,	95,	3462,	101,	NULL,	1),
(296,	95,	3461,	101,	NULL,	2),
(297,	95,	3460,	101,	NULL,	2),
(298,	95,	3459,	101,	NULL,	1),
(299,	95,	3458,	101,	NULL,	2),
(300,	96,	3467,	28,	NULL,	1),
(301,	97,	3468,	84,	NULL,	1),
(302,	98,	3466,	101,	NULL,	1),
(303,	98,	3465,	101,	NULL,	1),
(304,	98,	3464,	101,	NULL,	1),
(305,	98,	3463,	101,	NULL,	1),
(306,	99,	3466,	101,	NULL,	1),
(307,	99,	3465,	101,	NULL,	1),
(308,	99,	3464,	101,	NULL,	1),
(309,	99,	3463,	101,	NULL,	1),
(310,	100,	3474,	101,	NULL,	3),
(311,	100,	3473,	101,	NULL,	4),
(312,	100,	3472,	101,	NULL,	3),
(313,	100,	3471,	101,	NULL,	2),
(314,	100,	3469,	28,	NULL,	1),
(315,	101,	3470,	84,	NULL,	1),
(316,	102,	3479,	84,	NULL,	1),
(317,	103,	3480,	28,	NULL,	1),
(318,	104,	3478,	101,	NULL,	4),
(319,	104,	3477,	101,	NULL,	2),
(320,	104,	3476,	101,	NULL,	2),
(321,	104,	3475,	101,	NULL,	4),
(322,	105,	3484,	101,	NULL,	6),
(323,	105,	3483,	101,	NULL,	6),
(324,	105,	3482,	101,	NULL,	2),
(325,	105,	3481,	101,	NULL,	2),
(326,	106,	3490,	101,	NULL,	2),
(327,	106,	3489,	101,	NULL,	2),
(328,	106,	3488,	101,	NULL,	2),
(329,	106,	3487,	101,	NULL,	2),
(330,	107,	3486,	84,	NULL,	1),
(331,	108,	3485,	28,	NULL,	1),
(332,	109,	3491,	101,	NULL,	2),
(336,	111,	3361,	101,	NULL,	2),
(337,	111,	3359,	101,	NULL,	2),
(338,	111,	3357,	101,	NULL,	4),
(339,	112,	3236,	101,	NULL,	2),
(340,	112,	3239,	101,	NULL,	3),
(341,	112,	3238,	101,	NULL,	4),
(342,	112,	3237,	101,	NULL,	4),
(343,	112,	3240,	101,	NULL,	2),
(345,	114,	3391,	19,	NULL,	1),
(346,	114,	3404,	19,	NULL,	1),
(347,	114,	3403,	19,	NULL,	1),
(348,	114,	3402,	19,	NULL,	1),
(349,	114,	3401,	19,	NULL,	1),
(350,	114,	3400,	19,	NULL,	1),
(351,	114,	3399,	19,	NULL,	1),
(352,	114,	3398,	19,	NULL,	1),
(353,	114,	3397,	19,	NULL,	1),
(354,	114,	3396,	19,	NULL,	1),
(355,	114,	3395,	19,	NULL,	1),
(356,	114,	3394,	19,	NULL,	1),
(357,	114,	3393,	19,	NULL,	1),
(358,	114,	3392,	19,	NULL,	1),
(359,	114,	3406,	19,	NULL,	1),
(360,	114,	3383,	190,	NULL,	1),
(361,	114,	3405,	19,	NULL,	1),
(362,	114,	3384,	190,	NULL,	1),
(363,	114,	3390,	157,	NULL,	2),
(364,	115,	3376,	195,	NULL,	1),
(365,	115,	3377,	190,	NULL,	1),
(366,	115,	3378,	190,	NULL,	1),
(367,	115,	3382,	199,	NULL,	1),
(368,	115,	3381,	193,	NULL,	1),
(369,	115,	3380,	193,	NULL,	1),
(370,	115,	3379,	193,	NULL,	1),
(371,	116,	3353,	28,	NULL,	1),
(372,	116,	3355,	84,	NULL,	1),
(373,	117,	3234,	101,	NULL,	2),
(374,	117,	3233,	101,	NULL,	4),
(375,	117,	3232,	101,	NULL,	2),
(376,	117,	3231,	101,	NULL,	2),
(377,	117,	3230,	101,	NULL,	2),
(378,	117,	3229,	101,	NULL,	2),
(379,	118,	3490,	101,	NULL,	2),
(380,	118,	3489,	101,	NULL,	2),
(381,	118,	3488,	101,	NULL,	2),
(382,	118,	3487,	101,	NULL,	2),
(383,	119,	3285,	101,	NULL,	2),
(384,	119,	3283,	101,	NULL,	4),
(385,	119,	3282,	101,	NULL,	4),
(386,	119,	3281,	101,	NULL,	4),
(387,	120,	3492,	101,	NULL,	1),
(388,	121,	3411,	101,	NULL,	1),
(389,	121,	3410,	101,	NULL,	2),
(390,	121,	3409,	101,	NULL,	2),
(391,	122,	3241,	84,	NULL,	1),
(392,	123,	3242,	28,	NULL,	1),
(393,	124,	3220,	101,	NULL,	2),
(394,	124,	3219,	101,	NULL,	2),
(395,	124,	3218,	101,	NULL,	2),
(396,	124,	3217,	101,	NULL,	2),
(397,	124,	3227,	28,	NULL,	1),
(398,	125,	3226,	84,	NULL,	1),
(399,	126,	3491,	101,	NULL,	4),
(400,	126,	3423,	101,	NULL,	6),
(401,	126,	3422,	101,	NULL,	4),
(402,	126,	3421,	101,	NULL,	2),
(403,	126,	3420,	101,	NULL,	2),
(404,	127,	3493,	28,	NULL,	1);

DROP TABLE IF EXISTS `tbl_nomor`;
CREATE TABLE `tbl_nomor` (
  `id_nomor` int(11) NOT NULL AUTO_INCREMENT,
  `nomor` varchar(35) DEFAULT NULL,
  `keterangan` varchar(100) DEFAULT NULL,
  PRIMARY KEY (`id_nomor`)
) ENGINE=InnoDB DEFAULT CHARSET=latin1;

INSERT INTO `tbl_nomor` (`id_nomor`, `nomor`, `keterangan`) VALUES
(1,	'201',	'Agenda'),
(2,	'000000001',	'pasar');

DROP TABLE IF EXISTS `tbl_pasar`;
CREATE TABLE `tbl_pasar` (
  `id_pasar` int(5) NOT NULL AUTO_INCREMENT,
  `kode_desa` char(10) DEFAULT NULL,
  `kode_pasar` char(3) DEFAULT NULL,
  `nama_pasar` varchar(100) DEFAULT NULL,
  PRIMARY KEY (`id_pasar`)
) ENGINE=InnoDB DEFAULT CHARSET=latin1;

INSERT INTO `tbl_pasar` (`id_pasar`, `kode_desa`, `kode_pasar`, `nama_pasar`) VALUES
(1,	'3308022011',	'001',	'PASAR BOROBUDUR'),
(2,	'3308092010',	'002',	'PASAR MUNGKID'),
(3,	'3308092008',	'003',	'PASAR IKAN BOJONG'),
(4,	'3308022019',	'004',	'PASAR GAYU'),
(5,	'3308212010',	'005',	'PASAR DESA GENITO'),
(6,	'3308212001',	'006',	'PASAR WINDUSARI'),
(13,	'3308122013',	'008',	'PASAR KAJORAN'),
(14,	'3308122025',	'009',	'PASAR DESA SIDOWANGI'),
(15,	'3308072002',	'010',	'PASAR SAWANGAN'),
(16,	'3308072014',	'011',	'PASAR DESA MBULU PODOSOKO'),
(17,	'3308102008',	'012',	'PASAR DANUREJO'),
(19,	'3308132001',	'013',	'PASAR SAYUR KALIANGKRIK'),
(20,	'3308132001',	'014',	'PASAR KALIANGKRIK'),
(21,	'3308012018',	'015',	'PASAR DESA KRASAK'),
(22,	'3308112003',	'016',	'PASAR DESA JAMBU TEMPURAN'),
(23,	'3308112007',	'017',	'PASAR TEMPURAN'),
(24,	'3308012004',	'018',	'PASAR DESA MENOREH'),
(25,	'3308012006',	'019',	'PASAR DESA KALANGAN'),
(26,	'3308082010',	'020',	'PASAR MUNTILAN'),
(27,	'3308081014',	'021',	'PASAR DESA JAMBU MUNTILAN'),
(28,	'3308082011',	'022',	'PASAR MUNSEN MUNTILAN'),
(29,	'3308042003',	'023',	'PASAR SALAK GREMENG'),
(30,	'3308022011',	'024',	'PASAR BOROBUDUR'),
(31,	'3308122028',	'025',	'PASAR SUTOPATI'),
(32,	'3308052010',	'026',	'PASAR DESA SRUMBUNG'),
(33,	'3308162012',	'027',	'PASAR SANGGRAHAN'),
(34,	'3308022003',	'028',	'PASAR TUK SONGO'),
(35,	'3308182001',	'029',	'PASAR GRABAG'),
(36,	'3308182002',	'030',	'PASAR DESA SUMURARUM'),
(37,	'3308152006',	'031',	'PASAR CANDIMULYO'),
(38,	'3308062005',	'032',	'PASAR TALUN'),
(39,	'3308062011',	'033',	'PASAR SEWUKAN'),
(40,	'3308201001',	'034',	'PASAR SECANG'),
(41,	'3308032004',	'035',	'PASAR NGLUWAR'),
(42,	'3308102003',	'036',	'PASAR SRATEN'),
(43,	'3308202011',	'037',	'PASAR DESA PAYAMAN'),
(44,	'3308202016',	'038',	'PASAR PUCANG'),
(45,	'3308012004',	'039',	'PASAR SALAMAN'),
(46,	'3308142001',	'040',	'PASAR BANDONGAN'),
(47,	'3308142012',	'041',	'PASAR DESA KALEGEN'),
(48,	'3308172001',	'042',	'PASAR NGABLAK'),
(49,	'3308162006',	'043',	'PASAR KAPONAN'),
(50,	'3308162001',	'044',	'PASAR DESA PAKIS'),
(51,	'3308192001',	'045',	'PASAR TEGALREJO TIMUR');

DROP TABLE IF EXISTS `tbl_pembayaran`;
CREATE TABLE `tbl_pembayaran` (
  `id_bayar` int(11) NOT NULL AUTO_INCREMENT,
  `id_daftar` int(11) DEFAULT NULL,
  `nominal_bayar` int(11) DEFAULT NULL,
  `tgl_bayar` date DEFAULT NULL,
  PRIMARY KEY (`id_bayar`),
  KEY `tbl_pembayaran_ibfk_1` (`id_daftar`),
  CONSTRAINT `tbl_pembayaran_ibfk_1` FOREIGN KEY (`id_daftar`) REFERENCES `tbl_pendaftaran` (`id_daftar`) ON DELETE CASCADE ON UPDATE CASCADE
) ENGINE=InnoDB DEFAULT CHARSET=latin1;

INSERT INTO `tbl_pembayaran` (`id_bayar`, `id_daftar`, `nominal_bayar`, `tgl_bayar`) VALUES
(5,	25,	2500000,	'2020-02-18'),
(6,	26,	900000,	'2020-02-18'),
(7,	27,	300000,	'2020-12-21'),
(8,	28,	300000,	'2020-12-21'),
(9,	29,	300000,	'2020-12-21'),
(10,	30,	300000,	'2020-12-21'),
(11,	32,	30000,	'2020-02-13'),
(12,	31,	75000,	'2020-02-13'),
(13,	33,	1500000,	'2020-02-13'),
(14,	34,	1950000,	'2020-02-24'),
(15,	35,	2130000,	'2020-01-30'),
(16,	36,	75000,	'2020-01-30'),
(17,	37,	2100000,	'2020-03-04'),
(18,	40,	30000,	'2020-04-01'),
(19,	39,	75000,	'2020-04-01'),
(20,	41,	75000,	'2020-09-15'),
(21,	42,	1980000,	'2020-09-01'),
(22,	43,	75000,	'2020-02-05'),
(23,	44,	1830000,	'2020-02-05'),
(24,	45,	2400000,	'2020-12-28'),
(25,	47,	1230000,	'2020-06-19'),
(26,	46,	75000,	'2020-06-19'),
(27,	50,	1350000,	'2020-02-19'),
(28,	49,	75000,	'2020-03-12'),
(29,	48,	1365000,	'2020-01-20'),
(30,	52,	780000,	'2020-02-12'),
(31,	51,	75000,	'2020-02-12'),
(32,	53,	2280000,	'2020-02-27'),
(33,	54,	75000,	'2020-02-11'),
(34,	55,	2580000,	'2020-02-10'),
(35,	56,	2250000,	'2020-02-25'),
(36,	57,	300000,	'2020-07-13'),
(37,	58,	150000,	'2020-12-07'),
(38,	59,	750000,	'2020-11-17'),
(39,	60,	2120000,	'2021-01-06'),
(40,	61,	295000,	'2020-02-10'),
(41,	62,	31000,	'2020-02-11'),
(42,	63,	74000,	'2020-02-26'),
(43,	64,	4142500,	'2020-02-26'),
(44,	65,	1230000,	'2020-02-12'),
(45,	66,	30000,	'2020-02-26'),
(46,	67,	30000,	'2020-02-25'),
(47,	68,	1500000,	'2020-02-27'),
(48,	70,	380000,	'2020-03-11'),
(49,	69,	1980000,	'2020-02-26'),
(50,	71,	60000,	'2020-03-12'),
(51,	72,	110000,	'2020-03-12'),
(52,	73,	30000,	'2020-03-20'),
(53,	76,	1900000,	'2020-06-18'),
(54,	77,	482500,	'2020-06-22'),
(55,	78,	450000,	'2020-06-23'),
(56,	79,	145000,	'2020-06-25'),
(57,	80,	3000000,	'2020-06-30'),
(58,	81,	147500,	'2020-07-16'),
(59,	82,	2200000,	'2020-06-23'),
(60,	83,	300000,	'2020-08-13'),
(61,	84,	1195000,	'2020-08-27'),
(62,	85,	500000,	'2020-09-25'),
(63,	86,	1707500,	'2020-09-28'),
(64,	87,	22500,	'2020-10-09'),
(65,	88,	30000,	'2020-10-20'),
(66,	91,	1650000,	'2020-10-22'),
(67,	90,	1500000,	'2020-10-27'),
(68,	92,	1050000,	'2020-02-25'),
(69,	95,	1200000,	'2020-02-26'),
(70,	94,	30000,	'2020-03-27'),
(71,	93,	75000,	'2020-03-27'),
(72,	74,	30000,	'2020-06-18'),
(73,	75,	1650000,	'2020-03-03'),
(74,	96,	30000,	'2020-09-02'),
(75,	97,	75000,	'2020-09-04'),
(76,	98,	600000,	'2020-09-02'),
(77,	99,	600000,	'2020-09-02'),
(78,	100,	1830000,	'2020-02-19'),
(79,	101,	75000,	'2020-02-19'),
(80,	102,	75000,	'2020-02-11'),
(81,	103,	30000,	'2020-04-01'),
(82,	104,	1800000,	'2020-02-11'),
(83,	105,	2400000,	'2020-02-18'),
(84,	106,	1200000,	'2020-03-03'),
(85,	107,	75000,	'2020-05-20'),
(86,	108,	30000,	'2020-05-20'),
(87,	109,	300000,	'2020-10-27'),
(89,	111,	1200000,	'2021-01-26'),
(90,	112,	2250000,	'2021-01-27'),
(91,	114,	1545000,	'2021-01-29'),
(92,	115,	2120000,	'2021-01-28'),
(93,	116,	100000,	'2021-01-26'),
(94,	117,	2100000,	'2021-02-02'),
(96,	118,	1200000,	'2021-02-01'),
(97,	119,	2100000,	'2021-02-03'),
(98,	120,	150000,	'2021-02-01'),
(99,	121,	750000,	'2021-02-08'),
(100,	122,	75000,	'2021-02-05'),
(101,	123,	30000,	'2021-01-27'),
(102,	124,	1230000,	'2021-02-04'),
(103,	125,	75000,	'2021-02-04'),
(104,	126,	2700000,	'2021-02-09'),
(105,	127,	25000,	'2021-02-09');

DROP TABLE IF EXISTS `tbl_pembayaran_sidang`;
CREATE TABLE `tbl_pembayaran_sidang` (
  `id_bayar` int(11) NOT NULL AUTO_INCREMENT,
  `id_list_sidang` int(11) DEFAULT NULL,
  `total_bayar` int(10) DEFAULT NULL,
  `bayar` int(10) DEFAULT NULL,
  PRIMARY KEY (`id_bayar`),
  KEY `tbl_pembayaran_sidang_ibfk_1` (`id_list_sidang`),
  CONSTRAINT `tbl_pembayaran_sidang_ibfk_1` FOREIGN KEY (`id_list_sidang`) REFERENCES `tbl_list_sidang_new` (`id_list_sidang`) ON DELETE CASCADE ON UPDATE CASCADE
) ENGINE=InnoDB DEFAULT CHARSET=latin1;


DROP TABLE IF EXISTS `tbl_pendaftaran`;
CREATE TABLE `tbl_pendaftaran` (
  `id_daftar` int(11) NOT NULL AUTO_INCREMENT,
  `id_usaha` int(11) DEFAULT NULL,
  `no_order` varchar(30) DEFAULT NULL,
  `layanan` enum('tera','tera ulang') DEFAULT NULL,
  `tempat` enum('kantor','tempat pakai') DEFAULT NULL,
  `id_tempat_tera` int(1) DEFAULT NULL,
  `tgl_daftar` date DEFAULT NULL,
  `tgl_kirim` datetime DEFAULT NULL,
  `tgl_inspeksi` date DEFAULT NULL,
  `file_surat` text,
  `file_lampiran` text,
  `status` enum('belum kirim','diterima','proses','selesai','ditolak','pending') NOT NULL DEFAULT 'belum kirim',
  `user_daftar` enum('user','petugas') NOT NULL DEFAULT 'user',
  `notif` int(1) NOT NULL DEFAULT '0' COMMENT '1: Read/ 0: Not Read',
  `notif_petugas` int(1) NOT NULL DEFAULT '0',
  `tgl_update_status` datetime DEFAULT NULL,
  `input_hasil` enum('belum','sudah') NOT NULL DEFAULT 'belum',
  PRIMARY KEY (`id_daftar`),
  KEY `tbl_pendaftaran_ibfk_1` (`id_usaha`),
  KEY `tbl_pendaftaran_ibfk_2` (`id_tempat_tera`),
  CONSTRAINT `tbl_pendaftaran_ibfk_1` FOREIGN KEY (`id_usaha`) REFERENCES `tbl_usaha` (`id_usaha`) ON DELETE CASCADE ON UPDATE CASCADE,
  CONSTRAINT `tbl_pendaftaran_ibfk_2` FOREIGN KEY (`id_tempat_tera`) REFERENCES `tbl_tempat_tera` (`id_tempat_tera`) ON DELETE CASCADE ON UPDATE CASCADE
) ENGINE=InnoDB DEFAULT CHARSET=latin1;

INSERT INTO `tbl_pendaftaran` (`id_daftar`, `id_usaha`, `no_order`, `layanan`, `tempat`, `id_tempat_tera`, `tgl_daftar`, `tgl_kirim`, `tgl_inspeksi`, `file_surat`, `file_lampiran`, `status`, `user_daftar`, `notif`, `notif_petugas`, `tgl_update_status`, `input_hasil`) VALUES
(24,	1570,	'142-1992',	'tera ulang',	'tempat pakai',	3,	'2020-12-17',	NULL,	NULL,	NULL,	NULL,	'belum kirim',	'user',	0,	0,	NULL,	'belum'),
(25,	1570,	'143-1894',	'tera ulang',	'tempat pakai',	3,	'2020-12-21',	'2020-12-21 08:23:38',	'2020-12-21',	NULL,	NULL,	'selesai',	'petugas',	0,	0,	'2020-12-21 08:35:43',	'sudah'),
(26,	1570,	'144-1894',	'tera ulang',	'tempat pakai',	3,	'2020-12-21',	'2020-12-21 08:24:21',	'2020-12-21',	NULL,	NULL,	'selesai',	'petugas',	0,	0,	'2020-12-21 08:36:10',	'sudah'),
(27,	1571,	'145-1894',	'tera ulang',	'tempat pakai',	3,	'2020-12-21',	'2020-12-21 08:43:47',	'2020-12-21',	NULL,	NULL,	'selesai',	'petugas',	0,	0,	'2020-12-21 09:07:48',	'sudah'),
(28,	1571,	'146-1894',	'tera ulang',	'tempat pakai',	3,	'2020-12-21',	'2020-12-21 08:44:27',	'2020-12-21',	NULL,	NULL,	'selesai',	'petugas',	0,	0,	'2020-12-21 09:07:53',	'sudah'),
(29,	1571,	'147-1894',	'tera ulang',	'tempat pakai',	3,	'2020-12-21',	'2020-12-21 08:46:28',	'2020-12-21',	NULL,	NULL,	'selesai',	'petugas',	0,	0,	'2020-12-21 09:07:57',	'sudah'),
(30,	1571,	'148-1894',	'tera ulang',	'tempat pakai',	3,	'2020-12-21',	'2020-12-21 08:47:24',	'2020-12-21',	NULL,	NULL,	'selesai',	'petugas',	0,	0,	'2020-12-21 09:08:01',	'sudah'),
(31,	1571,	'149-1907',	'tera ulang',	'kantor',	1,	'2020-02-13',	'2020-12-29 08:27:28',	'2020-12-29',	NULL,	NULL,	'selesai',	'petugas',	0,	0,	'2020-12-29 08:53:10',	'sudah'),
(32,	1571,	'150-1907',	'tera ulang',	'tempat pakai',	3,	'2020-02-13',	'2020-12-29 08:39:51',	'2020-12-29',	NULL,	NULL,	'selesai',	'petugas',	0,	0,	'2020-12-29 08:53:00',	'sudah'),
(33,	1572,	'151-1907',	'tera ulang',	'tempat pakai',	3,	'2020-02-13',	'2020-12-29 09:55:22',	'2020-12-29',	NULL,	NULL,	'selesai',	'petugas',	0,	0,	'2020-12-29 10:09:52',	'sudah'),
(34,	1573,	'152-1907',	'tera ulang',	'tempat pakai',	3,	'2021-01-04',	'2021-01-04 09:13:24',	'2021-01-04',	NULL,	NULL,	'selesai',	'petugas',	0,	0,	'2021-01-04 10:18:22',	'sudah'),
(35,	1574,	'153-1907',	'tera ulang',	'tempat pakai',	3,	'2021-01-04',	'2021-01-04 11:06:14',	'2021-01-04',	NULL,	NULL,	'selesai',	'petugas',	0,	0,	'2021-01-04 11:20:43',	'sudah'),
(36,	1574,	'154-1907',	'tera ulang',	'kantor',	1,	'2021-01-04',	'2021-01-04 11:06:51',	'2021-01-04',	NULL,	NULL,	'selesai',	'petugas',	0,	0,	'2021-01-04 11:20:56',	'sudah'),
(37,	1580,	'155-1907',	'tera ulang',	'tempat pakai',	3,	'2020-03-04',	'2021-01-04 12:20:55',	'2021-01-04',	NULL,	NULL,	'selesai',	'petugas',	0,	0,	'2021-01-04 12:38:39',	'sudah'),
(39,	1580,	'157-1907',	'tera ulang',	'kantor',	1,	'2020-04-01',	'2021-01-04 13:16:48',	'2020-04-01',	NULL,	NULL,	'selesai',	'petugas',	0,	0,	'2021-01-04 13:22:47',	'sudah'),
(40,	1580,	'158-1907',	'tera ulang',	'tempat pakai',	3,	'2021-01-04',	'2021-01-04 13:17:23',	'2020-04-01',	NULL,	NULL,	'selesai',	'petugas',	0,	0,	'2021-01-04 13:22:28',	'sudah'),
(41,	1583,	'159-1907',	'tera ulang',	'kantor',	1,	'2021-01-04',	'2021-01-04 13:28:55',	'2021-01-04',	NULL,	NULL,	'selesai',	'petugas',	0,	0,	'2021-01-04 13:32:01',	'sudah'),
(42,	1583,	'160-1907',	'tera ulang',	'tempat pakai',	3,	'2020-09-01',	'2021-01-05 09:16:12',	'2021-01-05',	NULL,	NULL,	'selesai',	'petugas',	0,	0,	'2021-01-05 09:31:48',	'sudah'),
(43,	1587,	'161-1907',	'tera ulang',	'kantor',	1,	'2020-02-05',	'2021-01-05 09:52:38',	'2021-01-05',	NULL,	NULL,	'selesai',	'petugas',	0,	0,	'2021-01-05 09:58:41',	'sudah'),
(44,	1587,	'162-1907',	'tera ulang',	'tempat pakai',	3,	'2020-02-05',	'2021-01-05 09:55:19',	'2021-01-05',	NULL,	NULL,	'selesai',	'petugas',	0,	0,	'2021-01-05 10:06:07',	'sudah'),
(45,	1596,	'163-1907',	'tera ulang',	'tempat pakai',	3,	'2020-12-28',	'2021-01-05 10:41:59',	'2021-01-05',	NULL,	NULL,	'selesai',	'petugas',	0,	0,	'2021-01-05 11:01:34',	'sudah'),
(46,	1598,	'164-1907',	'tera ulang',	'kantor',	1,	'2020-06-19',	'2021-01-05 11:21:17',	'2020-06-19',	NULL,	NULL,	'selesai',	'petugas',	0,	0,	'2021-01-05 11:36:27',	'sudah'),
(47,	1598,	'165-1907',	'tera ulang',	'tempat pakai',	3,	'2021-01-05',	'2021-01-05 11:23:39',	'2020-06-19',	NULL,	NULL,	'selesai',	'petugas',	0,	0,	'2021-01-05 11:36:17',	'sudah'),
(48,	1602,	'166-1909',	'tera ulang',	'tempat pakai',	3,	'2020-01-13',	'2021-01-05 12:06:14',	'2021-01-05',	NULL,	NULL,	'selesai',	'petugas',	0,	0,	'2021-01-05 13:49:05',	'sudah'),
(49,	1603,	'167-1907',	'tera ulang',	'kantor',	1,	'2020-03-12',	'2021-01-05 12:55:53',	'2021-02-12',	NULL,	NULL,	'selesai',	'petugas',	0,	0,	'2021-01-05 13:10:19',	'sudah'),
(50,	1603,	'168-1907',	'tera ulang',	'tempat pakai',	3,	'2020-02-12',	'2021-01-05 12:59:12',	'2020-02-12',	NULL,	NULL,	'selesai',	'petugas',	0,	0,	'2021-01-05 13:09:50',	'sudah'),
(51,	1604,	'169-1907',	'tera ulang',	'kantor',	1,	'2020-02-12',	'2021-01-05 13:41:50',	'2020-02-12',	NULL,	NULL,	'selesai',	'petugas',	0,	0,	'2021-01-05 13:51:44',	'sudah'),
(52,	1604,	'170-1907',	'tera ulang',	'tempat pakai',	3,	'2020-02-12',	'2021-01-05 13:44:47',	'2020-02-12',	NULL,	NULL,	'selesai',	'petugas',	0,	0,	'2021-01-05 13:51:34',	'sudah'),
(53,	1605,	'171-1912',	'tera ulang',	'tempat pakai',	3,	'2020-02-27',	'2021-01-06 09:49:12',	'2020-02-27',	NULL,	NULL,	'selesai',	'petugas',	0,	0,	'2021-01-06 09:57:28',	'sudah'),
(54,	1606,	'172-1912',	'tera ulang',	'kantor',	1,	'2020-02-11',	'2021-01-06 10:20:37',	'2020-02-10',	NULL,	NULL,	'selesai',	'petugas',	0,	0,	'2021-01-06 10:40:46',	'sudah'),
(55,	1606,	'173-1912',	'tera ulang',	'tempat pakai',	3,	'2020-02-10',	'2021-01-06 10:23:07',	'2020-02-11',	NULL,	NULL,	'selesai',	'petugas',	0,	0,	'2021-01-06 10:40:56',	'sudah'),
(56,	1607,	'174-1912',	'tera ulang',	'tempat pakai',	3,	'2020-02-25',	'2021-01-06 11:02:00',	'2020-02-25',	NULL,	NULL,	'selesai',	'petugas',	0,	0,	'2021-01-06 11:10:43',	'sudah'),
(57,	1607,	'175-1912',	'tera ulang',	'tempat pakai',	3,	'2020-07-13',	'2021-01-06 11:21:32',	'2020-07-13',	NULL,	NULL,	'selesai',	'petugas',	0,	0,	'2021-01-06 11:23:00',	'sudah'),
(58,	1607,	'176-1912',	'tera ulang',	'tempat pakai',	3,	'2020-12-07',	'2021-01-06 11:24:55',	'2020-12-07',	NULL,	NULL,	'selesai',	'petugas',	0,	0,	'2021-01-06 11:27:23',	'sudah'),
(59,	1574,	'177-1912',	'tera ulang',	'tempat pakai',	3,	'2021-01-06',	'2021-01-06 11:38:32',	'2020-11-17',	NULL,	NULL,	'selesai',	'petugas',	0,	0,	'2021-01-06 11:41:08',	'sudah'),
(60,	1601,	'178-1909',	'tera ulang',	'tempat pakai',	3,	'2020-01-08',	'2021-01-06 11:47:37',	'2021-01-06',	NULL,	NULL,	'selesai',	'petugas',	0,	0,	'2021-01-06 12:26:21',	'sudah'),
(61,	1600,	'179-1909',	'tera ulang',	'kantor',	1,	'2021-01-06',	'2021-01-06 12:34:38',	'2021-01-06',	NULL,	NULL,	'selesai',	'petugas',	0,	0,	'2021-01-06 12:44:47',	'sudah'),
(62,	1591,	'180-1909',	'tera ulang',	'kantor',	1,	'2021-01-06',	'2021-01-06 13:13:14',	'2021-01-06',	NULL,	NULL,	'selesai',	'petugas',	0,	0,	'2021-01-06 13:17:17',	'sudah'),
(63,	1599,	'181-1909',	'tera ulang',	'kantor',	1,	'2020-02-20',	'2021-01-06 13:21:41',	'2021-01-06',	NULL,	NULL,	'selesai',	'petugas',	0,	0,	'2021-01-06 13:25:53',	'sudah'),
(64,	1597,	'182-1909',	'tera ulang',	'tempat pakai',	3,	'2020-03-02',	'2021-01-06 13:47:59',	'2021-01-06',	NULL,	NULL,	'selesai',	'petugas',	0,	0,	'2021-01-06 14:05:21',	'sudah'),
(65,	1608,	'183-1907',	'tera ulang',	'tempat pakai',	3,	'2020-02-12',	'2021-01-07 11:27:53',	'2020-02-12',	NULL,	NULL,	'selesai',	'petugas',	0,	0,	'2021-01-07 11:41:32',	'sudah'),
(66,	1595,	'184-1909',	'tera ulang',	'kantor',	1,	'2020-02-25',	'2021-01-07 12:02:08',	'2021-01-07',	NULL,	NULL,	'selesai',	'petugas',	0,	0,	'2021-01-07 12:05:14',	'sudah'),
(67,	1594,	'185-1909',	'tera ulang',	'kantor',	1,	'2020-02-25',	'2021-01-07 12:07:02',	'2021-01-07',	NULL,	NULL,	'selesai',	'petugas',	0,	0,	'2021-01-07 12:08:57',	'sudah'),
(68,	1593,	'186-1909',	'tera ulang',	'tempat pakai',	3,	'2020-02-25',	'2021-01-07 12:11:09',	'2020-02-25',	NULL,	NULL,	'selesai',	'petugas',	0,	0,	'2021-01-07 12:12:59',	'sudah'),
(69,	1609,	'187-1907',	'tera ulang',	'tempat pakai',	3,	'2020-02-26',	'2021-01-08 09:19:35',	'2020-02-26',	NULL,	NULL,	'selesai',	'petugas',	0,	0,	'2021-01-08 09:42:04',	'sudah'),
(70,	1592,	'188-1909',	'tera ulang',	'kantor',	1,	'2020-03-11',	'2021-01-08 09:33:47',	'2020-03-11',	NULL,	NULL,	'selesai',	'petugas',	0,	0,	'2021-01-08 09:41:42',	'sudah'),
(71,	1591,	'189-1909',	'tera ulang',	'kantor',	1,	'2020-03-12',	'2021-01-08 09:45:57',	'2020-03-12',	NULL,	NULL,	'selesai',	'petugas',	0,	0,	'2021-01-08 09:48:54',	'sudah'),
(72,	1590,	'190-1909',	'tera ulang',	'kantor',	1,	'2020-03-12',	'2021-01-08 09:50:24',	'2020-03-12',	NULL,	NULL,	'selesai',	'petugas',	0,	0,	'2021-01-08 09:54:25',	'sudah'),
(73,	1589,	'191-1909',	'tera ulang',	'kantor',	1,	'2020-03-20',	'2021-01-08 09:55:43',	'2020-03-20',	NULL,	NULL,	'selesai',	'petugas',	0,	0,	'2021-01-08 09:57:20',	'sudah'),
(74,	1610,	'191-1907',	'tera ulang',	'tempat pakai',	3,	'2020-06-18',	'2021-01-08 09:56:11',	'2020-06-18',	NULL,	NULL,	'selesai',	'petugas',	0,	0,	'2021-01-12 14:17:21',	'sudah'),
(75,	1610,	'192-1907',	'tera ulang',	'tempat pakai',	3,	'2020-03-02',	'2021-01-08 09:59:07',	'2020-03-02',	NULL,	NULL,	'selesai',	'petugas',	0,	0,	'2021-01-12 14:17:38',	'sudah'),
(76,	1588,	'192-1909',	'tera ulang',	'tempat pakai',	3,	'2020-06-11',	'2021-01-08 10:02:06',	'2020-06-18',	NULL,	NULL,	'selesai',	'petugas',	0,	0,	'2021-01-08 10:09:26',	'sudah'),
(77,	1586,	'193-1909',	'tera ulang',	'tempat pakai',	3,	'2020-06-17',	'2021-01-08 10:14:32',	'2020-06-22',	NULL,	NULL,	'selesai',	'petugas',	0,	0,	'2021-01-08 10:31:29',	'sudah'),
(78,	1585,	'194-1909',	'tera ulang',	'tempat pakai',	3,	'2020-06-17',	'2021-01-08 10:33:27',	'2020-06-23',	NULL,	NULL,	'selesai',	'petugas',	0,	0,	'2021-01-08 10:37:33',	'sudah'),
(79,	1582,	'195-1909',	'tera ulang',	'tempat pakai',	3,	'2020-06-19',	'2021-01-08 10:59:52',	'2020-06-25',	NULL,	NULL,	'selesai',	'petugas',	0,	0,	'2021-01-08 11:03:05',	'sudah'),
(80,	1577,	'196-1909',	'tera ulang',	'tempat pakai',	3,	'2021-03-10',	'2021-01-08 11:06:53',	'2020-06-30',	NULL,	NULL,	'selesai',	'petugas',	0,	0,	'2021-01-08 11:09:26',	'sudah'),
(81,	1581,	'197-1909',	'tera ulang',	'tempat pakai',	3,	'2020-07-16',	'2021-01-08 11:14:14',	'2020-07-16',	NULL,	NULL,	'selesai',	'petugas',	0,	0,	'2021-01-08 11:17:27',	'sudah'),
(82,	1584,	'198-1909',	'tera ulang',	'tempat pakai',	3,	'2020-06-17',	'2021-01-08 13:14:41',	'2020-06-23',	NULL,	NULL,	'selesai',	'petugas',	0,	0,	'2021-01-08 13:25:43',	'sudah'),
(83,	1579,	'199-1909',	'tera ulang',	'tempat pakai',	3,	'2020-06-08',	'2021-01-12 09:50:10',	'2020-08-13',	NULL,	NULL,	'selesai',	'petugas',	0,	0,	'2021-01-12 10:39:25',	'sudah'),
(84,	1577,	'200-1909',	'tera ulang',	'tempat pakai',	3,	'2020-06-08',	'2021-01-12 10:34:39',	'2020-08-27',	NULL,	NULL,	'selesai',	'petugas',	0,	0,	'2021-01-12 10:56:33',	'sudah'),
(85,	1579,	'75 - TE',	'tera ulang',	'tempat pakai',	3,	'2020-09-21',	'2021-01-12 11:01:15',	'2020-09-25',	NULL,	NULL,	'selesai',	'petugas',	0,	0,	'2021-01-12 11:06:36',	'sudah'),
(86,	1578,	'74 - TJE',	'tera ulang',	'tempat pakai',	3,	'2020-11-09',	'2021-01-12 11:14:56',	'2020-09-28',	NULL,	NULL,	'selesai',	'petugas',	0,	0,	'2021-01-12 11:22:06',	'sudah'),
(87,	1578,	'81 - TS',	'tera ulang',	'kantor',	1,	'2020-09-10',	'2021-01-12 11:23:54',	'2020-10-09',	NULL,	NULL,	'selesai',	'petugas',	0,	0,	'2021-01-12 11:26:22',	'sudah'),
(88,	1577,	'84 - TE',	'tera ulang',	'kantor',	1,	'2020-10-20',	'2021-01-12 11:53:16',	'2020-10-20',	NULL,	NULL,	'selesai',	'petugas',	0,	0,	'2021-01-12 11:55:16',	'sudah'),
(90,	1576,	'83 - TJE',	'tera ulang',	'tempat pakai',	3,	'2020-10-19',	'2021-01-12 12:01:06',	'2020-10-22',	NULL,	NULL,	'selesai',	'petugas',	0,	0,	'2021-01-12 12:07:43',	'sudah'),
(91,	1575,	'85 - TJE',	'tera ulang',	'tempat pakai',	3,	'2020-10-21',	'2021-01-12 12:03:58',	'2020-10-27',	NULL,	NULL,	'selesai',	'petugas',	0,	0,	'2021-01-12 12:06:49',	'sudah'),
(92,	1611,	'27 - PUBBM',	'tera ulang',	'tempat pakai',	3,	'2020-02-25',	'2021-01-12 12:54:28',	'2020-02-25',	NULL,	NULL,	'selesai',	'petugas',	0,	0,	'2021-01-12 13:11:31',	'sudah'),
(93,	1569,	'29 - BU',	'tera ulang',	'kantor',	1,	'2020-03-27',	'2021-01-12 13:39:31',	'2020-03-27',	NULL,	NULL,	'selesai',	'petugas',	0,	0,	'2021-01-12 14:07:44',	'sudah'),
(94,	1569,	'29 - UP',	'tera ulang',	'tempat pakai',	3,	'2020-03-27',	'2021-01-12 13:41:02',	'2020-12-27',	NULL,	NULL,	'selesai',	'petugas',	0,	0,	'2021-01-12 14:07:26',	'sudah'),
(95,	1569,	'29 - PUBBM',	'tera ulang',	'tempat pakai',	3,	'2020-02-26',	'2021-01-12 13:44:13',	'2020-02-26',	NULL,	NULL,	'selesai',	'petugas',	0,	0,	'2021-01-12 14:07:01',	'sudah'),
(96,	1612,	'72 - UP',	'tera ulang',	'tempat pakai',	3,	'2020-08-29',	'2021-01-13 08:42:02',	'2020-09-02',	NULL,	NULL,	'selesai',	'petugas',	0,	0,	'2021-01-13 08:44:29',	'sudah'),
(97,	1612,	'72 - BU',	'tera ulang',	'kantor',	1,	'2020-09-02',	'2021-01-13 08:47:35',	'2020-09-04',	NULL,	NULL,	'selesai',	'petugas',	0,	0,	'2021-01-13 08:49:48',	'sudah'),
(98,	1612,	'72 - PUBBM',	'tera ulang',	'tempat pakai',	3,	'2020-08-28',	'2021-01-13 08:52:51',	'2020-09-02',	NULL,	NULL,	'selesai',	'petugas',	0,	0,	'2021-01-13 09:08:24',	'sudah'),
(99,	1612,	'72 - PUBBM',	'tera ulang',	'tempat pakai',	3,	'2020-08-28',	'2021-01-13 09:03:48',	'2020-09-02',	NULL,	NULL,	'selesai',	'petugas',	0,	0,	'2021-01-13 09:08:34',	'sudah'),
(100,	1613,	'19 - PUBBM',	'tera ulang',	'tempat pakai',	3,	'2020-02-19',	'2021-01-13 09:31:47',	'2020-02-19',	NULL,	NULL,	'selesai',	'petugas',	0,	0,	'2021-01-13 09:40:20',	'sudah'),
(101,	1613,	'19 - PUBBM',	'tera ulang',	'kantor',	1,	'2020-02-19',	'2021-01-13 09:33:07',	'2020-02-19',	NULL,	NULL,	'selesai',	'petugas',	0,	0,	'2021-01-13 09:40:30',	'sudah'),
(102,	1614,	'42 - BU',	'tera ulang',	'kantor',	1,	'2020-04-01',	'2021-01-13 09:54:27',	'2020-04-01',	NULL,	NULL,	'selesai',	'petugas',	0,	0,	'2021-01-13 09:59:53',	'sudah'),
(103,	1614,	'42 - UP',	'tera ulang',	'tempat pakai',	3,	'2020-04-01',	'2021-01-13 09:56:05',	'2020-04-01',	NULL,	NULL,	'selesai',	'petugas',	0,	0,	'2021-01-13 10:12:28',	'sudah'),
(104,	1614,	'11 - PUBBM',	'tera ulang',	'tempat pakai',	3,	'2020-02-11',	'2021-01-13 09:58:06',	'2020-02-11',	NULL,	NULL,	'selesai',	'petugas',	0,	0,	'2021-01-13 10:12:43',	'sudah'),
(105,	1615,	'17 - PUBBM',	'tera ulang',	'tempat pakai',	3,	'2020-02-18',	'2021-01-13 10:24:14',	'2020-02-18',	NULL,	NULL,	'selesai',	'petugas',	0,	0,	'2021-01-13 10:38:02',	'sudah'),
(106,	1616,	'33 - PUBBM',	'tera ulang',	'tempat pakai',	3,	'2020-03-03',	'2021-01-13 12:49:46',	'2020-03-03',	NULL,	NULL,	'selesai',	'petugas',	0,	0,	'2021-01-13 12:54:08',	'sudah'),
(107,	1616,	'44 - BU',	'tera ulang',	'kantor',	1,	'2020-05-19',	'2021-01-13 12:56:17',	'2020-05-19',	NULL,	NULL,	'selesai',	'petugas',	0,	0,	'2021-01-13 12:57:50',	'sudah'),
(108,	1616,	'44 - UP',	'tera ulang',	'tempat pakai',	3,	'2020-05-19',	'2021-01-13 12:58:58',	'2020-05-19',	NULL,	NULL,	'selesai',	'petugas',	0,	0,	'2021-01-13 13:00:24',	'sudah'),
(109,	1606,	'93 - PUBBM',	'tera ulang',	'tempat pakai',	3,	'2020-10-27',	'2021-01-14 10:24:10',	'2020-10-27',	NULL,	NULL,	'selesai',	'petugas',	0,	0,	'2021-01-14 10:28:48',	'sudah'),
(111,	1598,	'06-PU BBM- 2021',	'tera ulang',	'tempat pakai',	3,	'2021-01-21',	'2021-01-27 14:56:56',	'2021-01-26',	NULL,	NULL,	'selesai',	'petugas',	0,	0,	'2021-01-27 15:02:42',	'sudah'),
(112,	1574,	'02-PU BBM-2021',	'tera ulang',	'tempat pakai',	3,	'2021-01-18',	'2021-01-28 09:07:09',	'2021-01-27',	NULL,	NULL,	'selesai',	'petugas',	0,	0,	'2021-01-28 09:35:37',	'sudah'),
(114,	1602,	'01-TE-2021',	'tera ulang',	'tempat pakai',	3,	'2021-01-04',	'2021-02-01 12:01:47',	'2021-01-29',	NULL,	NULL,	'selesai',	'petugas',	0,	0,	'2021-02-01 12:14:47',	'sudah'),
(115,	1601,	'04-TIMB-2021',	'tera ulang',	'tempat pakai',	3,	'2021-01-19',	'2021-02-01 12:20:13',	'2021-01-28',	NULL,	NULL,	'selesai',	'petugas',	0,	0,	'2021-02-01 12:24:26',	'sudah'),
(116,	1598,	'06-UP-2020',	'tera ulang',	'kantor',	1,	'2021-01-21',	'2021-02-01 12:26:06',	'2021-02-01',	NULL,	NULL,	'selesai',	'petugas',	0,	0,	'2021-02-01 12:28:53',	'sudah'),
(117,	1573,	'12- PU BBM-2021',	'tera ulang',	'tempat pakai',	3,	'2021-01-18',	'2021-02-03 15:01:09',	'2021-02-02',	NULL,	NULL,	'selesai',	'petugas',	0,	0,	'2021-02-03 15:05:57',	'sudah'),
(118,	1616,	'18-PU BBM-2021',	'tera ulang',	'tempat pakai',	3,	'2021-01-18',	'2021-02-04 09:26:27',	'2021-02-01',	NULL,	NULL,	'selesai',	'petugas',	0,	0,	'2021-02-04 09:31:30',	'sudah'),
(119,	1580,	'13-PUBBM-2021',	'tera ulang',	'tempat pakai',	3,	'2021-01-19',	'2021-02-04 09:53:22',	'2021-02-03',	NULL,	NULL,	'selesai',	'petugas',	0,	0,	'2021-02-04 09:58:33',	'sudah'),
(120,	1617,	'10-PU BBM-2021',	'tera ulang',	'tempat pakai',	3,	'2021-01-18',	'2021-02-04 10:09:49',	'2021-02-01',	NULL,	NULL,	'selesai',	'petugas',	0,	0,	'2021-02-04 10:11:59',	'sudah'),
(121,	1604,	'16-PUBBM-2021',	'tera ulang',	'tempat pakai',	3,	'2021-01-18',	'2021-02-08 14:21:20',	'2021-02-08',	NULL,	NULL,	'selesai',	'petugas',	0,	0,	'2021-02-08 14:24:19',	'sudah'),
(122,	1574,	'02- BU- 2021',	'tera ulang',	'kantor',	1,	'2021-01-27',	'2021-02-08 14:28:15',	'2021-02-05',	NULL,	NULL,	'selesai',	'petugas',	0,	0,	'2021-02-08 14:32:31',	'sudah'),
(123,	1574,	'02-UP-2021',	'tera ulang',	'tempat pakai',	3,	'2021-01-27',	'2021-02-08 14:38:32',	'2021-01-27',	NULL,	NULL,	'selesai',	'petugas',	0,	0,	'2021-02-08 14:40:19',	'sudah'),
(124,	1571,	'14-PU BBM-2021',	'tera ulang',	'tempat pakai',	3,	'2021-01-18',	'2021-02-10 07:56:37',	'2021-02-04',	NULL,	NULL,	'selesai',	'petugas',	0,	0,	'2021-02-10 08:04:04',	'sudah'),
(125,	1571,	'14-BU -2021',	'tera ulang',	'kantor',	1,	'2021-02-04',	'2021-02-10 07:57:27',	'2021-02-05',	NULL,	NULL,	'selesai',	'petugas',	0,	0,	'2021-02-10 08:04:14',	'sudah'),
(126,	1606,	'17- PU BBM-2021',	'tera ulang',	'tempat pakai',	3,	'2021-01-18',	'2021-02-10 08:13:40',	'2021-02-09',	NULL,	NULL,	'selesai',	'petugas',	0,	0,	'2021-02-10 08:16:58',	'sudah'),
(127,	1623,	'07- UP - 2021',	'tera ulang',	'kantor',	1,	'2021-01-25',	'2021-02-10 08:28:25',	'2021-01-29',	NULL,	NULL,	'selesai',	'petugas',	0,	0,	'2021-02-10 08:29:57',	'sudah');

DROP TABLE IF EXISTS `tbl_pengunjung`;
CREATE TABLE `tbl_pengunjung` (
  `ID` bigint(20) NOT NULL AUTO_INCREMENT,
  `IP` varchar(20) DEFAULT NULL,
  `OS` varchar(20) DEFAULT NULL,
  `BROWSER` varchar(255) DEFAULT NULL,
  `TANGGAL` timestamp NOT NULL DEFAULT CURRENT_TIMESTAMP ON UPDATE CURRENT_TIMESTAMP,
  PRIMARY KEY (`ID`)
) ENGINE=InnoDB DEFAULT CHARSET=latin1;

INSERT INTO `tbl_pengunjung` (`ID`, `IP`, `OS`, `BROWSER`, `TANGGAL`) VALUES
(1,	'103.115.104.42',	'Linux',	'Google Chrome v.78.0.3904.97',	'2019-11-10 20:22:39'),
(2,	'103.115.104.42',	'Linux',	'Google Chrome v.78.0.3904.97',	'2019-11-12 18:26:29'),
(3,	'103.115.104.42',	'Linux',	'Google Chrome v.78.0.3904.97',	'2019-11-12 19:11:16'),
(4,	'103.115.104.42',	'Unknown',	'Google Chrome v.78.0.3904.70',	'2019-11-13 17:57:54'),
(5,	'103.115.104.42',	'Unknown',	'Google Chrome v.78.0.3904.70',	'2019-11-13 19:01:08'),
(6,	'103.115.104.42',	'Windows 7',	'Google Chrome v.78.0.3904.87',	'2019-11-13 23:45:11'),
(7,	'103.115.104.42',	'Unknown',	'Google Chrome v.70.0.3538.102',	'2019-11-13 23:56:05'),
(8,	'103.115.104.42',	'Windows 7',	'Google Chrome v.78.0.3904.97',	'2019-11-13 23:58:07'),
(9,	'103.115.104.42',	'Unknown',	'Google Chrome v.78.0.3904.97',	'2019-11-13 23:58:59'),
(10,	'103.115.104.42',	'Linux',	'Google Chrome v.78.0.3904.97',	'2019-11-14 20:43:31'),
(11,	'103.115.104.42',	'Windows 7',	'Google Chrome v.78.0.3904.97',	'2019-11-14 20:47:23'),
(12,	'103.115.104.42',	'Unknown',	'Google Chrome v.78.0.3904.97',	'2019-11-14 20:48:30'),
(13,	'103.115.104.42',	'Windows 7',	'Google Chrome v.78.0.3904.87',	'2019-11-14 20:49:08'),
(14,	'103.115.104.42',	'Unknown',	'Google Chrome v.78.0.3904.97',	'2019-11-15 00:15:25'),
(15,	'140.213.91.194',	'Android',	'Google Chrome v.78.0.3904.96',	'2019-11-15 15:29:51'),
(16,	'112.215.243.80',	'Android',	'Google Chrome v.78.0.3904.96',	'2019-11-15 16:54:45'),
(17,	'114.5.241.243',	'Windows 7',	'Google Chrome v.78.0.3904.87',	'2019-11-16 23:12:59'),
(18,	'103.115.104.42',	'Windows 7',	'Google Chrome v.78.0.3904.87',	'2019-11-18 19:03:47'),
(19,	'103.115.104.42',	'Linux',	'Google Chrome v.78.0.3904.108',	'2019-11-18 22:51:58'),
(20,	'103.115.104.42',	'Unknown',	'Google Chrome v.78.0.3904.97',	'2019-11-19 19:53:00'),
(21,	'140.213.31.121',	'Windows 7',	'Google Chrome v.78.0.3904.97',	'2019-11-20 07:23:23'),
(22,	'103.115.104.42',	'Unknown',	'Google Chrome v.78.0.3904.97',	'2019-11-21 18:56:26'),
(23,	'103.115.104.42',	'Windows 7',	'Google Chrome v.78.0.3904.87',	'2019-11-25 19:45:43'),
(24,	'103.115.104.42',	'Android',	'Google Chrome v.4.0',	'2019-11-25 20:51:04'),
(25,	'103.115.104.42',	'Windows 7',	'Google Chrome v.78.0.3904.87',	'2019-11-25 21:03:16'),
(26,	'36.72.218.151',	'Android',	'Google Chrome v.78.0.3904.108',	'2019-11-27 18:48:42'),
(27,	'134.209.45.70',	'Unknown',	'Unknown v.?',	'2019-12-03 13:45:31'),
(28,	'103.115.104.42',	'Windows 7',	'Google Chrome v.78.0.3904.87',	'2019-12-03 23:06:12'),
(29,	'68.183.153.24',	'Unknown',	'Unknown v.?',	'2019-12-05 01:41:07'),
(30,	'157.245.126.59',	'Unknown',	'Unknown v.?',	'2019-12-05 01:45:49'),
(31,	'157.245.121.12',	'Unknown',	'Unknown v.?',	'2019-12-05 03:13:09'),
(32,	'202.80.219.98',	'Unknown',	'Google Chrome v.78.0.3904.108',	'2019-12-10 18:18:16'),
(33,	'103.115.104.42',	'Windows 7',	'Google Chrome v.78.0.3904.108',	'2019-12-10 18:20:20'),
(34,	'202.80.219.120',	'Unknown',	'Unknown v.?',	'2019-12-11 02:11:53'),
(35,	'202.80.216.67',	'Android',	'Google Chrome v.78.0.3904.90',	'2019-12-11 02:12:02'),
(36,	'114.125.81.69',	'Android',	'Google Chrome v.78.0.3904.108',	'2019-12-11 02:44:51'),
(37,	'103.115.104.42',	'Windows 7',	'Google Chrome v.78.0.3904.108',	'2019-12-11 21:42:11'),
(38,	'103.115.104.42',	'Windows 7',	'Google Chrome v.79.0.3945.79',	'2019-12-15 20:16:48'),
(39,	'103.115.104.42',	'Unknown',	'Google Chrome v.78.0.3904.108',	'2019-12-15 22:46:12'),
(40,	'202.80.218.121',	'Unknown',	'Google Chrome v.79.0.3945.79',	'2019-12-18 19:58:00'),
(41,	'114.125.127.18',	'Android',	'Google Chrome v.78.0.3904.90',	'2019-12-18 20:02:08'),
(42,	'202.80.219.98',	'Unknown',	'Mozilla Firefox v.71.0',	'2019-12-19 02:21:56'),
(43,	'202.80.218.243',	'Windows 7',	'Google Chrome v.79.0.3945.88',	'2019-12-19 20:03:53'),
(44,	'140.213.30.51',	'Unknown',	'Google Chrome v.79.0.3945.88',	'2019-12-21 08:21:07'),
(45,	'140.213.59.222',	'Windows 7',	'Google Chrome v.79.0.3945.79',	'2019-12-21 17:37:19'),
(46,	'140.213.59.222',	'Windows 7',	'Google Chrome v.79.0.3945.79',	'2019-12-21 23:30:32'),
(47,	'140.213.59.222',	'Android',	'Google Chrome v.79.0.3945.79',	'2019-12-22 03:09:50'),
(48,	'114.125.81.126',	'Android',	'Google Chrome v.78.0.3904.90',	'2019-12-23 08:41:37'),
(49,	'163.172.164.113',	'Linux',	'Google Chrome v.78.0.3904.108',	'2019-12-24 18:46:28'),
(50,	'51.158.114.198',	'Linux',	'Google Chrome v.78.0.3904.108',	'2019-12-24 20:49:34'),
(51,	'163.172.161.137',	'Linux',	'Google Chrome v.78.0.3904.108',	'2019-12-24 23:26:45'),
(52,	'55.234.192.110',	'Windows 7',	'Google Chrome v.42.0.2311.90',	'2019-12-25 01:25:26'),
(53,	'46.105.99.163',	'Unknown',	'Unknown v.?',	'2019-12-25 01:26:12'),
(54,	'46.105.99.163',	'Unknown',	'Unknown v.?',	'2019-12-25 01:26:21'),
(55,	'103.115.104.42',	'Windows 7',	'Google Chrome v.79.0.3945.79',	'2019-12-25 23:08:26'),
(56,	'103.115.104.42',	'Android',	'Google Chrome v.75.0.3770.101',	'2019-12-25 23:19:21'),
(57,	'103.115.104.42',	'Unknown',	'Google Chrome v.79.0.3945.88',	'2019-12-25 23:21:15'),
(58,	'103.115.104.42',	'Android',	'Google Chrome v.74.0.3729.136',	'2019-12-25 23:21:33'),
(59,	'103.115.104.42',	'Android',	'Google Chrome v.75.0.3770.101',	'2019-12-25 23:24:13'),
(60,	'103.115.104.42',	'Windows 7',	'Google Chrome v.79.0.3945.79',	'2019-12-26 01:12:58'),
(61,	'112.215.243.200',	'Windows 7',	'Google Chrome v.79.0.3945.79',	'2019-12-26 03:42:06'),
(62,	'84.234.141.95',	'Unknown',	'Unknown v.?',	'2019-12-26 17:11:17'),
(63,	'84.234.141.95',	'Unknown',	'Unknown v.?',	'2019-12-26 17:11:29'),
(64,	'84.234.141.95',	'Unknown',	'Unknown v.?',	'2019-12-26 17:12:53'),
(65,	'66.178.187.73',	'Windows 7',	'Google Chrome v.42.0.2311.90',	'2019-12-27 20:25:13'),
(66,	'192.99.15.15',	'Unknown',	'Unknown v.?',	'2019-12-27 20:26:00'),
(67,	'192.99.15.15',	'Unknown',	'Unknown v.?',	'2019-12-27 20:26:09'),
(68,	'103.115.104.42',	'Windows 7',	'Google Chrome v.79.0.3945.79',	'2019-12-31 00:25:48'),
(69,	'157.245.1.99',	'Unknown',	'Unknown v.?',	'2019-12-31 20:02:41'),
(70,	'157.245.3.129',	'Unknown',	'Unknown v.?',	'2019-12-31 22:37:32'),
(71,	'140.213.59.172',	'Windows 7',	'Google Chrome v.79.0.3945.79',	'2020-01-02 16:50:11'),
(72,	'140.213.59.172',	'Android',	'Google Chrome v.79.0.3945.79',	'2020-01-03 00:02:24'),
(73,	'114.4.220.66',	'Android',	'Google Chrome v.79.0.3945.79',	'2020-01-04 07:22:18'),
(74,	'114.4.220.66',	'Android',	'Google Chrome v.79.0.3945.79',	'2020-01-04 07:22:19'),
(75,	'18.136.197.5',	'Android',	'Google Chrome v.79.0.3945.79',	'2020-01-04 07:22:21'),
(76,	'103.115.104.42',	'Windows 7',	'Google Chrome v.79.0.3945.88',	'2020-01-05 18:21:59'),
(77,	'157.245.7.145',	'Unknown',	'Unknown v.?',	'2020-01-06 15:16:33'),
(78,	'165.22.40.87',	'Unknown',	'Unknown v.?',	'2020-01-06 15:51:16'),
(79,	'103.115.104.42',	'Unknown',	'Mozilla Firefox v.72.0',	'2020-01-06 17:25:28'),
(80,	'157.245.212.98',	'Unknown',	'Unknown v.?',	'2020-01-06 18:11:28'),
(81,	'103.115.104.42',	'Windows 7',	'Google Chrome v.79.0.3945.79',	'2020-01-06 18:47:54'),
(82,	'209.17.97.122',	'Unknown',	'Unknown v.?',	'2020-01-14 00:04:01'),
(83,	'209.17.97.50',	'Unknown',	'Unknown v.?',	'2020-01-14 08:38:25'),
(84,	'209.17.97.50',	'Unknown',	'Unknown v.?',	'2020-01-14 08:41:10'),
(85,	'112.215.242.239',	'Android',	'Google Chrome v.79.0.3945.79',	'2020-01-16 17:29:27'),
(86,	'209.17.96.26',	'Unknown',	'Unknown v.?',	'2020-01-17 14:07:09'),
(87,	'209.17.96.202',	'Unknown',	'Unknown v.?',	'2020-01-17 23:47:07'),
(88,	'209.17.96.98',	'Unknown',	'Unknown v.?',	'2020-01-18 00:12:45'),
(89,	'103.115.104.42',	'Windows 7',	'Google Chrome v.79.0.3945.117',	'2020-01-20 19:27:10'),
(90,	'209.17.97.34',	'Unknown',	'Unknown v.?',	'2020-01-21 02:56:54'),
(91,	'209.17.97.98',	'Unknown',	'Unknown v.?',	'2020-01-21 20:57:14'),
(92,	'209.17.96.42',	'Unknown',	'Unknown v.?',	'2020-01-22 12:41:15'),
(93,	'103.115.104.42',	'Windows 7',	'Google Chrome v.79.0.3945.130',	'2020-01-23 21:46:59'),
(94,	'209.17.96.202',	'Unknown',	'Unknown v.?',	'2020-01-23 22:29:22'),
(95,	'209.17.96.162',	'Unknown',	'Unknown v.?',	'2020-01-24 08:31:00'),
(96,	'209.17.96.98',	'Unknown',	'Unknown v.?',	'2020-01-25 00:30:09'),
(97,	'209.17.96.82',	'Unknown',	'Unknown v.?',	'2020-01-28 02:38:15'),
(98,	'140.213.56.93',	'Windows 7',	'Google Chrome v.79.0.3945.130',	'2020-01-28 06:02:36'),
(99,	'209.17.96.146',	'Unknown',	'Unknown v.?',	'2020-01-28 14:23:05'),
(100,	'209.17.96.74',	'Unknown',	'Unknown v.?',	'2020-01-28 16:27:30'),
(101,	'209.17.97.114',	'Unknown',	'Unknown v.?',	'2020-01-28 23:17:35'),
(102,	'209.97.145.165',	'Unknown',	'Unknown v.?',	'2020-01-29 17:13:39'),
(103,	'167.172.234.140',	'Unknown',	'Unknown v.?',	'2020-01-29 18:23:31'),
(104,	'209.17.96.122',	'Unknown',	'Unknown v.?',	'2020-01-31 07:36:42'),
(105,	'209.17.96.242',	'Unknown',	'Unknown v.?',	'2020-01-31 10:12:29'),
(106,	'209.17.96.234',	'Unknown',	'Unknown v.?',	'2020-01-31 15:39:56'),
(107,	'209.17.96.138',	'Unknown',	'Unknown v.?',	'2020-01-31 22:39:02'),
(108,	'112.215.173.164',	'Unknown',	'Google Chrome v.79.0.3945.130',	'2020-02-02 04:58:58'),
(109,	'112.215.173.164',	'Android',	'Google Chrome v.79.0.3945.116',	'2020-02-02 05:33:22'),
(110,	'114.4.220.0',	'Windows 7',	'Google Chrome v.79.0.3945.130',	'2020-02-02 06:18:52'),
(111,	'114.4.220.0',	'Windows 7',	'Google Chrome v.79.0.3945.130',	'2020-02-02 06:18:53'),
(112,	'112.215.173.164',	'Unknown',	'Mozilla Firefox v.72.0',	'2020-02-02 11:17:15'),
(113,	'103.115.104.42',	'Windows 7',	'Google Chrome v.79.0.3945.130',	'2020-02-04 02:16:22'),
(114,	'103.115.104.42',	'Android',	'Google Chrome v.79.0.3945.79',	'2020-02-04 05:07:41'),
(115,	'103.115.104.42',	'Unknown',	'Google Chrome v.78.0.3904.108',	'2020-02-04 05:48:19'),
(116,	'114.79.47.130',	'Android',	'Google Chrome v.4.0',	'2020-02-04 05:58:28'),
(117,	'112.215.241.102',	'iPhone',	'Apple Safari v.12.1.2',	'2020-02-04 06:01:28'),
(118,	'112.215.241.102',	'iPhone',	'Apple Safari v.12.1.2',	'2020-02-04 06:01:37'),
(119,	'115.178.255.198',	'Android',	'Google Chrome v.4.0',	'2020-02-04 06:01:50'),
(120,	'114.125.81.89',	'Android',	'Google Chrome v.4.0',	'2020-02-04 06:01:54'),
(121,	'112.215.240.120',	'Android',	'Google Chrome v.79.0.3945.136',	'2020-02-04 06:01:56'),
(122,	'114.5.240.132',	'Android',	'Google Chrome v.4.0',	'2020-02-04 06:02:18'),
(123,	'114.5.216.121',	'Android',	'Google Chrome v.79.0.3945.93',	'2020-02-04 06:02:47'),
(124,	'182.1.114.190',	'Android',	'Google Chrome v.79.0.3945.136',	'2020-02-04 06:03:11'),
(125,	'114.125.81.112',	'Android',	'Google Chrome v.79.0.3945.93',	'2020-02-04 06:03:11'),
(126,	'114.125.81.85',	'Android',	'Google Chrome v.79.0.3945.136',	'2020-02-04 06:03:19'),
(127,	'114.125.125.209',	'Android',	'Google Chrome v.67.0.3396.87',	'2020-02-04 06:03:34'),
(128,	'114.142.168.57',	'Android',	'Google Chrome v.78.0.3904.96',	'2020-02-04 06:03:58'),
(129,	'103.115.104.42',	'Android',	'Google Chrome v.79.0.3945.136',	'2020-02-04 06:04:02'),
(130,	'114.125.81.125',	'Android',	'Google Chrome v.4.0',	'2020-02-04 06:04:15'),
(131,	'114.4.219.90',	'Android',	'Google Chrome v.79.0.3945.136',	'2020-02-04 06:04:22'),
(132,	'114.4.219.90',	'Android',	'Google Chrome v.79.0.3945.136',	'2020-02-04 06:04:22'),
(133,	'114.4.219.90',	'Android',	'Google Chrome v.79.0.3945.136',	'2020-02-04 06:04:22'),
(134,	'120.188.79.102',	'Android',	'Google Chrome v.71.0.3578.99',	'2020-02-04 06:05:31'),
(135,	'120.188.79.102',	'Android',	'Google Chrome v.71.0.3578.99',	'2020-02-04 06:05:31'),
(136,	'120.188.79.102',	'Android',	'Google Chrome v.71.0.3578.99',	'2020-02-04 06:05:33'),
(137,	'182.1.98.231',	'Android',	'Google Chrome v.4.0',	'2020-02-04 06:08:38'),
(138,	'114.5.223.214',	'Android',	'Google Chrome v.79.0.3945.136',	'2020-02-04 06:08:55'),
(139,	'114.125.81.119',	'Android',	'Google Chrome v.4.0',	'2020-02-04 06:26:12'),
(140,	'114.142.168.43',	'iPhone',	'Apple Safari v.13.0.4',	'2020-02-04 06:29:59'),
(141,	'118.96.166.158',	'Android',	'Google Chrome v.4.0',	'2020-02-04 07:22:06'),
(142,	'36.72.246.124',	'Windows 7',	'Google Chrome v.79.0.3945.130',	'2020-02-04 07:33:24'),
(143,	'180.254.108.194',	'Android',	'Google Chrome v.4.0',	'2020-02-04 07:44:13'),
(144,	'180.254.108.194',	'Android',	'Google Chrome v.79.0.3945.136',	'2020-02-04 07:53:45'),
(145,	'36.81.29.126',	'Windows 7',	'Google Chrome v.79.0.3945.130',	'2020-02-04 09:18:22'),
(146,	'118.96.158.112',	'Windows 7',	'Google Chrome v.74.0.3729.169',	'2020-02-05 00:20:07'),
(147,	'140.213.57.85',	'Unknown',	'Google Chrome v.79.0.3945.130',	'2020-02-05 00:54:23'),
(148,	'36.72.246.124',	'Windows 7',	'Google Chrome v.79.0.3945.130',	'2020-02-05 01:14:01'),
(149,	'125.163.151.40',	'Android',	'Google Chrome v.79.0.3945.136',	'2020-02-05 02:14:22'),
(150,	'114.79.47.17',	'Android',	'Google Chrome v.4.0',	'2020-02-05 14:13:34'),
(151,	'140.213.58.192',	'Unknown',	'Mozilla Firefox v.72.0',	'2020-02-05 22:50:02'),
(152,	'103.115.104.42',	'Windows 7',	'Google Chrome v.79.0.3945.130',	'2020-02-06 03:51:34'),
(153,	'36.80.238.209',	'Android',	'Google Chrome v.79.0.3945.136',	'2020-02-06 07:01:50'),
(154,	'192.99.15.15',	'Windows 8',	'Mozilla Firefox v.30.0',	'2020-02-08 02:56:40'),
(155,	'192.99.15.15',	'Mac OS X',	'Google Chrome v.36.0.1985.125',	'2020-02-08 02:56:47'),
(156,	'192.99.15.15',	'Unknown',	'Google Chrome v.36.0.1985.143',	'2020-02-08 02:56:52'),
(157,	'192.99.15.15',	'Windows 7',	'Internet Explorer v.9.0',	'2020-02-08 02:56:55'),
(158,	'36.72.213.84',	'Android',	'Mozilla Firefox v.68.0',	'2020-02-12 08:03:29'),
(159,	'36.72.216.121',	'iPhone',	'Apple Safari v.12.1.2',	'2020-02-15 17:05:12'),
(160,	'114.142.168.23',	'Windows 7',	'Google Chrome v.80.0.3987.106',	'2020-02-17 02:39:10'),
(161,	'103.115.104.42',	'Windows 7',	'Google Chrome v.80.0.3987.106',	'2020-02-18 02:23:46'),
(162,	'103.115.104.42',	'Android',	'Google Chrome v.79.0.3945.79',	'2020-02-18 04:30:05'),
(163,	'103.115.104.42',	'Windows 7',	'Google Chrome v.80.0.3987.106',	'2020-02-19 02:30:14'),
(164,	'103.115.104.42',	'Unknown',	'Mozilla Firefox v.73.0',	'2020-02-19 06:32:03'),
(165,	'103.115.104.42',	'Unknown',	'Google Chrome v.79.0.3945.130',	'2020-02-20 03:54:50'),
(166,	'114.125.81.111',	'Android',	'Google Chrome v.4.0',	'2020-02-23 01:13:56'),
(167,	'203.78.117.239',	'Unknown',	'Google Chrome v.80.0.3987.106',	'2020-02-23 01:21:59'),
(168,	'203.78.117.239',	'Unknown',	'Google Chrome v.80.0.3987.106',	'2020-02-23 01:22:00'),
(169,	'203.78.117.239',	'Unknown',	'Google Chrome v.80.0.3987.106',	'2020-02-23 01:22:00'),
(170,	'103.115.104.42',	'Windows 7',	'Google Chrome v.80.0.3987.106',	'2020-02-24 09:23:10'),
(171,	'103.115.104.42',	'Android',	'Google Chrome v.79.0.3945.79',	'2020-02-24 09:24:55'),
(172,	'103.115.104.42',	'Windows 7',	'Google Chrome v.80.0.3987.106',	'2020-02-24 09:32:40'),
(173,	'103.115.104.42',	'Windows 7',	'Google Chrome v.80.0.3987.106',	'2020-02-24 09:32:40'),
(174,	'178.128.82.122',	'Windows 7',	'Google Chrome v.80.0.3987.106',	'2020-02-25 01:55:42'),
(175,	'103.115.104.42',	'Unknown',	'Google Chrome v.79.0.3945.130',	'2020-02-26 03:11:19'),
(176,	'103.115.104.42',	'Windows 7',	'Google Chrome v.80.0.3987.122',	'2020-02-26 03:49:39'),
(177,	'103.115.104.42',	'Unknown',	'Google Chrome v.79.0.3945.130',	'2020-02-28 03:08:20'),
(178,	'51.77.249.204',	'Windows 7',	'Mozilla Firefox v.57.0',	'2020-02-29 16:27:37'),
(179,	'51.77.249.204',	'Android',	'Google Chrome v.73.0.3683.90',	'2020-03-01 01:51:30'),
(180,	'103.115.104.42',	'Windows 7',	'Google Chrome v.80.0.3987.122',	'2020-03-02 01:30:14'),
(181,	'103.115.104.42',	'Unknown',	'Google Chrome v.79.0.3945.130',	'2020-03-02 02:29:37'),
(182,	'174.138.54.128',	'Unknown',	'Unknown v.?',	'2020-03-02 06:12:15'),
(183,	'167.71.102.105',	'Unknown',	'Unknown v.?',	'2020-03-04 23:29:12'),
(184,	'68.183.154.84',	'Unknown',	'Unknown v.?',	'2020-03-05 00:32:37'),
(185,	'103.115.104.42',	'Windows 7',	'Google Chrome v.80.0.3987.122',	'2020-03-06 07:10:28'),
(186,	'103.115.104.42',	'Unknown',	'Google Chrome v.80.0.3987.132',	'2020-03-06 07:11:21'),
(187,	'112.215.200.132',	'Android',	'Google Chrome v.79.0.3945.79',	'2020-03-08 21:20:29'),
(188,	'103.115.104.42',	'Unknown',	'Google Chrome v.80.0.3987.132',	'2020-03-10 05:41:49'),
(189,	'103.115.104.42',	'Unknown',	'Mozilla Firefox v.73.0',	'2020-03-11 01:48:34'),
(190,	'103.115.104.42',	'Windows 7',	'Google Chrome v.80.0.3987.132',	'2020-03-11 02:19:41'),
(191,	'103.115.104.42',	'Windows 7',	'Google Chrome v.70.0.3538.102',	'2020-03-12 02:25:36'),
(192,	'103.115.104.42',	'Windows 7',	'Google Chrome v.80.0.3987.132',	'2020-03-12 03:26:54'),
(193,	'103.115.104.42',	'Windows 7',	'Google Chrome v.80.0.3987.132',	'2020-03-12 07:02:22'),
(194,	'103.115.104.42',	'Unknown',	'Mozilla Firefox v.73.0',	'2020-03-17 02:34:01'),
(195,	'103.115.104.42',	'Windows 7',	'Google Chrome v.80.0.3987.132',	'2020-03-17 06:41:57'),
(196,	'103.115.104.42',	'Android',	'Google Chrome v.79.0.3945.79',	'2020-03-17 09:37:25'),
(197,	'103.115.104.42',	'Android',	'Google Chrome v.79.0.3945.79',	'2020-03-17 09:37:30'),
(198,	'103.115.104.42',	'Unknown',	'Mozilla Firefox v.75.0',	'2020-03-18 04:19:27'),
(199,	'103.115.104.42',	'Unknown',	'Mozilla Firefox v.74.0',	'2020-03-18 04:22:44'),
(200,	'103.115.104.42',	'Unknown',	'Google Chrome v.80.0.3987.122',	'2020-03-19 04:29:00'),
(201,	'103.115.104.42',	'Unknown',	'Google Chrome v.70.0.3538.102',	'2020-03-19 04:50:49'),
(202,	'103.115.104.42',	'Unknown',	'Mozilla Firefox v.74.0',	'2020-03-19 05:44:40'),
(203,	'103.115.104.42',	'Unknown',	'Google Chrome v.80.0.3987.132',	'2020-03-19 06:55:34'),
(204,	'114.6.128.6',	'Unknown',	'Unknown v.?',	'2020-03-25 19:15:26'),
(205,	'65.154.226.109',	'Windows 7',	'Internet Explorer v.8.0',	'2020-03-27 14:13:19'),
(206,	'65.154.226.220',	'Windows 7',	'Google Chrome v.68.0.3440.106',	'2020-03-27 19:08:28'),
(207,	'65.154.226.220',	'Linux',	'Google Chrome v.78.0.3904.70',	'2020-03-27 19:08:34'),
(208,	'139.180.137.213',	'Unknown',	'Unknown v.?',	'2020-03-28 05:34:39'),
(209,	'139.180.137.213',	'Unknown',	'Unknown v.?',	'2020-03-28 05:34:39'),
(210,	'139.180.137.213',	'Unknown',	'Unknown v.?',	'2020-03-28 13:34:33'),
(211,	'139.180.137.213',	'Unknown',	'Unknown v.?',	'2020-03-28 13:34:33'),
(212,	'139.180.137.213',	'Unknown',	'Unknown v.?',	'2020-03-28 17:59:33'),
(213,	'139.180.137.213',	'Unknown',	'Unknown v.?',	'2020-03-28 17:59:33'),
(214,	'112.215.209.10',	'Windows 7',	'Google Chrome v.80.0.3987.149',	'2020-03-29 22:11:57'),
(215,	'165.227.101.64',	'Unknown',	'Unknown v.?',	'2020-03-31 13:47:58'),
(216,	'118.69.84.68',	'Unknown',	'Google Chrome v.73.0.3683.103',	'2020-04-02 23:05:52'),
(217,	'118.69.84.68',	'Unknown',	'Google Chrome v.73.0.3683.103',	'2020-04-02 23:05:53'),
(218,	'167.71.86.102',	'Unknown',	'Unknown v.?',	'2020-04-04 06:08:55'),
(219,	'104.248.3.120',	'Unknown',	'Unknown v.?',	'2020-04-04 07:01:41'),
(220,	'114.4.223.115',	'Windows 7',	'Google Chrome v.80.0.3987.149',	'2020-04-06 05:32:55'),
(221,	'114.4.223.115',	'Windows 7',	'Google Chrome v.80.0.3987.149',	'2020-04-06 05:33:02'),
(222,	'114.4.223.115',	'Windows 7',	'Google Chrome v.80.0.3987.149',	'2020-04-06 05:33:16'),
(223,	'114.4.223.115',	'Windows 7',	'Google Chrome v.80.0.3987.149',	'2020-04-06 05:33:16'),
(224,	'114.4.223.115',	'Windows 7',	'Google Chrome v.80.0.3987.149',	'2020-04-06 05:33:18'),
(225,	'209.17.97.42',	'Unknown',	'Unknown v.?',	'2020-04-17 14:52:11'),
(226,	'209.17.97.74',	'Unknown',	'Unknown v.?',	'2020-04-18 05:26:45'),
(227,	'103.115.104.42',	'Unknown',	'Mozilla Firefox v.74.0',	'2020-04-20 01:21:25'),
(228,	'13.77.42.17',	'Unknown',	'Google Chrome v.78.0.3904.108',	'2020-04-20 23:11:41'),
(229,	'13.77.42.17',	'Ubuntu',	'Mozilla Firefox v.28.0',	'2020-04-21 00:17:12'),
(230,	'13.77.42.17',	'Ubuntu',	'Mozilla Firefox v.28.0',	'2020-04-21 00:17:14'),
(231,	'13.77.42.17',	'Ubuntu',	'Mozilla Firefox v.28.0',	'2020-04-21 00:17:16'),
(232,	'209.17.96.130',	'Unknown',	'Unknown v.?',	'2020-04-21 10:17:36'),
(233,	'209.17.96.122',	'Unknown',	'Unknown v.?',	'2020-04-21 15:57:14'),
(234,	'36.81.15.216',	'Ubuntu',	'Mozilla Firefox v.28.0',	'2020-04-22 20:42:06'),
(235,	'36.81.15.216',	'Ubuntu',	'Mozilla Firefox v.28.0',	'2020-04-22 20:42:11'),
(236,	'36.81.15.216',	'Ubuntu',	'Mozilla Firefox v.28.0',	'2020-04-22 20:42:13'),
(237,	'209.17.96.130',	'Unknown',	'Unknown v.?',	'2020-04-24 10:27:36'),
(238,	'209.17.96.138',	'Unknown',	'Unknown v.?',	'2020-04-25 00:26:18'),
(239,	'209.17.96.98',	'Unknown',	'Unknown v.?',	'2020-04-27 17:14:14'),
(240,	'112.215.154.160',	'Android',	'Google Chrome v.79.0.3945.79',	'2020-04-28 02:15:19'),
(241,	'209.17.96.90',	'Unknown',	'Unknown v.?',	'2020-04-29 00:44:37'),
(242,	'167.99.48.174',	'Unknown',	'Unknown v.?',	'2020-04-30 14:01:44'),
(243,	'209.17.96.146',	'Unknown',	'Unknown v.?',	'2020-05-01 23:35:36'),
(244,	'209.17.97.42',	'Unknown',	'Unknown v.?',	'2020-05-03 15:03:29'),
(245,	'167.71.251.220',	'Unknown',	'Unknown v.?',	'2020-05-04 12:31:33'),
(246,	'209.17.97.58',	'Unknown',	'Unknown v.?',	'2020-05-05 03:22:16'),
(247,	'134.209.163.61',	'Unknown',	'Unknown v.?',	'2020-05-05 09:25:44'),
(248,	'167.172.26.121',	'Unknown',	'Unknown v.?',	'2020-05-05 10:52:52'),
(249,	'209.17.96.178',	'Unknown',	'Unknown v.?',	'2020-05-06 04:58:16'),
(250,	'103.115.104.42',	'Unknown',	'Mozilla Firefox v.76.0',	'2020-05-07 07:45:04'),
(251,	'112.215.240.9',	'Android',	'Google Chrome v.79.0.3945.79',	'2020-05-07 13:52:56'),
(252,	'209.17.97.82',	'Unknown',	'Unknown v.?',	'2020-05-07 22:17:46'),
(253,	'103.115.104.42',	'Unknown',	'Google Chrome v.81.0.4044.138',	'2020-05-10 01:56:48'),
(254,	'112.215.173.8',	'Android',	'Google Chrome v.79.0.3945.79',	'2020-05-11 08:13:21'),
(255,	'103.115.104.42',	'Unknown',	'Google Chrome v.81.0.4044.138',	'2020-05-12 06:18:01'),
(256,	'209.17.96.130',	'Unknown',	'Unknown v.?',	'2020-05-13 04:30:46'),
(257,	'209.17.96.202',	'Unknown',	'Unknown v.?',	'2020-05-13 05:38:46'),
(258,	'209.17.96.178',	'Unknown',	'Unknown v.?',	'2020-05-15 14:19:48'),
(259,	'209.17.96.218',	'Unknown',	'Unknown v.?',	'2020-05-15 15:55:22'),
(260,	'209.17.96.130',	'Unknown',	'Unknown v.?',	'2020-05-20 15:45:32'),
(261,	'209.17.97.122',	'Unknown',	'Unknown v.?',	'2020-05-20 16:23:55'),
(262,	'209.17.96.162',	'Unknown',	'Unknown v.?',	'2020-05-22 11:21:36'),
(263,	'209.17.97.42',	'Unknown',	'Unknown v.?',	'2020-05-22 12:35:16'),
(264,	'103.115.104.42',	'Unknown',	'Google Chrome v.81.0.4044.138',	'2020-05-26 03:24:12'),
(265,	'209.17.96.170',	'Unknown',	'Unknown v.?',	'2020-05-26 12:02:17'),
(266,	'209.17.96.66',	'Unknown',	'Unknown v.?',	'2020-05-28 00:12:53'),
(267,	'209.17.96.114',	'Unknown',	'Unknown v.?',	'2020-05-29 19:37:08'),
(268,	'167.71.254.226',	'Unknown',	'Unknown v.?',	'2020-05-30 00:42:11'),
(269,	'209.17.97.42',	'Unknown',	'Unknown v.?',	'2020-05-30 03:38:43'),
(270,	'68.183.59.143',	'Unknown',	'Unknown v.?',	'2020-06-01 11:57:08'),
(271,	'209.17.96.194',	'Unknown',	'Unknown v.?',	'2020-06-02 12:07:07'),
(272,	'103.115.104.42',	'Unknown',	'Google Chrome v.83.0.4103.61',	'2020-06-02 22:47:17'),
(273,	'103.115.104.42',	'Unknown',	'Google Chrome v.83.0.4103.61',	'2020-06-02 23:01:27'),
(274,	'209.17.96.82',	'Unknown',	'Unknown v.?',	'2020-06-03 00:17:22'),
(275,	'103.115.104.42',	'Unknown',	'Mozilla Firefox v.77.0',	'2020-06-04 02:01:02'),
(276,	'111.7.100.26',	'Unknown',	'Google Chrome v.72.0.3626.119',	'2020-06-05 03:44:32'),
(277,	'111.7.100.27',	'Unknown',	'Google Chrome v.72.0.3626.119',	'2020-06-05 03:44:36'),
(278,	'111.7.100.26',	'Unknown',	'Google Chrome v.72.0.3626.119',	'2020-06-05 03:44:48'),
(279,	'111.7.100.27',	'Unknown',	'Google Chrome v.72.0.3626.119',	'2020-06-05 03:44:48'),
(280,	'111.7.100.26',	'Unknown',	'Google Chrome v.72.0.3626.119',	'2020-06-05 03:44:50'),
(281,	'111.7.100.24',	'Unknown',	'Google Chrome v.72.0.3626.119',	'2020-06-05 03:44:54'),
(282,	'111.7.100.26',	'Unknown',	'Google Chrome v.72.0.3626.119',	'2020-06-05 03:44:55'),
(283,	'103.115.104.42',	'Unknown',	'Google Chrome v.83.0.4103.97',	'2020-06-05 07:37:35'),
(284,	'159.203.164.108',	'Unknown',	'Unknown v.?',	'2020-06-05 19:10:45'),
(285,	'165.22.39.55',	'Unknown',	'Unknown v.?',	'2020-06-05 21:36:29'),
(286,	'209.17.97.10',	'Unknown',	'Unknown v.?',	'2020-06-06 07:44:04'),
(287,	'183.136.225.46',	'Mac OS X',	'Mozilla Firefox v.47.0',	'2020-06-06 13:11:37'),
(288,	'183.136.225.46',	'Mac OS X',	'Mozilla Firefox v.47.0',	'2020-06-06 13:33:17'),
(289,	'103.115.104.42',	'Unknown',	'Google Chrome v.83.0.4103.97',	'2020-06-08 04:42:52'),
(290,	'39.104.187.28',	'Mac OS X',	'Google Chrome v.76.0.3809.132',	'2020-06-08 09:00:34'),
(291,	'47.108.71.201',	'Mac OS X',	'Google Chrome v.76.0.3809.132',	'2020-06-08 09:06:13'),
(292,	'209.17.97.18',	'Unknown',	'Unknown v.?',	'2020-06-10 13:13:29'),
(293,	'103.115.104.42',	'Unknown',	'Google Chrome v.83.0.4103.97',	'2020-06-11 03:20:22'),
(294,	'103.115.104.42',	'Unknown',	'Google Chrome v.83.0.4103.97',	'2020-06-11 03:20:22'),
(295,	'209.17.97.2',	'Unknown',	'Unknown v.?',	'2020-06-12 18:01:50'),
(296,	'183.136.225.46',	'Mac OS X',	'Mozilla Firefox v.47.0',	'2020-06-14 10:25:17'),
(297,	'183.136.225.46',	'Mac OS X',	'Mozilla Firefox v.47.0',	'2020-06-14 11:26:30'),
(298,	'209.17.96.34',	'Unknown',	'Unknown v.?',	'2020-06-17 08:10:43'),
(299,	'209.17.97.90',	'Unknown',	'Unknown v.?',	'2020-06-19 01:36:29'),
(300,	'183.136.225.46',	'Mac OS X',	'Mozilla Firefox v.47.0',	'2020-06-22 07:10:13'),
(301,	'209.17.96.10',	'Unknown',	'Unknown v.?',	'2020-06-23 14:04:21'),
(302,	'103.115.104.42',	'Unknown',	'Google Chrome v.83.0.4103.106',	'2020-06-24 01:58:11'),
(303,	'103.115.104.42',	'Unknown',	'Google Chrome v.83.0.4103.97',	'2020-06-25 02:35:18'),
(304,	'140.213.163.185',	'Unknown',	'Google Chrome v.83.0.4103.106',	'2020-06-25 13:02:13'),
(305,	'209.17.96.98',	'Unknown',	'Unknown v.?',	'2020-06-26 09:06:25'),
(306,	'140.213.57.70',	'Unknown',	'Mozilla Firefox v.77.0',	'2020-06-27 00:04:32'),
(307,	'209.17.96.242',	'Unknown',	'Unknown v.?',	'2020-06-29 12:53:08'),
(308,	'10.0.0.26',	'Unknown',	'Google Chrome v.83.0.4103.97',	'2020-06-29 18:49:15'),
(309,	'10.0.0.26',	'Unknown',	'Google Chrome v.83.0.4103.116',	'2020-07-01 20:18:31'),
(310,	'10.0.0.26',	'Unknown',	'Google Chrome v.83.0.4103.116',	'2020-07-01 20:18:31'),
(311,	'10.0.0.26',	'Android',	'Google Chrome v.79.0.3945.79',	'2020-07-01 22:10:26'),
(312,	'134.209.45.52',	'Unknown',	'Unknown v.?',	'2020-07-03 00:01:45'),
(313,	'10.0.0.26',	'Unknown',	'Mozilla Firefox v.78.0',	'2020-07-03 01:03:02'),
(314,	'34.82.103.126',	'Unknown',	'Mozilla Firefox v.56.0',	'2020-07-03 16:44:01'),
(315,	'34.82.103.126',	'Unknown',	'Mozilla Firefox v.56.0',	'2020-07-03 16:44:02'),
(316,	'34.82.192.151',	'Unknown',	'Mozilla Firefox v.56.0',	'2020-07-03 17:21:40'),
(317,	'34.82.192.151',	'Unknown',	'Mozilla Firefox v.56.0',	'2020-07-03 17:21:40'),
(318,	'209.17.96.2',	'Unknown',	'Unknown v.?',	'2020-07-04 10:08:36'),
(319,	'34.82.192.151',	'Unknown',	'Mozilla Firefox v.56.0',	'2020-07-05 03:31:42'),
(320,	'34.82.192.151',	'Unknown',	'Mozilla Firefox v.56.0',	'2020-07-05 03:31:43'),
(321,	'165.227.184.177',	'Unknown',	'Unknown v.?',	'2020-07-05 13:29:51'),
(322,	'167.172.242.133',	'Unknown',	'Unknown v.?',	'2020-07-05 14:13:20'),
(323,	'34.82.192.151',	'Unknown',	'Mozilla Firefox v.56.0',	'2020-07-06 07:56:31'),
(324,	'34.82.192.151',	'Unknown',	'Mozilla Firefox v.56.0',	'2020-07-06 07:56:31'),
(325,	'103.115.104.42',	'Unknown',	'Google Chrome v.83.0.4103.116',	'2020-07-09 23:13:21'),
(326,	'103.115.104.42',	'Unknown',	'Google Chrome v.83.0.4103.116',	'2020-07-12 19:54:13'),
(327,	'103.115.104.42',	'Unknown',	'Google Chrome v.83.0.4103.116',	'2020-07-14 19:48:49'),
(328,	'183.136.225.46',	'Mac OS X',	'Mozilla Firefox v.47.0',	'2020-07-18 23:54:59'),
(329,	'183.136.225.46',	'Mac OS X',	'Mozilla Firefox v.47.0',	'2020-07-19 01:25:25'),
(330,	'34.82.103.126',	'Unknown',	'Mozilla Firefox v.56.0',	'2020-07-22 17:13:05'),
(331,	'34.82.103.126',	'Unknown',	'Mozilla Firefox v.56.0',	'2020-07-22 17:13:06'),
(332,	'140.213.168.87',	'Windows 7',	'Google Chrome v.84.0.4147.89',	'2020-07-23 16:19:41'),
(333,	'104.131.33.249',	'Unknown',	'Unknown v.?',	'2020-08-02 20:55:20'),
(334,	'51.15.192.148',	'Linux',	'Google Chrome v.78.0.3904.108',	'2020-08-03 07:49:31'),
(335,	'104.131.80.9',	'Unknown',	'Unknown v.?',	'2020-08-09 02:46:16'),
(336,	'104.131.56.77',	'Unknown',	'Unknown v.?',	'2020-08-09 03:56:11'),
(337,	'35.247.11.16',	'Unknown',	'Mozilla Firefox v.56.0',	'2020-08-10 00:49:59'),
(338,	'35.247.11.16',	'Unknown',	'Mozilla Firefox v.56.0',	'2020-08-10 00:50:00'),
(339,	'209.17.96.186',	'Unknown',	'Unknown v.?',	'2020-08-15 05:56:32'),
(340,	'131.220.6.156',	'Linux',	'Google Chrome v.79.0.3945.79',	'2020-08-16 17:59:42'),
(341,	'131.220.6.156',	'Linux',	'Google Chrome v.79.0.3945.79',	'2020-08-16 17:59:42'),
(342,	'209.17.96.226',	'Unknown',	'Unknown v.?',	'2020-08-17 17:40:19'),
(343,	'209.17.96.2',	'Unknown',	'Unknown v.?',	'2020-08-18 04:21:17'),
(344,	'209.17.96.226',	'Unknown',	'Unknown v.?',	'2020-08-21 07:14:10'),
(345,	'209.17.97.82',	'Unknown',	'Unknown v.?',	'2020-08-22 09:40:16'),
(346,	'144.168.162.250',	'Windows 7',	'Google Chrome v.34.0.1847.131',	'2020-08-23 01:09:05'),
(347,	'209.17.96.10',	'Unknown',	'Unknown v.?',	'2020-08-25 23:30:01'),
(348,	'34.83.151.140',	'Unknown',	'Mozilla Firefox v.79.0',	'2020-08-28 08:23:19'),
(349,	'34.83.151.140',	'Unknown',	'Mozilla Firefox v.79.0',	'2020-08-28 08:23:19'),
(350,	'209.17.96.234',	'Unknown',	'Unknown v.?',	'2020-08-30 00:47:39'),
(351,	'209.17.96.226',	'Unknown',	'Unknown v.?',	'2020-09-02 04:34:12'),
(352,	'64.225.12.42',	'Unknown',	'Unknown v.?',	'2020-09-02 12:13:55'),
(353,	'209.17.96.106',	'Unknown',	'Unknown v.?',	'2020-09-02 12:58:08'),
(354,	'103.115.104.42',	'Unknown',	'Google Chrome v.80.0.3987.132',	'2020-09-03 00:09:53'),
(355,	'209.17.97.42',	'Unknown',	'Unknown v.?',	'2020-09-05 06:17:33'),
(356,	'209.17.97.18',	'Unknown',	'Unknown v.?',	'2020-09-05 12:26:28'),
(357,	'104.131.178.58',	'Unknown',	'Unknown v.?',	'2020-09-07 11:14:29'),
(358,	'167.172.231.254',	'Unknown',	'Unknown v.?',	'2020-09-07 14:17:19'),
(359,	'182.2.42.0',	'Windows 7',	'Google Chrome v.85.0.4183.102',	'2020-09-08 18:37:16'),
(360,	'209.17.96.218',	'Unknown',	'Unknown v.?',	'2020-09-09 11:18:55'),
(361,	'165.22.107.33',	'Unknown',	'Unknown v.?',	'2020-09-10 07:01:16'),
(362,	'165.22.107.33',	'Unknown',	'Unknown v.?',	'2020-09-10 07:05:47'),
(363,	'165.22.107.33',	'Windows 7',	'Unknown v.?',	'2020-09-10 08:09:40'),
(364,	'165.22.107.33',	'Windows 7',	'Unknown v.?',	'2020-09-10 08:09:43'),
(365,	'165.22.107.33',	'Windows 7',	'Unknown v.?',	'2020-09-10 08:11:33'),
(366,	'165.22.107.33',	'Windows 7',	'Unknown v.?',	'2020-09-10 08:11:34'),
(367,	'165.22.107.33',	'Unknown',	'Unknown v.?',	'2020-09-10 09:34:00'),
(368,	'165.22.107.33',	'Unknown',	'Unknown v.?',	'2020-09-10 09:38:38'),
(369,	'182.2.70.227',	'Windows 7',	'Google Chrome v.85.0.4183.102',	'2020-09-10 15:49:09'),
(370,	'209.17.96.58',	'Unknown',	'Unknown v.?',	'2020-09-11 08:26:05'),
(371,	'209.17.96.90',	'Unknown',	'Unknown v.?',	'2020-09-11 13:06:27'),
(372,	'37.59.54.36',	'Windows 7',	'Google Chrome v.42.0.2311.90',	'2020-09-16 06:07:20'),
(373,	'35.247.11.16',	'Unknown',	'Mozilla Firefox v.79.0',	'2020-09-17 02:50:35'),
(374,	'35.247.11.16',	'Unknown',	'Mozilla Firefox v.79.0',	'2020-09-17 02:50:36'),
(375,	'192.99.14.187',	'Windows XP',	'Mozilla Firefox v.31.0',	'2020-09-18 03:36:23'),
(376,	'192.99.14.187',	'Windows 8',	'Google Chrome v.36.0.1985.125',	'2020-09-18 03:38:02'),
(377,	'37.59.54.36',	'Unknown',	'Unknown v.?',	'2020-09-28 07:06:14'),
(378,	'209.17.96.18',	'Unknown',	'Unknown v.?',	'2020-09-28 20:54:15'),
(379,	'192.95.30.65',	'Unknown',	'Unknown v.?',	'2020-09-29 01:47:12'),
(380,	'37.59.54.36',	'Unknown',	'Unknown v.?',	'2020-09-30 02:39:51'),
(381,	'114.5.111.65',	'Unknown',	'Unknown v.?',	'2020-10-02 05:15:09'),
(382,	'154.212.32.223',	'Unknown',	'Unknown v.?',	'2020-10-02 05:20:00'),
(383,	'154.214.57.153',	'Unknown',	'Unknown v.?',	'2020-10-02 21:50:27'),
(384,	'114.5.105.49',	'Unknown',	'Google Chrome v.85.0.4183.121',	'2020-10-02 22:13:00'),
(385,	'114.5.105.49',	'Windows 8',	'Mozilla Firefox v.52.0',	'2020-10-02 22:40:26'),
(386,	'208.98.49.44',	'Unknown',	'Unknown v.?',	'2020-10-02 23:00:21'),
(387,	'114.5.105.49',	'Unknown',	'Unknown v.?',	'2020-10-02 23:01:11'),
(388,	'60.12.225.162',	'Windows XP',	'Mozilla Firefox v.2.0.0.3',	'2020-10-02 23:05:32'),
(389,	'103.3.221.6',	'Android',	'Google Chrome v.62.0.3202.84',	'2020-10-02 23:08:01'),
(390,	'118.96.80.45',	'Android',	'Google Chrome v.62.0.3202.84',	'2020-10-02 23:09:05'),
(391,	'103.129.220.6',	'Unknown',	'Google Chrome v.71.0.3578.98',	'2020-10-02 23:10:09'),
(392,	'103.129.220.6',	'Unknown',	'Unknown v.?',	'2020-10-02 23:10:09'),
(393,	'103.129.220.6',	'Unknown',	'Unknown v.?',	'2020-10-02 23:10:11'),
(394,	'103.134.152.15',	'Linux',	'Google Chrome v.73.0.3683.105',	'2020-10-02 23:10:22'),
(395,	'114.5.105.49',	'Windows 8',	'Mozilla Firefox v.52.0',	'2020-10-02 23:21:40'),
(396,	'202.67.32.20',	'Android',	'Google Chrome v.43.0.2357.93',	'2020-10-02 23:22:35'),
(397,	'125.167.59.132',	'Android',	'Google Chrome v.85.0.4183.81',	'2020-10-02 23:26:39'),
(398,	'41.111.49.165',	'Unknown',	'Google Chrome v.85.0.4183.121',	'2020-10-02 23:26:59'),
(399,	'180.248.71.72',	'Android',	'Google Chrome v.85.0.4183.127',	'2020-10-03 00:33:34'),
(400,	'105.108.22.130',	'Ubuntu',	'Mozilla Firefox v.28.0',	'2020-10-03 03:42:58'),
(401,	'154.212.32.175',	'Unknown',	'Unknown v.?',	'2020-10-03 04:06:43'),
(402,	'105.108.22.130',	'Ubuntu',	'Mozilla Firefox v.28.0',	'2020-10-03 04:25:30'),
(403,	'105.108.22.130',	'Ubuntu',	'Mozilla Firefox v.28.0',	'2020-10-03 04:25:48'),
(404,	'105.108.22.130',	'Ubuntu',	'Mozilla Firefox v.28.0',	'2020-10-03 04:26:06'),
(405,	'120.188.78.161',	'Unknown',	'Mozilla Firefox v.72.0',	'2020-10-03 05:42:41'),
(406,	'3.236.143.143',	'Unknown',	'Unknown v.?',	'2020-10-03 06:29:56'),
(407,	'3.236.143.143',	'Unknown',	'Unknown v.?',	'2020-10-03 06:31:26'),
(408,	'3.236.143.143',	'Unknown',	'Unknown v.?',	'2020-10-03 06:31:28'),
(409,	'3.236.143.143',	'Unknown',	'Unknown v.?',	'2020-10-03 06:31:36'),
(410,	'3.236.143.143',	'Unknown',	'Unknown v.?',	'2020-10-03 06:31:38'),
(411,	'3.236.143.143',	'Unknown',	'Unknown v.?',	'2020-10-03 06:31:40'),
(412,	'20.188.60.53',	'Ubuntu',	'Mozilla Firefox v.28.0',	'2020-10-03 06:36:26'),
(413,	'20.188.60.53',	'Ubuntu',	'Mozilla Firefox v.28.0',	'2020-10-03 06:36:34'),
(414,	'20.188.60.53',	'Ubuntu',	'Mozilla Firefox v.28.0',	'2020-10-03 06:36:44'),
(415,	'20.188.60.53',	'Ubuntu',	'Mozilla Firefox v.28.0',	'2020-10-03 06:49:31'),
(416,	'20.188.60.53',	'Ubuntu',	'Mozilla Firefox v.28.0',	'2020-10-03 06:49:39'),
(417,	'20.188.60.53',	'Ubuntu',	'Mozilla Firefox v.28.0',	'2020-10-03 06:49:49'),
(418,	'34.123.8.10',	'Unknown',	'Google Chrome v.78.0.3904.108',	'2020-10-03 07:50:38'),
(419,	'198.12.124.87',	'Unknown',	'Unknown v.?',	'2020-10-03 08:26:46'),
(420,	'198.12.124.87',	'Unknown',	'Unknown v.?',	'2020-10-03 08:28:31'),
(421,	'198.12.124.87',	'Unknown',	'Unknown v.?',	'2020-10-03 08:30:29'),
(422,	'105.72.69.193',	'Ubuntu',	'Mozilla Firefox v.28.0',	'2020-10-03 08:33:37'),
(423,	'105.72.69.193',	'Ubuntu',	'Mozilla Firefox v.28.0',	'2020-10-03 08:33:46'),
(424,	'105.72.69.193',	'Ubuntu',	'Mozilla Firefox v.28.0',	'2020-10-03 08:33:58'),
(425,	'192.52.242.27',	'Ubuntu',	'Mozilla Firefox v.28.0',	'2020-10-03 09:03:31'),
(426,	'192.52.242.27',	'Ubuntu',	'Mozilla Firefox v.28.0',	'2020-10-03 09:03:42'),
(427,	'192.52.242.27',	'Ubuntu',	'Mozilla Firefox v.28.0',	'2020-10-03 09:03:55'),
(428,	'192.52.242.27',	'Ubuntu',	'Mozilla Firefox v.28.0',	'2020-10-03 09:14:48'),
(429,	'192.52.242.27',	'Ubuntu',	'Mozilla Firefox v.28.0',	'2020-10-03 09:14:59'),
(430,	'192.52.242.27',	'Ubuntu',	'Mozilla Firefox v.28.0',	'2020-10-03 09:15:12'),
(431,	'40.89.147.25',	'Ubuntu',	'Mozilla Firefox v.28.0',	'2020-10-03 09:54:11'),
(432,	'40.89.147.25',	'Ubuntu',	'Mozilla Firefox v.28.0',	'2020-10-03 09:54:20'),
(433,	'40.89.147.25',	'Ubuntu',	'Mozilla Firefox v.28.0',	'2020-10-03 09:54:29'),
(434,	'52.188.122.126',	'Ubuntu',	'Mozilla Firefox v.28.0',	'2020-10-03 10:02:24'),
(435,	'52.188.122.126',	'Ubuntu',	'Mozilla Firefox v.28.0',	'2020-10-03 10:02:37'),
(436,	'52.188.122.126',	'Ubuntu',	'Mozilla Firefox v.28.0',	'2020-10-03 10:02:50'),
(437,	'198.12.124.87',	'Ubuntu',	'Mozilla Firefox v.28.0',	'2020-10-03 10:07:16'),
(438,	'198.12.124.87',	'Ubuntu',	'Mozilla Firefox v.28.0',	'2020-10-03 10:07:30'),
(439,	'198.12.124.87',	'Ubuntu',	'Mozilla Firefox v.28.0',	'2020-10-03 10:07:44'),
(440,	'198.12.124.87',	'Unknown',	'Unknown v.?',	'2020-10-03 11:02:51'),
(441,	'198.12.124.87',	'Unknown',	'Unknown v.?',	'2020-10-03 11:04:35'),
(442,	'198.12.124.87',	'Unknown',	'Unknown v.?',	'2020-10-03 11:06:22'),
(443,	'105.235.135.173',	'Unknown',	'Unknown v.?',	'2020-10-03 14:47:01'),
(444,	'105.235.135.173',	'Unknown',	'Unknown v.?',	'2020-10-03 14:49:49'),
(445,	'198.12.124.87',	'Unknown',	'Unknown v.?',	'2020-10-03 15:21:21'),
(446,	'198.12.124.87',	'Unknown',	'Unknown v.?',	'2020-10-03 15:23:12'),
(447,	'198.12.124.87',	'Unknown',	'Unknown v.?',	'2020-10-03 15:25:11'),
(448,	'113.210.92.240',	'Unknown',	'Unknown v.?',	'2020-10-03 15:44:14'),
(449,	'113.210.92.240',	'Unknown',	'Unknown v.?',	'2020-10-03 15:44:52'),
(450,	'113.210.92.240',	'Unknown',	'Unknown v.?',	'2020-10-03 15:44:53'),
(451,	'113.210.92.240',	'Unknown',	'Unknown v.?',	'2020-10-03 15:44:58'),
(452,	'113.210.92.240',	'Unknown',	'Unknown v.?',	'2020-10-03 15:44:59'),
(453,	'113.210.92.240',	'Unknown',	'Unknown v.?',	'2020-10-03 15:45:00'),
(454,	'102.156.135.3',	'Ubuntu',	'Mozilla Firefox v.28.0',	'2020-10-03 18:01:18'),
(455,	'102.156.135.3',	'Ubuntu',	'Mozilla Firefox v.28.0',	'2020-10-03 18:01:30'),
(456,	'102.156.135.3',	'Ubuntu',	'Mozilla Firefox v.28.0',	'2020-10-03 18:01:42'),
(457,	'52.188.122.126',	'Ubuntu',	'Mozilla Firefox v.28.0',	'2020-10-03 19:19:24'),
(458,	'52.188.122.126',	'Ubuntu',	'Mozilla Firefox v.28.0',	'2020-10-03 19:19:36'),
(459,	'52.188.122.126',	'Ubuntu',	'Mozilla Firefox v.28.0',	'2020-10-03 19:19:49'),
(460,	'34.68.71.163',	'Unknown',	'Unknown v.?',	'2020-10-03 19:31:53'),
(461,	'34.68.71.163',	'Unknown',	'Unknown v.?',	'2020-10-03 19:32:17'),
(462,	'114.5.111.48',	'Android',	'Google Chrome v.84.0.4147.125',	'2020-10-03 20:32:30'),
(463,	'105.72.71.177',	'Ubuntu',	'Mozilla Firefox v.28.0',	'2020-10-03 21:28:46'),
(464,	'105.72.71.177',	'Ubuntu',	'Mozilla Firefox v.28.0',	'2020-10-03 21:28:55'),
(465,	'105.72.71.177',	'Ubuntu',	'Mozilla Firefox v.28.0',	'2020-10-03 21:29:06'),
(466,	'198.12.124.87',	'Unknown',	'Unknown v.?',	'2020-10-03 22:24:04'),
(467,	'198.12.124.87',	'Unknown',	'Unknown v.?',	'2020-10-03 22:24:08'),
(468,	'198.12.124.87',	'Unknown',	'Unknown v.?',	'2020-10-03 22:27:49'),
(469,	'198.12.124.87',	'Unknown',	'Unknown v.?',	'2020-10-03 22:27:53'),
(470,	'54.206.16.192',	'Unknown',	'Google Chrome v.78.0.3904.108',	'2020-10-04 00:20:24'),
(471,	'47.252.9.255',	'Unknown',	'Unknown v.?',	'2020-10-04 00:22:06'),
(472,	'47.252.9.255',	'Unknown',	'Unknown v.?',	'2020-10-04 00:23:00'),
(473,	'47.252.9.255',	'Unknown',	'Unknown v.?',	'2020-10-04 00:24:27'),
(474,	'58.19.0.217',	'Unknown',	'Unknown v.?',	'2020-10-04 04:23:03'),
(475,	'58.19.0.217',	'Unknown',	'Unknown v.?',	'2020-10-04 04:23:17'),
(476,	'58.19.0.217',	'Unknown',	'Unknown v.?',	'2020-10-04 04:23:25'),
(477,	'58.19.0.217',	'Unknown',	'Mozilla Firefox v.64.0',	'2020-10-04 04:23:39'),
(478,	'58.19.0.217',	'Unknown',	'Mozilla Firefox v.64.0',	'2020-10-04 04:23:49'),
(479,	'58.19.0.217',	'Unknown',	'Unknown v.?',	'2020-10-04 04:23:54'),
(480,	'58.19.0.217',	'Unknown',	'Mozilla Firefox v.64.0',	'2020-10-04 04:23:54'),
(481,	'58.19.0.217',	'Unknown',	'Mozilla Firefox v.64.0',	'2020-10-04 04:24:00'),
(482,	'58.19.0.217',	'Unknown',	'Unknown v.?',	'2020-10-04 04:24:02'),
(483,	'58.19.0.217',	'Unknown',	'Unknown v.?',	'2020-10-04 04:24:15'),
(484,	'58.19.0.217',	'Unknown',	'Mozilla Firefox v.64.0',	'2020-10-04 04:24:15'),
(485,	'58.19.0.217',	'Unknown',	'Mozilla Firefox v.64.0',	'2020-10-04 04:24:21'),
(486,	'58.19.0.217',	'Unknown',	'Mozilla Firefox v.64.0',	'2020-10-04 04:24:27'),
(487,	'105.154.217.248',	'Ubuntu',	'Mozilla Firefox v.28.0',	'2020-10-04 05:27:05'),
(488,	'105.154.217.248',	'Ubuntu',	'Mozilla Firefox v.28.0',	'2020-10-04 05:27:24'),
(489,	'105.154.217.248',	'Unknown',	'Unknown v.?',	'2020-10-04 05:27:32'),
(490,	'105.154.217.248',	'Ubuntu',	'Mozilla Firefox v.28.0',	'2020-10-04 05:27:52'),
(491,	'105.154.217.248',	'Unknown',	'Unknown v.?',	'2020-10-04 05:27:55'),
(492,	'105.154.217.248',	'Unknown',	'Unknown v.?',	'2020-10-04 05:28:14'),
(493,	'105.154.217.248',	'Unknown',	'Unknown v.?',	'2020-10-04 05:28:47'),
(494,	'114.5.105.238',	'Android',	'Google Chrome v.66.0.3359.158',	'2020-10-04 06:27:49'),
(495,	'41.142.230.18',	'Ubuntu',	'Mozilla Firefox v.28.0',	'2020-10-04 06:28:24'),
(496,	'41.142.230.18',	'Ubuntu',	'Mozilla Firefox v.28.0',	'2020-10-04 06:28:47'),
(497,	'41.142.230.18',	'Ubuntu',	'Mozilla Firefox v.28.0',	'2020-10-04 06:29:12'),
(498,	'114.5.105.238',	'Unknown',	'Unknown v.?',	'2020-10-04 06:30:13'),
(499,	'35.246.247.236',	'Ubuntu',	'Mozilla Firefox v.28.0',	'2020-10-04 07:02:01'),
(500,	'35.246.247.236',	'Ubuntu',	'Mozilla Firefox v.28.0',	'2020-10-04 07:02:15'),
(501,	'35.246.247.236',	'Ubuntu',	'Mozilla Firefox v.28.0',	'2020-10-04 07:02:32'),
(502,	'35.246.247.236',	'Ubuntu',	'Mozilla Firefox v.28.0',	'2020-10-04 07:05:38'),
(503,	'35.246.247.236',	'Ubuntu',	'Mozilla Firefox v.28.0',	'2020-10-04 07:05:52'),
(504,	'35.246.247.236',	'Ubuntu',	'Mozilla Firefox v.72.0',	'2020-10-04 07:06:08'),
(505,	'197.238.52.9',	'Ubuntu',	'Mozilla Firefox v.28.0',	'2020-10-04 07:59:34'),
(506,	'197.238.52.9',	'Ubuntu',	'Mozilla Firefox v.28.0',	'2020-10-04 07:59:49'),
(507,	'197.238.52.9',	'Ubuntu',	'Mozilla Firefox v.28.0',	'2020-10-04 08:00:06'),
(508,	'70.32.0.159',	'Mac OS X',	'Google Chrome v.39.0.2171.95',	'2020-10-04 08:52:34'),
(509,	'70.32.0.159',	'Unknown',	'Unknown v.?',	'2020-10-04 09:27:20'),
(510,	'13.68.180.225',	'Unknown',	'Google Chrome v.79.0',	'2020-10-04 10:05:22'),
(511,	'198.12.124.87',	'Unknown',	'Unknown v.?',	'2020-10-04 10:28:25'),
(512,	'198.12.124.87',	'Unknown',	'Unknown v.?',	'2020-10-04 10:30:09'),
(513,	'198.12.124.87',	'Unknown',	'Unknown v.?',	'2020-10-04 10:31:53'),
(514,	'39.33.125.36',	'Ubuntu',	'Mozilla Firefox v.28.0',	'2020-10-04 10:48:27'),
(515,	'34.123.8.10',	'Unknown',	'Google Chrome v.78.0.3904.108',	'2020-10-04 10:48:31'),
(516,	'39.33.125.36',	'Ubuntu',	'Mozilla Firefox v.28.0',	'2020-10-04 10:48:45'),
(517,	'39.33.125.36',	'Ubuntu',	'Mozilla Firefox v.28.0',	'2020-10-04 10:49:02'),
(518,	'39.33.125.36',	'Ubuntu',	'Mozilla Firefox v.28.0',	'2020-10-04 11:40:27'),
(519,	'39.33.125.36',	'Ubuntu',	'Mozilla Firefox v.28.0',	'2020-10-04 11:40:39'),
(520,	'39.33.125.36',	'Ubuntu',	'Mozilla Firefox v.28.0',	'2020-10-04 11:41:02'),
(521,	'213.6.251.58',	'Unknown',	'Mozilla Firefox v.64.0',	'2020-10-04 12:10:15'),
(522,	'213.6.251.58',	'Unknown',	'Mozilla Firefox v.64.0',	'2020-10-04 12:10:20'),
(523,	'213.6.251.58',	'Unknown',	'Mozilla Firefox v.64.0',	'2020-10-04 12:10:25'),
(524,	'213.6.251.58',	'Unknown',	'Mozilla Firefox v.64.0',	'2020-10-04 12:10:28'),
(525,	'213.6.251.58',	'Unknown',	'Mozilla Firefox v.64.0',	'2020-10-04 12:10:37'),
(526,	'213.6.251.58',	'Unknown',	'Mozilla Firefox v.64.0',	'2020-10-04 12:10:40'),
(527,	'213.6.251.58',	'Unknown',	'Mozilla Firefox v.64.0',	'2020-10-04 12:10:42'),
(528,	'213.6.251.58',	'Unknown',	'Mozilla Firefox v.64.0',	'2020-10-04 12:10:45'),
(529,	'213.6.251.58',	'Unknown',	'Mozilla Firefox v.64.0',	'2020-10-04 12:10:50'),
(530,	'213.6.251.58',	'Unknown',	'Mozilla Firefox v.64.0',	'2020-10-04 12:10:53'),
(531,	'213.6.251.58',	'Unknown',	'Mozilla Firefox v.64.0',	'2020-10-04 12:10:56'),
(532,	'213.6.251.58',	'Unknown',	'Mozilla Firefox v.64.0',	'2020-10-04 12:10:59'),
(533,	'213.6.251.58',	'Unknown',	'Mozilla Firefox v.64.0',	'2020-10-04 12:11:52'),
(534,	'105.235.133.212',	'Unknown',	'Unknown v.?',	'2020-10-04 12:26:45'),
(535,	'58.19.0.217',	'Windows XP',	'Mozilla Firefox v.3.5.0',	'2020-10-04 12:30:10'),
(536,	'198.12.124.87',	'Unknown',	'Unknown v.?',	'2020-10-04 14:04:27'),
(537,	'198.12.124.87',	'Unknown',	'Unknown v.?',	'2020-10-04 14:06:17'),
(538,	'198.12.124.87',	'Unknown',	'Unknown v.?',	'2020-10-04 14:07:16'),
(539,	'23.102.178.68',	'Linux',	'Google Chrome v.26.0.1410.63',	'2020-10-04 14:11:05'),
(540,	'198.12.124.87',	'Unknown',	'Unknown v.?',	'2020-10-04 15:06:17'),
(541,	'198.12.124.87',	'Unknown',	'Unknown v.?',	'2020-10-04 15:06:29'),
(542,	'198.12.124.87',	'Unknown',	'Unknown v.?',	'2020-10-04 15:15:03'),
(543,	'198.12.124.87',	'Unknown',	'Unknown v.?',	'2020-10-04 15:16:51'),
(544,	'198.12.124.87',	'Unknown',	'Unknown v.?',	'2020-10-04 15:18:56'),
(545,	'18.212.109.17',	'Unknown',	'Google Chrome v.78.0.3904.108',	'2020-10-04 16:36:32'),
(546,	'185.219.168.94',	'Unknown',	'Unknown v.?',	'2020-10-04 18:14:50'),
(547,	'185.219.168.94',	'Unknown',	'Unknown v.?',	'2020-10-04 18:15:22'),
(548,	'49.150.64.184',	'Ubuntu',	'Mozilla Firefox v.28.0',	'2020-10-04 20:02:17'),
(549,	'49.150.64.184',	'Ubuntu',	'Mozilla Firefox v.28.0',	'2020-10-04 20:02:23'),
(550,	'49.150.64.184',	'Ubuntu',	'Mozilla Firefox v.28.0',	'2020-10-04 20:02:37'),
(551,	'129.45.56.178',	'Unknown',	'Unknown v.?',	'2020-10-04 20:39:07'),
(552,	'129.45.56.178',	'Unknown',	'Unknown v.?',	'2020-10-04 20:40:52'),
(553,	'129.45.56.178',	'Unknown',	'Unknown v.?',	'2020-10-04 20:43:24'),
(554,	'41.215.173.19',	'Ubuntu',	'Mozilla Firefox v.28.0',	'2020-10-04 20:48:55'),
(555,	'41.215.173.19',	'Ubuntu',	'Mozilla Firefox v.28.0',	'2020-10-04 20:49:15'),
(556,	'41.215.173.19',	'Ubuntu',	'Mozilla Firefox v.28.0',	'2020-10-04 20:49:40'),
(557,	'52.188.122.126',	'Ubuntu',	'Mozilla Firefox v.28.0',	'2020-10-04 21:48:57'),
(558,	'52.188.122.126',	'Ubuntu',	'Mozilla Firefox v.28.0',	'2020-10-04 21:49:08'),
(559,	'52.188.122.126',	'Ubuntu',	'Mozilla Firefox v.28.0',	'2020-10-04 21:49:22'),
(560,	'175.145.232.217',	'Unknown',	'Google Chrome v.85.0.4183.121',	'2020-10-05 01:14:09'),
(561,	'35.246.247.236',	'Ubuntu',	'Mozilla Firefox v.28.0',	'2020-10-05 02:32:30'),
(562,	'35.246.247.236',	'Ubuntu',	'Mozilla Firefox v.28.0',	'2020-10-05 02:32:45'),
(563,	'35.246.247.236',	'Ubuntu',	'Mozilla Firefox v.72.0',	'2020-10-05 02:33:01'),
(564,	'116.68.172.242',	'Unknown',	'Google Chrome v.85.0.4183.121',	'2020-10-05 03:19:36'),
(565,	'116.68.172.242',	'Unknown',	'Google Chrome v.85.0.4183.121',	'2020-10-05 03:23:19'),
(566,	'105.72.71.177',	'Ubuntu',	'Mozilla Firefox v.28.0',	'2020-10-05 09:12:24'),
(567,	'105.72.71.177',	'Ubuntu',	'Mozilla Firefox v.28.0',	'2020-10-05 09:12:33'),
(568,	'105.72.71.177',	'Ubuntu',	'Mozilla Firefox v.28.0',	'2020-10-05 09:12:44'),
(569,	'39.52.212.138',	'Ubuntu',	'Mozilla Firefox v.28.0',	'2020-10-05 09:24:29'),
(570,	'39.52.212.138',	'Ubuntu',	'Mozilla Firefox v.28.0',	'2020-10-05 09:24:37'),
(571,	'39.52.212.138',	'Ubuntu',	'Mozilla Firefox v.28.0',	'2020-10-05 09:24:52'),
(572,	'105.72.71.177',	'Ubuntu',	'Mozilla Firefox v.28.0',	'2020-10-05 09:43:43'),
(573,	'105.72.71.177',	'Ubuntu',	'Mozilla Firefox v.28.0',	'2020-10-05 09:43:52'),
(574,	'105.72.71.177',	'Ubuntu',	'Mozilla Firefox v.28.0',	'2020-10-05 09:44:03'),
(575,	'39.52.212.138',	'Ubuntu',	'Mozilla Firefox v.28.0',	'2020-10-05 09:56:40'),
(576,	'39.52.212.138',	'Ubuntu',	'Mozilla Firefox v.28.0',	'2020-10-05 09:56:50'),
(577,	'39.52.212.138',	'Ubuntu',	'Mozilla Firefox v.28.0',	'2020-10-05 09:57:02'),
(578,	'54.206.16.192',	'Unknown',	'Google Chrome v.78.0.3904.108',	'2020-10-05 12:07:50'),
(579,	'54.206.16.192',	'Unknown',	'Unknown v.?',	'2020-10-05 12:09:08'),
(580,	'54.206.16.192',	'Unknown',	'Unknown v.?',	'2020-10-05 12:09:34'),
(581,	'213.6.251.58',	'Unknown',	'Unknown v.?',	'2020-10-05 12:25:53'),
(582,	'213.6.251.58',	'Unknown',	'Unknown v.?',	'2020-10-05 12:26:56'),
(583,	'213.6.251.58',	'Unknown',	'Unknown v.?',	'2020-10-05 12:27:00'),
(584,	'213.6.251.58',	'Unknown',	'Unknown v.?',	'2020-10-05 12:27:04'),
(585,	'213.6.251.58',	'Unknown',	'Unknown v.?',	'2020-10-05 12:27:08'),
(586,	'213.6.251.58',	'Unknown',	'Unknown v.?',	'2020-10-05 12:27:27'),
(587,	'213.6.251.58',	'Unknown',	'Unknown v.?',	'2020-10-05 12:27:31'),
(588,	'213.6.251.58',	'Unknown',	'Unknown v.?',	'2020-10-05 12:27:38'),
(589,	'213.6.251.58',	'Unknown',	'Unknown v.?',	'2020-10-05 12:28:04'),
(590,	'213.6.251.58',	'Unknown',	'Unknown v.?',	'2020-10-05 12:28:52'),
(591,	'213.6.251.58',	'Unknown',	'Unknown v.?',	'2020-10-05 12:28:59'),
(592,	'213.6.251.58',	'Unknown',	'Unknown v.?',	'2020-10-05 12:29:01'),
(593,	'213.6.251.58',	'Unknown',	'Unknown v.?',	'2020-10-05 12:29:05'),
(594,	'213.6.251.58',	'Unknown',	'Unknown v.?',	'2020-10-05 12:29:10'),
(595,	'213.6.251.58',	'Unknown',	'Unknown v.?',	'2020-10-05 12:29:14'),
(596,	'213.6.251.58',	'Unknown',	'Unknown v.?',	'2020-10-05 12:29:16'),
(597,	'213.6.251.58',	'Unknown',	'Unknown v.?',	'2020-10-05 12:29:18'),
(598,	'40.84.215.198',	'Mac OS X',	'Google Chrome v.39.0.2171.95',	'2020-10-05 13:29:20'),
(599,	'18.212.109.17',	'Unknown',	'Google Chrome v.78.0.3904.108',	'2020-10-05 15:14:15'),
(600,	'114.124.143.221',	'Unknown',	'Mozilla Firefox v.81.0',	'2020-10-05 16:18:19'),
(601,	'139.162.221.245',	'Unknown',	'Mozilla Firefox v.47.0',	'2020-10-05 16:19:58'),
(602,	'139.162.202.208',	'Unknown',	'Mozilla Firefox v.36.0',	'2020-10-05 16:20:04'),
(603,	'139.162.202.208',	'Unknown',	'Mozilla Firefox v.36.0',	'2020-10-05 16:20:05'),
(604,	'139.162.202.208',	'Unknown',	'Mozilla Firefox v.36.0',	'2020-10-05 16:20:08'),
(605,	'139.162.202.208',	'Unknown',	'Mozilla Firefox v.36.0',	'2020-10-05 16:20:12'),
(606,	'102.158.89.168',	'Ubuntu',	'Mozilla Firefox v.28.0',	'2020-10-05 16:49:38'),
(607,	'102.158.89.168',	'Ubuntu',	'Mozilla Firefox v.28.0',	'2020-10-05 16:49:55'),
(608,	'102.158.89.168',	'Ubuntu',	'Mozilla Firefox v.28.0',	'2020-10-05 16:50:08'),
(609,	'114.79.7.142',	'Android',	'Google Chrome v.80.0.3987.117',	'2020-10-05 17:13:52'),
(610,	'52.188.122.126',	'Ubuntu',	'Mozilla Firefox v.28.0',	'2020-10-05 17:34:32'),
(611,	'52.188.122.126',	'Ubuntu',	'Mozilla Firefox v.28.0',	'2020-10-05 17:34:44'),
(612,	'52.188.122.126',	'Ubuntu',	'Mozilla Firefox v.28.0',	'2020-10-05 17:34:57'),
(613,	'114.79.7.142',	'Unknown',	'Unknown v.?',	'2020-10-05 17:57:16'),
(614,	'115.178.246.4',	'Android',	'Google Chrome v.85.0.4183.127',	'2020-10-05 17:59:47'),
(615,	'114.79.7.142',	'Android',	'Google Chrome v.80.0.3987.117',	'2020-10-05 18:06:25'),
(616,	'103.105.34.118',	'Android',	'Google Chrome v.4.0',	'2020-10-05 19:32:35'),
(617,	'198.12.124.87',	'Unknown',	'Unknown v.?',	'2020-10-05 23:20:04'),
(618,	'198.12.124.87',	'Unknown',	'Unknown v.?',	'2020-10-05 23:21:38'),
(619,	'198.12.124.87',	'Unknown',	'Unknown v.?',	'2020-10-05 23:22:56'),
(620,	'37.111.197.49',	'Ubuntu',	'Mozilla Firefox v.28.0',	'2020-10-06 00:00:21'),
(621,	'198.12.124.87',	'Ubuntu',	'Mozilla Firefox v.28.0',	'2020-10-06 00:08:16'),
(622,	'198.12.124.87',	'Ubuntu',	'Mozilla Firefox v.28.0',	'2020-10-06 00:08:31'),
(623,	'198.12.124.87',	'Ubuntu',	'Mozilla Firefox v.28.0',	'2020-10-06 00:08:47'),
(624,	'114.124.130.25',	'Android',	'Google Chrome v.85.0.4183.127',	'2020-10-06 00:40:13'),
(625,	'37.111.197.49',	'Ubuntu',	'Mozilla Firefox v.28.0',	'2020-10-06 01:22:14'),
(626,	'37.111.197.49',	'Ubuntu',	'Mozilla Firefox v.28.0',	'2020-10-06 01:22:33'),
(627,	'37.111.197.49',	'Ubuntu',	'Mozilla Firefox v.28.0',	'2020-10-06 01:23:05'),
(628,	'104.131.184.152',	'Unknown',	'Unknown v.?',	'2020-10-06 05:31:08'),
(629,	'197.244.116.102',	'Ubuntu',	'Mozilla Firefox v.28.0',	'2020-10-06 06:14:00'),
(630,	'197.244.116.102',	'Ubuntu',	'Mozilla Firefox v.28.0',	'2020-10-06 06:14:33'),
(631,	'3.236.249.160',	'Ubuntu',	'Mozilla Firefox v.28.0',	'2020-10-06 06:18:31'),
(632,	'3.236.249.160',	'Ubuntu',	'Mozilla Firefox v.28.0',	'2020-10-06 06:18:43'),
(633,	'3.236.249.160',	'Ubuntu',	'Mozilla Firefox v.28.0',	'2020-10-06 06:18:57'),
(634,	'160.179.0.250',	'Unknown',	'Unknown v.?',	'2020-10-06 07:40:44'),
(635,	'160.179.0.250',	'Unknown',	'Unknown v.?',	'2020-10-06 07:40:53'),
(636,	'160.179.0.250',	'Unknown',	'Unknown v.?',	'2020-10-06 07:40:56'),
(637,	'160.179.0.250',	'Unknown',	'Unknown v.?',	'2020-10-06 07:41:12'),
(638,	'160.179.0.250',	'Unknown',	'Unknown v.?',	'2020-10-06 07:41:20'),
(639,	'160.179.0.250',	'Unknown',	'Unknown v.?',	'2020-10-06 07:41:22'),
(640,	'197.244.116.102',	'Ubuntu',	'Mozilla Firefox v.28.0',	'2020-10-06 07:45:17'),
(641,	'197.244.116.102',	'Ubuntu',	'Mozilla Firefox v.28.0',	'2020-10-06 07:45:38'),
(642,	'197.244.116.102',	'Ubuntu',	'Mozilla Firefox v.28.0',	'2020-10-06 07:45:54'),
(643,	'119.30.39.179',	'Ubuntu',	'Mozilla Firefox v.28.0',	'2020-10-06 08:05:22'),
(644,	'119.30.39.179',	'Ubuntu',	'Mozilla Firefox v.28.0',	'2020-10-06 08:05:31'),
(645,	'119.30.39.179',	'Ubuntu',	'Mozilla Firefox v.28.0',	'2020-10-06 08:05:42'),
(646,	'18.212.109.17',	'Unknown',	'Google Chrome v.78.0.3904.108',	'2020-10-06 08:24:20'),
(647,	'119.30.39.179',	'Ubuntu',	'Mozilla Firefox v.28.0',	'2020-10-06 08:57:06'),
(648,	'119.30.39.179',	'Ubuntu',	'Mozilla Firefox v.28.0',	'2020-10-06 08:57:14'),
(649,	'119.30.39.179',	'Ubuntu',	'Mozilla Firefox v.28.0',	'2020-10-06 08:57:22'),
(650,	'41.200.57.70',	'Ubuntu',	'Mozilla Firefox v.28.0',	'2020-10-06 11:26:54'),
(651,	'41.200.57.70',	'Ubuntu',	'Mozilla Firefox v.28.0',	'2020-10-06 11:27:13'),
(652,	'41.200.57.70',	'Ubuntu',	'Mozilla Firefox v.28.0',	'2020-10-06 11:27:37'),
(653,	'34.122.98.90',	'Ubuntu',	'Mozilla Firefox v.28.0',	'2020-10-06 11:44:07'),
(654,	'34.122.98.90',	'Ubuntu',	'Mozilla Firefox v.28.0',	'2020-10-06 11:44:18'),
(655,	'34.122.98.90',	'Ubuntu',	'Mozilla Firefox v.28.0',	'2020-10-06 11:44:29'),
(656,	'119.30.39.179',	'Ubuntu',	'Mozilla Firefox v.28.0',	'2020-10-06 11:55:28'),
(657,	'119.30.39.179',	'Ubuntu',	'Mozilla Firefox v.28.0',	'2020-10-06 11:55:34'),
(658,	'119.30.39.179',	'Ubuntu',	'Mozilla Firefox v.28.0',	'2020-10-06 11:55:40'),
(659,	'35.246.247.236',	'Ubuntu',	'Mozilla Firefox v.28.0',	'2020-10-06 12:34:17'),
(660,	'35.246.247.236',	'Ubuntu',	'Mozilla Firefox v.28.0',	'2020-10-06 12:34:31'),
(661,	'35.246.247.236',	'Ubuntu',	'Mozilla Firefox v.72.0',	'2020-10-06 12:34:47'),
(662,	'137.135.72.199',	'Ubuntu',	'Mozilla Firefox v.28.0',	'2020-10-06 13:00:00'),
(663,	'137.135.72.199',	'Ubuntu',	'Mozilla Firefox v.28.0',	'2020-10-06 13:00:12'),
(664,	'137.135.72.199',	'Ubuntu',	'Mozilla Firefox v.28.0',	'2020-10-06 13:00:25'),
(665,	'52.188.122.126',	'Ubuntu',	'Mozilla Firefox v.28.0',	'2020-10-06 13:32:06'),
(666,	'52.188.122.126',	'Ubuntu',	'Mozilla Firefox v.28.0',	'2020-10-06 13:32:17'),
(667,	'52.188.122.126',	'Ubuntu',	'Mozilla Firefox v.28.0',	'2020-10-06 13:32:30'),
(668,	'137.135.72.199',	'Windows 7',	'Google Chrome v.85.0.4183.102',	'2020-10-06 14:24:55'),
(669,	'52.148.143.191',	'Unknown',	'Unknown v.?',	'2020-10-06 14:49:16'),
(670,	'52.148.143.191',	'Unknown',	'Unknown v.?',	'2020-10-06 14:50:06'),
(671,	'23.102.178.68',	'Linux',	'Google Chrome v.26.0.1410.63',	'2020-10-06 15:11:18'),
(672,	'142.147.99.177',	'Ubuntu',	'Mozilla Firefox v.28.0',	'2020-10-06 19:24:24'),
(673,	'142.147.99.177',	'Ubuntu',	'Mozilla Firefox v.28.0',	'2020-10-06 19:24:35'),
(674,	'142.147.99.177',	'Ubuntu',	'Mozilla Firefox v.72.0',	'2020-10-06 19:24:51'),
(675,	'58.19.0.217',	'Unknown',	'Mozilla Firefox v.64.0',	'2020-10-06 19:33:40'),
(676,	'58.19.0.217',	'Unknown',	'Mozilla Firefox v.64.0',	'2020-10-06 19:33:45'),
(677,	'35.238.85.212',	'Ubuntu',	'Mozilla Firefox v.28.0',	'2020-10-06 19:34:00'),
(678,	'58.19.0.217',	'Unknown',	'Mozilla Firefox v.64.0',	'2020-10-06 19:34:01'),
(679,	'58.19.0.217',	'Unknown',	'Mozilla Firefox v.64.0',	'2020-10-06 19:34:06'),
(680,	'35.238.85.212',	'Ubuntu',	'Mozilla Firefox v.28.0',	'2020-10-06 19:34:10'),
(681,	'58.19.0.217',	'Unknown',	'Mozilla Firefox v.64.0',	'2020-10-06 19:34:15'),
(682,	'58.19.0.217',	'Unknown',	'Mozilla Firefox v.64.0',	'2020-10-06 19:34:18'),
(683,	'35.238.85.212',	'Ubuntu',	'Mozilla Firefox v.28.0',	'2020-10-06 19:34:24'),
(684,	'58.19.0.217',	'Unknown',	'Mozilla Firefox v.64.0',	'2020-10-06 19:34:34'),
(685,	'142.147.99.177',	'Unknown',	'Unknown v.?',	'2020-10-06 19:37:41'),
(686,	'119.30.39.179',	'Ubuntu',	'Mozilla Firefox v.28.0',	'2020-10-06 19:38:44'),
(687,	'119.30.39.179',	'Ubuntu',	'Mozilla Firefox v.28.0',	'2020-10-06 19:38:53'),
(688,	'119.30.39.179',	'Ubuntu',	'Mozilla Firefox v.28.0',	'2020-10-06 19:39:00'),
(689,	'142.147.99.177',	'Unknown',	'Unknown v.?',	'2020-10-06 19:41:17'),
(690,	'142.147.99.177',	'Unknown',	'Unknown v.?',	'2020-10-06 19:41:21'),
(691,	'142.147.99.177',	'Unknown',	'Unknown v.?',	'2020-10-06 19:41:33'),
(692,	'142.147.99.177',	'Unknown',	'Unknown v.?',	'2020-10-06 19:41:36'),
(693,	'142.147.99.177',	'Unknown',	'Unknown v.?',	'2020-10-06 19:41:39'),
(694,	'45.79.162.180',	'Unknown',	'Google Chrome v.79.0',	'2020-10-06 19:44:43'),
(695,	'119.30.39.179',	'Ubuntu',	'Mozilla Firefox v.28.0',	'2020-10-06 20:00:28'),
(696,	'119.30.39.179',	'Ubuntu',	'Mozilla Firefox v.28.0',	'2020-10-06 20:00:40'),
(697,	'119.30.39.179',	'Ubuntu',	'Mozilla Firefox v.28.0',	'2020-10-06 20:00:58'),
(698,	'142.147.99.177',	'Ubuntu',	'Mozilla Firefox v.28.0',	'2020-10-06 20:04:01'),
(699,	'142.147.99.177',	'Ubuntu',	'Mozilla Firefox v.28.0',	'2020-10-06 20:04:19'),
(700,	'142.147.99.177',	'Ubuntu',	'Mozilla Firefox v.72.0',	'2020-10-06 20:04:34'),
(701,	'119.30.39.179',	'Ubuntu',	'Mozilla Firefox v.28.0',	'2020-10-06 20:07:53'),
(702,	'119.30.39.179',	'Ubuntu',	'Mozilla Firefox v.28.0',	'2020-10-06 20:08:02'),
(703,	'119.30.39.179',	'Ubuntu',	'Mozilla Firefox v.28.0',	'2020-10-06 20:08:13'),
(704,	'45.79.162.180',	'Unknown',	'Google Chrome v.79.0',	'2020-10-06 21:33:22'),
(705,	'40.84.215.198',	'Ubuntu',	'Mozilla Firefox v.28.0',	'2020-10-06 22:04:06'),
(706,	'40.84.215.198',	'Ubuntu',	'Mozilla Firefox v.28.0',	'2020-10-06 22:04:17'),
(707,	'40.84.215.198',	'Ubuntu',	'Mozilla Firefox v.28.0',	'2020-10-06 22:04:34'),
(708,	'2.58.29.27',	'Unknown',	'Unknown v.?',	'2020-10-06 22:26:15'),
(709,	'2.58.29.27',	'Unknown',	'Unknown v.?',	'2020-10-06 22:26:30'),
(710,	'58.19.0.217',	'Unknown',	'Unknown v.?',	'2020-10-06 22:56:36'),
(711,	'58.19.0.217',	'Unknown',	'Unknown v.?',	'2020-10-06 22:57:04'),
(712,	'58.19.0.217',	'Unknown',	'Unknown v.?',	'2020-10-06 22:57:22'),
(713,	'58.19.0.217',	'Unknown',	'Unknown v.?',	'2020-10-06 22:59:35'),
(714,	'58.19.0.217',	'Unknown',	'Unknown v.?',	'2020-10-06 23:00:13'),
(715,	'58.19.0.217',	'Unknown',	'Unknown v.?',	'2020-10-06 23:00:41'),
(716,	'119.30.39.179',	'Ubuntu',	'Mozilla Firefox v.28.0',	'2020-10-06 23:34:41'),
(717,	'119.30.39.179',	'Ubuntu',	'Mozilla Firefox v.28.0',	'2020-10-06 23:34:47'),
(718,	'119.30.39.179',	'Ubuntu',	'Mozilla Firefox v.28.0',	'2020-10-06 23:34:54'),
(719,	'119.30.39.179',	'Ubuntu',	'Mozilla Firefox v.28.0',	'2020-10-06 23:49:11'),
(720,	'119.30.39.179',	'Ubuntu',	'Mozilla Firefox v.28.0',	'2020-10-06 23:49:18'),
(721,	'119.30.39.179',	'Ubuntu',	'Mozilla Firefox v.28.0',	'2020-10-06 23:49:29'),
(722,	'45.79.162.180',	'Unknown',	'Unknown v.?',	'2020-10-07 02:31:48'),
(723,	'45.79.162.180',	'Unknown',	'Unknown v.?',	'2020-10-07 02:32:12'),
(724,	'45.79.162.180',	'Unknown',	'Unknown v.?',	'2020-10-07 02:32:20'),
(725,	'45.79.162.180',	'Unknown',	'Unknown v.?',	'2020-10-07 02:32:30'),
(726,	'45.79.162.180',	'Unknown',	'Unknown v.?',	'2020-10-07 02:32:37'),
(727,	'45.79.162.180',	'Unknown',	'Unknown v.?',	'2020-10-07 02:32:42'),
(728,	'45.79.162.180',	'Unknown',	'Unknown v.?',	'2020-10-07 02:32:46'),
(729,	'58.19.0.217',	'Windows XP',	'Mozilla Firefox v.3.5.0',	'2020-10-07 03:24:49'),
(730,	'42.110.250.115',	'Unknown',	'Unknown v.?',	'2020-10-07 03:46:17'),
(731,	'42.110.250.115',	'Unknown',	'Unknown v.?',	'2020-10-07 03:46:30'),
(732,	'42.110.250.115',	'Unknown',	'Unknown v.?',	'2020-10-07 03:46:38'),
(733,	'42.110.250.115',	'Unknown',	'Unknown v.?',	'2020-10-07 03:46:41'),
(734,	'136.144.179.150',	'Unknown',	'Unknown v.?',	'2020-10-07 04:10:41'),
(735,	'136.144.179.150',	'Unknown',	'Unknown v.?',	'2020-10-07 04:11:58'),
(736,	'136.144.179.150',	'Unknown',	'Unknown v.?',	'2020-10-07 04:14:10'),
(737,	'18.212.109.17',	'Unknown',	'Google Chrome v.78.0.3904.108',	'2020-10-07 04:33:39'),
(738,	'105.158.76.173',	'Ubuntu',	'Mozilla Firefox v.28.0',	'2020-10-07 06:06:57'),
(739,	'105.158.76.173',	'Ubuntu',	'Mozilla Firefox v.28.0',	'2020-10-07 06:07:42'),
(740,	'105.158.76.173',	'Ubuntu',	'Mozilla Firefox v.28.0',	'2020-10-07 06:08:31'),
(741,	'197.1.101.132',	'Ubuntu',	'Mozilla Firefox v.28.0',	'2020-10-07 06:22:46'),
(742,	'197.1.101.132',	'Ubuntu',	'Mozilla Firefox v.28.0',	'2020-10-07 06:23:00'),
(743,	'37.111.201.199',	'Ubuntu',	'Mozilla Firefox v.28.0',	'2020-10-07 06:24:59'),
(744,	'37.111.201.199',	'Ubuntu',	'Mozilla Firefox v.28.0',	'2020-10-07 06:25:09'),
(745,	'37.111.201.199',	'Ubuntu',	'Mozilla Firefox v.28.0',	'2020-10-07 06:25:18'),
(746,	'18.212.109.17',	'Unknown',	'Google Chrome v.78.0.3904.108',	'2020-10-07 07:48:39'),
(747,	'52.188.122.126',	'Ubuntu',	'Mozilla Firefox v.28.0',	'2020-10-07 09:38:14'),
(748,	'52.188.122.126',	'Ubuntu',	'Mozilla Firefox v.28.0',	'2020-10-07 09:38:27'),
(749,	'52.188.122.126',	'Ubuntu',	'Mozilla Firefox v.28.0',	'2020-10-07 09:38:40'),
(750,	'35.246.247.236',	'Ubuntu',	'Mozilla Firefox v.28.0',	'2020-10-07 09:48:15'),
(751,	'35.246.247.236',	'Ubuntu',	'Mozilla Firefox v.28.0',	'2020-10-07 09:48:29'),
(752,	'137.135.72.199',	'Windows 7',	'Google Chrome v.85.0.4183.102',	'2020-10-07 10:37:41'),
(753,	'167.71.80.25',	'Unknown',	'Unknown v.?',	'2020-10-07 10:54:14'),
(754,	'20.185.69.220',	'Unknown',	'Google Chrome v.79.0',	'2020-10-07 11:18:02'),
(755,	'138.197.69.21',	'Unknown',	'Unknown v.?',	'2020-10-07 12:27:48'),
(756,	'82.165.252.119',	'Ubuntu',	'Mozilla Firefox v.28.0',	'2020-10-07 15:14:41'),
(757,	'82.165.252.119',	'Ubuntu',	'Mozilla Firefox v.28.0',	'2020-10-07 15:14:56'),
(758,	'97.107.131.71',	'Unknown',	'Google Chrome v.79.0',	'2020-10-07 17:28:44'),
(759,	'212.83.147.170',	'Unknown',	'Mozilla Firefox v.64.0',	'2020-10-07 17:56:01'),
(760,	'212.83.147.170',	'Unknown',	'Mozilla Firefox v.64.0',	'2020-10-07 17:56:11'),
(761,	'212.83.147.170',	'Unknown',	'Mozilla Firefox v.64.0',	'2020-10-07 17:56:25'),
(762,	'212.83.147.170',	'Unknown',	'Mozilla Firefox v.64.0',	'2020-10-07 17:56:52'),
(763,	'212.83.147.170',	'Unknown',	'Mozilla Firefox v.64.0',	'2020-10-07 17:56:56'),
(764,	'212.83.147.170',	'Unknown',	'Mozilla Firefox v.64.0',	'2020-10-07 17:57:01'),
(765,	'212.83.147.170',	'Unknown',	'Mozilla Firefox v.64.0',	'2020-10-07 17:57:08'),
(766,	'212.83.147.170',	'Unknown',	'Mozilla Firefox v.64.0',	'2020-10-07 17:57:10'),
(767,	'212.83.147.170',	'Unknown',	'Mozilla Firefox v.64.0',	'2020-10-07 17:57:12'),
(768,	'212.83.147.170',	'Unknown',	'Mozilla Firefox v.64.0',	'2020-10-07 17:57:13'),
(769,	'74.192.114.15',	'Ubuntu',	'Mozilla Firefox v.28.0',	'2020-10-07 17:58:19'),
(770,	'74.192.114.15',	'Ubuntu',	'Mozilla Firefox v.28.0',	'2020-10-07 17:58:31'),
(771,	'74.192.114.15',	'Ubuntu',	'Mozilla Firefox v.28.0',	'2020-10-07 17:58:44'),
(772,	'197.238.216.47',	'Unknown',	'Google Chrome v.78.0.3904.108',	'2020-10-07 19:49:48'),
(773,	'197.238.216.47',	'Unknown',	'Google Chrome v.78.0.3904.108',	'2020-10-07 19:50:53'),
(774,	'74.192.114.15',	'Ubuntu',	'Mozilla Firefox v.28.0',	'2020-10-07 20:05:03'),
(775,	'74.192.114.15',	'Ubuntu',	'Mozilla Firefox v.28.0',	'2020-10-07 20:05:21'),
(776,	'74.192.114.15',	'Ubuntu',	'Mozilla Firefox v.28.0',	'2020-10-07 20:05:40'),
(777,	'103.111.225.161',	'Unknown',	'Unknown v.?',	'2020-10-07 21:03:27'),
(778,	'103.111.225.161',	'Unknown',	'Unknown v.?',	'2020-10-07 21:03:27'),
(779,	'52.148.143.191',	'Unknown',	'Unknown v.?',	'2020-10-07 21:09:37'),
(780,	'52.148.143.191',	'Unknown',	'Unknown v.?',	'2020-10-07 21:09:39'),
(781,	'185.240.246.12',	'Ubuntu',	'Mozilla Firefox v.28.0',	'2020-10-07 21:22:00'),
(782,	'103.111.225.161',	'Unknown',	'Unknown v.?',	'2020-10-07 22:00:27'),
(783,	'103.111.225.161',	'Unknown',	'Unknown v.?',	'2020-10-07 22:00:29'),
(784,	'185.240.246.12',	'Ubuntu',	'Mozilla Firefox v.28.0',	'2020-10-07 22:47:58'),
(785,	'185.240.246.12',	'Ubuntu',	'Mozilla Firefox v.28.0',	'2020-10-07 22:48:54'),
(786,	'114.4.217.34',	'Windows 7',	'Google Chrome v.86.0.4240.75',	'2020-10-07 23:57:14'),
(787,	'40.66.32.44',	'Ubuntu',	'Mozilla Firefox v.28.0',	'2020-10-08 01:25:17'),
(788,	'40.66.32.44',	'Ubuntu',	'Mozilla Firefox v.28.0',	'2020-10-08 01:25:26'),
(789,	'142.147.99.177',	'Ubuntu',	'Mozilla Firefox v.28.0',	'2020-10-08 01:25:47'),
(790,	'142.147.99.177',	'Ubuntu',	'Mozilla Firefox v.28.0',	'2020-10-08 01:25:58'),
(791,	'142.147.99.177',	'Ubuntu',	'Mozilla Firefox v.72.0',	'2020-10-08 01:26:12'),
(792,	'142.147.99.177',	'Ubuntu',	'Mozilla Firefox v.28.0',	'2020-10-08 01:48:11'),
(793,	'142.147.99.177',	'Ubuntu',	'Mozilla Firefox v.28.0',	'2020-10-08 01:48:22'),
(794,	'142.147.99.177',	'Ubuntu',	'Mozilla Firefox v.72.0',	'2020-10-08 01:48:34'),
(795,	'45.79.76.8',	'Unknown',	'Google Chrome v.79.0',	'2020-10-08 09:02:49'),
(796,	'23.102.178.68',	'Linux',	'Google Chrome v.26.0.1410.63',	'2020-10-08 09:32:01'),
(797,	'45.86.203.130',	'Ubuntu',	'Mozilla Firefox v.28.0',	'2020-10-08 09:55:52'),
(798,	'45.86.203.130',	'Ubuntu',	'Mozilla Firefox v.28.0',	'2020-10-08 09:56:15'),
(799,	'45.86.203.130',	'Ubuntu',	'Mozilla Firefox v.28.0',	'2020-10-08 09:56:42'),
(800,	'180.252.89.74',	'Windows 7',	'Google Chrome v.84.0.4147.125',	'2020-10-08 12:35:23'),
(801,	'34.83.151.140',	'Unknown',	'Mozilla Firefox v.79.0',	'2020-10-08 15:11:32'),
(802,	'34.83.151.140',	'Unknown',	'Mozilla Firefox v.79.0',	'2020-10-08 15:11:33'),
(803,	'40.84.215.198',	'Ubuntu',	'Mozilla Firefox v.28.0',	'2020-10-09 03:46:08'),
(804,	'40.84.215.198',	'Ubuntu',	'Mozilla Firefox v.28.0',	'2020-10-09 03:46:38'),
(805,	'40.84.215.198',	'Ubuntu',	'Mozilla Firefox v.28.0',	'2020-10-09 03:46:59'),
(806,	'45.33.89.188',	'Unknown',	'Google Chrome v.79.0',	'2020-10-09 06:01:21'),
(807,	'105.235.133.140',	'Unknown',	'Unknown v.?',	'2020-10-09 11:44:47'),
(808,	'105.235.133.140',	'Unknown',	'Unknown v.?',	'2020-10-09 11:48:02'),
(809,	'105.235.133.140',	'Unknown',	'Unknown v.?',	'2020-10-09 11:51:45'),
(810,	'78.190.158.20',	'Unknown',	'Unknown v.?',	'2020-10-09 15:45:22'),
(811,	'78.190.158.20',	'Unknown',	'Unknown v.?',	'2020-10-09 15:47:05'),
(812,	'78.190.158.20',	'Unknown',	'Unknown v.?',	'2020-10-09 15:47:07'),
(813,	'78.190.158.20',	'Unknown',	'Unknown v.?',	'2020-10-09 15:47:14'),
(814,	'78.190.158.20',	'Unknown',	'Unknown v.?',	'2020-10-09 15:47:17'),
(815,	'78.190.158.20',	'Unknown',	'Unknown v.?',	'2020-10-09 15:47:19'),
(816,	'173.255.201.142',	'Unknown',	'Google Chrome v.79.0',	'2020-10-09 16:02:11'),
(817,	'78.190.158.20',	'Unknown',	'Unknown v.?',	'2020-10-09 18:23:29'),
(818,	'78.190.158.20',	'Unknown',	'Unknown v.?',	'2020-10-09 18:24:51'),
(819,	'78.190.158.20',	'Unknown',	'Unknown v.?',	'2020-10-09 18:24:53'),
(820,	'78.190.158.20',	'Unknown',	'Unknown v.?',	'2020-10-09 18:24:59'),
(821,	'78.190.158.20',	'Unknown',	'Unknown v.?',	'2020-10-09 18:25:01'),
(822,	'78.190.158.20',	'Unknown',	'Unknown v.?',	'2020-10-09 18:25:03'),
(823,	'37.59.54.36',	'Unknown',	'Unknown v.?',	'2020-10-10 04:45:49'),
(824,	'104.214.56.95',	'Unknown',	'Google Chrome v.79.0',	'2020-10-10 05:44:09'),
(825,	'103.111.225.161',	'Unknown',	'Unknown v.?',	'2020-10-10 06:19:07'),
(826,	'103.111.225.161',	'Unknown',	'Unknown v.?',	'2020-10-10 06:21:08'),
(827,	'36.81.24.17',	'Unknown',	'Unknown v.?',	'2020-10-11 09:13:00'),
(828,	'36.81.24.17',	'Unknown',	'Unknown v.?',	'2020-10-11 09:16:20'),
(829,	'36.81.24.17',	'Unknown',	'Unknown v.?',	'2020-10-11 09:16:25'),
(830,	'36.81.24.17',	'Unknown',	'Unknown v.?',	'2020-10-11 09:16:42'),
(831,	'36.81.24.17',	'Unknown',	'Unknown v.?',	'2020-10-11 09:16:46'),
(832,	'36.81.24.17',	'Unknown',	'Unknown v.?',	'2020-10-11 09:16:50'),
(833,	'185.219.168.94',	'Ubuntu',	'Mozilla Firefox v.28.0',	'2020-10-11 15:10:06'),
(834,	'185.219.168.94',	'Ubuntu',	'Mozilla Firefox v.28.0',	'2020-10-11 15:10:15'),
(835,	'185.219.168.94',	'Ubuntu',	'Mozilla Firefox v.28.0',	'2020-10-11 15:10:26'),
(836,	'36.72.219.14',	'Windows 7',	'Google Chrome v.55.0.2883.87',	'2020-10-11 19:55:07'),
(837,	'103.83.176.133',	'Unknown',	'Google Chrome v.85.0.4183.83',	'2020-10-11 20:19:55'),
(838,	'209.17.96.154',	'Unknown',	'Unknown v.?',	'2020-10-13 23:30:03'),
(839,	'49.150.72.209',	'Unknown',	'Unknown v.?',	'2020-10-14 18:06:43'),
(840,	'49.150.72.209',	'Unknown',	'Unknown v.?',	'2020-10-14 18:26:26'),
(841,	'49.150.72.209',	'Unknown',	'Unknown v.?',	'2020-10-14 18:26:42'),
(842,	'49.150.72.209',	'Unknown',	'Unknown v.?',	'2020-10-14 18:27:20'),
(843,	'49.150.72.209',	'Unknown',	'Unknown v.?',	'2020-10-14 18:27:25'),
(844,	'49.150.72.209',	'Unknown',	'Unknown v.?',	'2020-10-14 18:27:33'),
(845,	'192.241.153.240',	'Android',	'Google Chrome v.66.0.3359.158',	'2020-10-14 22:54:06'),
(846,	'13.68.180.225',	'Ubuntu',	'Mozilla Firefox v.28.0',	'2020-10-16 14:40:11'),
(847,	'13.68.180.225',	'Ubuntu',	'Mozilla Firefox v.28.0',	'2020-10-16 14:40:23'),
(848,	'13.68.180.225',	'Ubuntu',	'Mozilla Firefox v.28.0',	'2020-10-16 14:40:36'),
(849,	'209.17.96.2',	'Unknown',	'Unknown v.?',	'2020-10-17 07:58:09'),
(850,	'209.17.96.186',	'Unknown',	'Unknown v.?',	'2020-10-17 12:45:54'),
(851,	'209.17.96.90',	'Unknown',	'Unknown v.?',	'2020-10-19 23:28:00'),
(852,	'209.17.96.74',	'Unknown',	'Unknown v.?',	'2020-10-21 00:51:04'),
(853,	'209.17.97.90',	'Unknown',	'Unknown v.?',	'2020-10-21 01:04:10'),
(854,	'103.115.104.42',	'Unknown',	'Google Chrome v.86.0.4240.75',	'2020-10-21 20:17:41'),
(855,	'209.17.96.178',	'Unknown',	'Unknown v.?',	'2020-10-23 05:58:16'),
(856,	'209.17.97.10',	'Unknown',	'Unknown v.?',	'2020-10-24 05:12:53'),
(857,	'120.188.77.182',	'Android',	'Google Chrome v.71.0.3578.99',	'2020-10-26 20:29:05'),
(858,	'120.188.77.182',	'Unknown',	'Unknown v.?',	'2020-10-26 20:49:09'),
(859,	'120.188.77.182',	'Unknown',	'Unknown v.?',	'2020-10-26 20:49:52'),
(860,	'120.188.77.182',	'Unknown',	'Unknown v.?',	'2020-10-26 20:50:07'),
(861,	'180.251.110.85',	'Android',	'Google Chrome v.85.0.4183.81',	'2020-10-26 20:59:09'),
(862,	'120.188.85.30',	'Android',	'Google Chrome v.62.0.3202.84',	'2020-10-26 21:00:33'),
(863,	'180.214.232.78',	'Android',	'Google Chrome v.85.0.4183.127',	'2020-10-26 22:59:08'),
(864,	'140.213.56.20',	'Android',	'Google Chrome v.79.0.3945.136',	'2020-10-27 01:28:32'),
(865,	'140.213.56.20',	'Android',	'Google Chrome v.4.0',	'2020-10-27 01:54:07'),
(866,	'209.17.97.34',	'Unknown',	'Unknown v.?',	'2020-10-27 07:18:46'),
(867,	'182.2.36.75',	'Unknown',	'Google Chrome v.86.0.4240.111',	'2020-10-28 01:22:54'),
(868,	'182.1.123.32',	'Unknown',	'Unknown v.?',	'2020-10-28 08:53:36'),
(869,	'36.90.62.158',	'Android',	'Google Chrome v.86.0.4240.110',	'2020-10-28 09:07:26'),
(870,	'209.17.96.82',	'Unknown',	'Unknown v.?',	'2020-10-28 11:38:17'),
(871,	'103.146.196.12',	'Android',	'Google Chrome v.62.0.3202.84',	'2020-10-28 21:19:54'),
(872,	'91.241.19.235',	'Unknown',	'Unknown v.?',	'2020-10-31 17:29:03'),
(873,	'91.241.19.235',	'Unknown',	'Unknown v.?',	'2020-10-31 23:10:08'),
(874,	'91.241.19.235',	'Unknown',	'Unknown v.?',	'2020-10-31 23:10:13'),
(875,	'104.131.60.188',	'Unknown',	'Unknown v.?',	'2020-10-31 23:53:14'),
(876,	'91.241.19.235',	'Unknown',	'Unknown v.?',	'2020-11-01 02:27:44'),
(877,	'91.241.19.235',	'Unknown',	'Unknown v.?',	'2020-11-01 06:50:23'),
(878,	'91.241.19.235',	'Unknown',	'Unknown v.?',	'2020-11-01 06:50:24'),
(879,	'103.115.104.42',	'Unknown',	'Google Chrome v.86.0.4240.111',	'2020-11-01 18:28:19'),
(880,	'103.115.104.42',	'Unknown',	'Google Chrome v.86.0.4240.183',	'2020-11-04 22:42:44'),
(881,	'36.85.58.65',	'Android',	'Google Chrome v.86.0.4240.185',	'2020-11-05 10:28:33'),
(882,	'103.115.104.42',	'Unknown',	'Google Chrome v.86.0.4240.111',	'2020-11-05 19:32:32'),
(883,	'103.115.104.42',	'Unknown',	'Google Chrome v.86.0.4240.183',	'2020-11-05 22:45:24'),
(884,	'103.115.104.42',	'Unknown',	'Mozilla Firefox v.83.0',	'2020-11-05 23:12:47'),
(885,	'103.115.104.42',	'Unknown',	'Google Chrome v.86.0.4240.183',	'2020-11-05 23:56:03'),
(886,	'103.115.104.42',	'Unknown',	'Mozilla Firefox v.82.0',	'2020-11-05 23:56:21'),
(887,	'103.115.104.42',	'Unknown',	'Google Chrome v.86.0.4240.183',	'2020-11-06 00:15:06'),
(888,	'68.183.63.217',	'Unknown',	'Unknown v.?',	'2020-11-06 00:21:20'),
(889,	'104.131.162.233',	'Unknown',	'Unknown v.?',	'2020-11-06 03:03:32'),
(890,	'140.213.166.27',	'Android',	'Google Chrome v.85.0.4183.101',	'2020-11-06 06:52:06'),
(891,	'103.115.104.42',	'Unknown',	'Google Chrome v.86.0.4240.183',	'2020-11-08 18:27:31'),
(892,	'35.247.21.80',	'Unknown',	'Mozilla Firefox v.79.0',	'2020-11-08 20:30:51'),
(893,	'35.247.21.80',	'Unknown',	'Mozilla Firefox v.79.0',	'2020-11-08 20:30:51'),
(894,	'103.115.104.42',	'Unknown',	'Mozilla Firefox v.82.0',	'2020-11-11 20:35:04'),
(895,	'103.115.104.42',	'Unknown',	'Mozilla Firefox v.82.0',	'2020-11-17 18:11:43'),
(896,	'120.188.79.142',	'Android',	'Google Chrome v.79.0.3945.79',	'2020-11-19 04:22:01'),
(897,	'103.115.104.42',	'Unknown',	'Mozilla Firefox v.82.0',	'2020-11-19 18:02:43'),
(898,	'51.158.127.119',	'Unknown',	'Unknown v.?',	'2020-11-21 23:58:01'),
(899,	'103.115.104.42',	'Unknown',	'Mozilla Firefox v.83.0',	'2020-11-23 22:03:41'),
(900,	'51.15.247.214',	'Unknown',	'Unknown v.?',	'2020-11-24 06:30:42'),
(901,	'35.233.145.124',	'Unknown',	'Mozilla Firefox v.79.0',	'2020-11-24 21:42:19'),
(902,	'35.233.145.124',	'Unknown',	'Mozilla Firefox v.79.0',	'2020-11-24 21:42:19'),
(903,	'104.131.116.193',	'Unknown',	'Unknown v.?',	'2020-12-01 14:37:53'),
(904,	'103.115.104.42',	'Windows 7',	'Mozilla Firefox v.82.0',	'2020-12-01 18:47:35'),
(905,	'13.232.251.17',	'Unknown',	'Unknown v.?',	'2020-12-05 06:38:10'),
(906,	'13.232.251.17',	'Unknown',	'Unknown v.?',	'2020-12-05 06:39:00'),
(907,	'13.232.251.17',	'Unknown',	'Unknown v.?',	'2020-12-05 06:39:13'),
(908,	'13.232.251.17',	'Unknown',	'Unknown v.?',	'2020-12-05 06:39:36'),
(909,	'13.232.251.17',	'Unknown',	'Unknown v.?',	'2020-12-05 06:39:59'),
(910,	'13.232.251.17',	'Unknown',	'Unknown v.?',	'2020-12-05 07:28:26'),
(911,	'13.232.251.17',	'Unknown',	'Unknown v.?',	'2020-12-05 07:29:11'),
(912,	'13.232.251.17',	'Unknown',	'Unknown v.?',	'2020-12-05 07:29:17'),
(913,	'13.232.251.17',	'Unknown',	'Unknown v.?',	'2020-12-05 07:29:47'),
(914,	'13.232.251.17',	'Unknown',	'Unknown v.?',	'2020-12-05 07:30:16'),
(915,	'104.131.171.184',	'Unknown',	'Unknown v.?',	'2020-12-06 19:21:44'),
(916,	'104.131.59.109',	'Unknown',	'Unknown v.?',	'2020-12-06 19:58:50'),
(917,	'23.96.12.250',	'Android',	'Google Chrome v.4.0',	'2020-12-08 13:45:17'),
(918,	'23.96.12.250',	'Android',	'Google Chrome v.4.0',	'2020-12-08 13:45:19'),
(919,	'23.96.12.250',	'Android',	'Google Chrome v.4.0',	'2020-12-08 14:14:18'),
(920,	'23.96.12.250',	'Android',	'Google Chrome v.4.0',	'2020-12-08 14:14:20'),
(921,	'206.189.150.49',	'Unknown',	'Google Chrome v.78.0.3904.108',	'2020-12-09 21:55:55'),
(922,	'206.189.150.49',	'Mac OS X',	'Apple Safari v.5.1',	'2020-12-10 17:24:12'),
(923,	'91.250.86.66',	'Linux',	'Google Chrome v.81.0.4044.129',	'2020-12-11 10:33:58'),
(924,	'91.250.86.66',	'Linux',	'Google Chrome v.81.0.4044.129',	'2020-12-11 14:24:03'),
(925,	'34.82.192.151',	'Unknown',	'Mozilla Firefox v.79.0',	'2020-12-11 16:23:52'),
(926,	'34.82.192.151',	'Unknown',	'Mozilla Firefox v.79.0',	'2020-12-11 16:23:53'),
(927,	'154.214.57.214',	'Unknown',	'Unknown v.?',	'2020-12-12 18:56:12'),
(928,	'40.117.249.58',	'Linux',	'Google Chrome v.81.0.4044.129',	'2020-12-16 15:05:20'),
(929,	'40.117.249.58',	'Linux',	'Google Chrome v.81.0.4044.129',	'2020-12-16 19:14:43'),
(930,	'103.115.104.42',	'Windows 7',	'Mozilla Firefox v.83.0',	'2020-12-16 19:37:50'),
(931,	'114.5.247.227',	'Windows 7',	'Google Chrome v.87.0.4280.88',	'2020-12-17 05:19:39'),
(932,	'103.115.104.42',	'Windows 7',	'Mozilla Firefox v.83.0',	'2020-12-17 21:21:26'),
(933,	'103.115.104.42',	'Windows 7',	'Mozilla Firefox v.84.0',	'2020-12-20 17:25:43'),
(934,	'35.233.145.124',	'Unknown',	'Mozilla Firefox v.79.0',	'2020-12-25 22:35:24'),
(935,	'35.233.145.124',	'Unknown',	'Mozilla Firefox v.79.0',	'2020-12-25 22:35:25'),
(936,	'185.191.171.3',	'Unknown',	'Unknown v.?',	'2020-12-28 10:26:53'),
(937,	'103.115.104.42',	'Windows 7',	'Mozilla Firefox v.84.0',	'2020-12-28 17:34:42'),
(938,	'185.191.171.13',	'Unknown',	'Unknown v.?',	'2020-12-28 19:11:04'),
(939,	'209.17.96.18',	'Unknown',	'Unknown v.?',	'2020-12-29 22:32:58'),
(940,	'40.117.249.58',	'Linux',	'Google Chrome v.81.0.4044.129',	'2020-12-30 12:56:01'),
(941,	'104.236.55.219',	'Unknown',	'Unknown v.?',	'2020-12-30 23:06:56'),
(942,	'185.191.171.26',	'Unknown',	'Unknown v.?',	'2020-12-31 12:49:54'),
(943,	'209.17.97.26',	'Unknown',	'Unknown v.?',	'2021-01-01 02:58:11'),
(944,	'209.17.96.250',	'Unknown',	'Unknown v.?',	'2021-01-01 07:11:23'),
(945,	'40.117.249.58',	'Unknown',	'Google Chrome v.78.0.3904.108',	'2021-01-03 05:23:22'),
(946,	'103.115.104.42',	'Windows 7',	'Mozilla Firefox v.84.0',	'2021-01-03 18:25:07'),
(947,	'103.115.104.42',	'Unknown',	'Google Chrome v.87.0.4280.88',	'2021-01-03 20:01:15'),
(948,	'175.158.54.207',	'Ubuntu',	'Mozilla Firefox v.28.0',	'2021-01-04 09:50:07'),
(949,	'175.158.54.207',	'Ubuntu',	'Mozilla Firefox v.28.0',	'2021-01-04 09:50:09'),
(950,	'175.158.54.207',	'Ubuntu',	'Mozilla Firefox v.28.0',	'2021-01-04 09:50:10'),
(951,	'175.158.54.207',	'Ubuntu',	'Mozilla Firefox v.28.0',	'2021-01-04 09:50:13'),
(952,	'175.158.54.207',	'Ubuntu',	'Mozilla Firefox v.28.0',	'2021-01-04 09:50:14'),
(953,	'175.158.54.207',	'Ubuntu',	'Mozilla Firefox v.28.0',	'2021-01-04 09:50:16'),
(954,	'103.115.104.42',	'Windows 7',	'Mozilla Firefox v.84.0',	'2021-01-04 18:45:31'),
(955,	'209.17.97.58',	'Unknown',	'Unknown v.?',	'2021-01-05 01:03:04'),
(956,	'175.158.54.207',	'Ubuntu',	'Mozilla Firefox v.28.0',	'2021-01-05 06:38:24'),
(957,	'175.158.54.207',	'Ubuntu',	'Mozilla Firefox v.28.0',	'2021-01-05 06:38:26'),
(958,	'175.158.54.207',	'Ubuntu',	'Mozilla Firefox v.28.0',	'2021-01-05 06:38:27'),
(959,	'175.158.54.207',	'Ubuntu',	'Mozilla Firefox v.28.0',	'2021-01-05 06:38:34'),
(960,	'175.158.54.207',	'Ubuntu',	'Mozilla Firefox v.28.0',	'2021-01-05 06:38:37'),
(961,	'175.158.54.207',	'Ubuntu',	'Mozilla Firefox v.28.0',	'2021-01-05 06:38:42'),
(962,	'103.115.104.42',	'Unknown',	'Google Chrome v.87.0.4280.88',	'2021-01-05 19:28:34'),
(963,	'103.115.104.42',	'Unknown',	'Google Chrome v.87.0.4280.88',	'2021-01-05 21:37:55'),
(964,	'167.172.225.214',	'Unknown',	'Unknown v.?',	'2021-01-06 01:57:53'),
(965,	'159.203.127.89',	'Unknown',	'Unknown v.?',	'2021-01-06 03:42:13'),
(966,	'175.158.54.196',	'Ubuntu',	'Mozilla Firefox v.28.0',	'2021-01-06 08:17:54'),
(967,	'175.158.54.196',	'Ubuntu',	'Mozilla Firefox v.28.0',	'2021-01-06 08:17:55'),
(968,	'175.158.54.196',	'Ubuntu',	'Mozilla Firefox v.28.0',	'2021-01-06 08:17:57'),
(969,	'175.158.54.196',	'Ubuntu',	'Mozilla Firefox v.28.0',	'2021-01-06 08:17:57'),
(970,	'175.158.54.196',	'Ubuntu',	'Mozilla Firefox v.28.0',	'2021-01-06 08:17:58'),
(971,	'175.158.54.196',	'Ubuntu',	'Mozilla Firefox v.28.0',	'2021-01-06 08:18:00'),
(972,	'103.115.104.42',	'Windows 7',	'Mozilla Firefox v.84.0',	'2021-01-06 20:31:32'),
(973,	'209.17.96.234',	'Unknown',	'Unknown v.?',	'2021-01-07 06:33:23'),
(974,	'103.115.104.42',	'Unknown',	'Google Chrome v.87.0.4280.141',	'2021-01-07 19:20:43'),
(975,	'180.254.102.55',	'Windows 7',	'Google Chrome v.87.0.4280.88',	'2021-01-07 23:38:26'),
(976,	'51.158.66.83',	'Unknown',	'Unknown v.?',	'2021-01-08 01:50:58'),
(977,	'175.158.54.194',	'Ubuntu',	'Mozilla Firefox v.28.0',	'2021-01-08 08:23:15'),
(978,	'175.158.54.194',	'Ubuntu',	'Mozilla Firefox v.28.0',	'2021-01-08 08:23:16'),
(979,	'175.158.54.194',	'Ubuntu',	'Mozilla Firefox v.28.0',	'2021-01-08 08:23:18'),
(980,	'175.158.54.194',	'Ubuntu',	'Mozilla Firefox v.28.0',	'2021-01-08 08:23:21'),
(981,	'175.158.54.194',	'Ubuntu',	'Mozilla Firefox v.28.0',	'2021-01-08 08:23:23'),
(982,	'175.158.54.194',	'Ubuntu',	'Mozilla Firefox v.28.0',	'2021-01-08 08:23:25'),
(983,	'209.17.96.34',	'Unknown',	'Unknown v.?',	'2021-01-09 05:27:43'),
(984,	'51.158.109.3',	'Unknown',	'Unknown v.?',	'2021-01-09 12:05:06'),
(985,	'35.233.145.124',	'Unknown',	'Mozilla Firefox v.79.0',	'2021-01-10 07:53:42'),
(986,	'35.233.145.124',	'Unknown',	'Mozilla Firefox v.79.0',	'2021-01-10 07:53:43'),
(987,	'103.115.104.42',	'Windows 7',	'Google Chrome v.87.0.4280.88',	'2021-01-10 18:53:37'),
(988,	'103.115.104.42',	'Windows 7',	'Mozilla Firefox v.84.0',	'2021-01-10 20:26:25'),
(989,	'203.78.118.148',	'Unknown',	'Mozilla Firefox v.72.0',	'2021-01-10 20:45:22'),
(990,	'103.115.104.42',	'Unknown',	'Mozilla Firefox v.84.0',	'2021-01-11 17:58:26'),
(991,	'103.115.104.42',	'Unknown',	'Google Chrome v.87.0.4280.141',	'2021-01-11 18:56:29'),
(992,	'103.115.104.42',	'Unknown',	'Google Chrome v.87.0.4280.141',	'2021-01-11 18:57:10'),
(993,	'103.115.104.42',	'Unknown',	'Google Chrome v.87.0.4280.141',	'2021-01-11 19:38:35'),
(994,	'165.227.134.1',	'Unknown',	'Unknown v.?',	'2021-01-12 10:14:03'),
(995,	'165.227.134.1',	'Unknown',	'Unknown v.?',	'2021-01-12 10:51:49'),
(996,	'51.158.127.119',	'Unknown',	'Unknown v.?',	'2021-01-12 21:11:26'),
(997,	'103.115.104.42',	'Unknown',	'Google Chrome v.87.0.4280.141',	'2021-01-13 00:20:47'),
(998,	'209.17.96.106',	'Unknown',	'Unknown v.?',	'2021-01-13 09:53:37'),
(999,	'103.115.104.42',	'Unknown',	'Mozilla Firefox v.72.0',	'2021-01-13 17:34:02'),
(1000,	'103.115.104.42',	'Windows 7',	'Google Chrome v.87.0.4280.141',	'2021-01-13 20:02:43'),
(1001,	'193.32.164.27',	'Unknown',	'Unknown v.?',	'2021-01-14 04:16:02'),
(1002,	'193.32.164.27',	'Unknown',	'Unknown v.?',	'2021-01-14 04:16:04'),
(1003,	'175.158.54.5',	'Ubuntu',	'Mozilla Firefox v.28.0',	'2021-01-14 08:32:31'),
(1004,	'175.158.54.5',	'Ubuntu',	'Mozilla Firefox v.28.0',	'2021-01-14 08:32:33'),
(1005,	'175.158.54.5',	'Ubuntu',	'Mozilla Firefox v.72.0',	'2021-01-14 08:32:35'),
(1006,	'175.158.54.5',	'Ubuntu',	'Mozilla Firefox v.28.0',	'2021-01-14 08:32:36'),
(1007,	'175.158.54.5',	'Ubuntu',	'Mozilla Firefox v.28.0',	'2021-01-14 08:32:38'),
(1008,	'175.158.54.5',	'Ubuntu',	'Mozilla Firefox v.72.0',	'2021-01-14 08:32:40'),
(1009,	'51.158.108.61',	'Unknown',	'Unknown v.?',	'2021-01-14 11:09:07'),
(1010,	'193.32.164.27',	'Unknown',	'Unknown v.?',	'2021-01-14 11:20:02'),
(1011,	'193.32.164.27',	'Unknown',	'Unknown v.?',	'2021-01-14 16:57:39'),
(1012,	'193.32.164.27',	'Unknown',	'Unknown v.?',	'2021-01-14 16:57:43'),
(1013,	'193.32.164.27',	'Unknown',	'Unknown v.?',	'2021-01-14 17:11:09'),
(1014,	'193.32.164.27',	'Unknown',	'Unknown v.?',	'2021-01-14 17:11:10'),
(1015,	'103.115.104.42',	'Windows 7',	'Mozilla Firefox v.84.0',	'2021-01-14 20:24:57'),
(1016,	'193.32.164.27',	'Unknown',	'Unknown v.?',	'2021-01-15 07:05:26'),
(1017,	'193.32.164.27',	'Unknown',	'Unknown v.?',	'2021-01-15 07:05:26'),
(1018,	'193.32.164.27',	'Unknown',	'Unknown v.?',	'2021-01-15 10:08:24'),
(1019,	'175.158.54.5',	'Ubuntu',	'Mozilla Firefox v.28.0',	'2021-01-15 12:22:28'),
(1020,	'175.158.54.5',	'Ubuntu',	'Mozilla Firefox v.28.0',	'2021-01-15 12:22:29'),
(1021,	'175.158.54.5',	'Ubuntu',	'Mozilla Firefox v.72.0',	'2021-01-15 12:22:31'),
(1022,	'175.158.54.5',	'Ubuntu',	'Mozilla Firefox v.28.0',	'2021-01-15 12:22:33'),
(1023,	'175.158.54.5',	'Ubuntu',	'Mozilla Firefox v.28.0',	'2021-01-15 12:22:34'),
(1024,	'175.158.54.5',	'Ubuntu',	'Mozilla Firefox v.72.0',	'2021-01-15 12:22:35'),
(1025,	'193.32.164.27',	'Unknown',	'Unknown v.?',	'2021-01-15 15:54:38'),
(1026,	'193.32.164.27',	'Unknown',	'Unknown v.?',	'2021-01-16 08:11:45'),
(1027,	'193.32.164.27',	'Unknown',	'Unknown v.?',	'2021-01-16 08:11:51'),
(1028,	'209.17.96.146',	'Unknown',	'Unknown v.?',	'2021-01-16 08:47:31'),
(1029,	'193.32.164.27',	'Unknown',	'Unknown v.?',	'2021-01-16 11:05:13'),
(1030,	'193.32.164.27',	'Unknown',	'Unknown v.?',	'2021-01-16 11:05:18'),
(1031,	'193.32.164.27',	'Unknown',	'Unknown v.?',	'2021-01-16 13:08:36'),
(1032,	'175.158.54.5',	'Ubuntu',	'Mozilla Firefox v.28.0',	'2021-01-16 19:06:00'),
(1033,	'175.158.54.5',	'Ubuntu',	'Mozilla Firefox v.28.0',	'2021-01-16 19:06:01'),
(1034,	'175.158.54.5',	'Ubuntu',	'Mozilla Firefox v.72.0',	'2021-01-16 19:06:03'),
(1035,	'175.158.54.5',	'Ubuntu',	'Mozilla Firefox v.28.0',	'2021-01-16 19:06:08'),
(1036,	'175.158.54.5',	'Ubuntu',	'Mozilla Firefox v.28.0',	'2021-01-16 19:06:09'),
(1037,	'175.158.54.5',	'Ubuntu',	'Mozilla Firefox v.72.0',	'2021-01-16 19:06:11'),
(1038,	'193.32.164.27',	'Unknown',	'Unknown v.?',	'2021-01-16 21:53:07'),
(1039,	'193.32.164.27',	'Unknown',	'Unknown v.?',	'2021-01-16 21:53:07'),
(1040,	'193.32.164.27',	'Unknown',	'Unknown v.?',	'2021-01-17 04:40:45'),
(1041,	'193.32.164.27',	'Unknown',	'Unknown v.?',	'2021-01-17 22:52:16'),
(1042,	'45.149.83.58',	'Mac OS X',	'Google Chrome v.70.0.3538.110',	'2021-01-18 06:56:45'),
(1043,	'193.32.164.27',	'Unknown',	'Unknown v.?',	'2021-01-18 07:00:10'),
(1044,	'103.115.104.42',	'Windows 7',	'Mozilla Firefox v.84.0',	'2021-01-18 18:38:21'),
(1045,	'103.115.104.42',	'Windows 7',	'Google Chrome v.87.0.4280.141',	'2021-01-18 19:01:53'),
(1046,	'209.17.96.114',	'Unknown',	'Unknown v.?',	'2021-01-21 06:13:48'),
(1047,	'10.0.0.26',	'Windows 7',	'Mozilla Firefox v.85.0',	'2021-01-26 19:04:29'),
(1048,	'34.83.170.101',	'Unknown',	'Mozilla Firefox v.79.0',	'2021-01-26 20:36:16'),
(1049,	'34.83.170.101',	'Unknown',	'Mozilla Firefox v.79.0',	'2021-01-26 20:36:16'),
(1050,	'103.115.104.46',	'Unknown',	'Google Chrome v.87.0.4280.141',	'2021-01-26 21:18:20'),
(1051,	'103.115.104.46',	'Unknown',	'Google Chrome v.87.0.4280.141',	'2021-01-26 21:31:23'),
(1052,	'10.0.0.26',	'Windows 7',	'Mozilla Firefox v.85.0',	'2021-01-27 19:55:54'),
(1053,	'161.35.178.156',	'Unknown',	'Unknown v.?',	'2021-01-29 07:28:56'),
(1054,	'78.85.147.157',	'Unknown',	'Google Chrome v.74.0.3729.169',	'2021-01-29 15:41:05'),
(1055,	'20.43.35.175',	'Linux',	'Google Chrome v.26.0.1410.63',	'2021-01-30 01:48:00'),
(1056,	'125.166.1.65',	'Android',	'Google Chrome v.88.0.4324.93',	'2021-01-30 07:55:27'),
(1057,	'36.75.67.43',	'Unknown',	'Google Chrome v.70.0.3538.77',	'2021-01-30 20:32:28'),
(1058,	'36.75.67.43',	'Unknown',	'Google Chrome v.70.0.3538.77',	'2021-01-30 20:42:37'),
(1059,	'159.203.86.53',	'Unknown',	'Unknown v.?',	'2021-01-31 13:05:00'),
(1060,	'167.172.27.160',	'Unknown',	'Unknown v.?',	'2021-01-31 13:46:22'),
(1061,	'36.75.67.246',	'Unknown',	'Unknown v.?',	'2021-01-31 14:19:01'),
(1062,	'37.59.47.61',	'Unknown',	'Unknown v.?',	'2021-01-31 18:28:53'),
(1063,	'10.0.0.26',	'Windows 7',	'Mozilla Firefox v.85.0',	'2021-01-31 21:00:32'),
(1064,	'10.0.0.26',	'Windows 7',	'Google Chrome v.88.0.4324.104',	'2021-02-01 18:00:33'),
(1065,	'36.75.64.15',	'Unknown',	'Unknown v.?',	'2021-02-02 01:42:52'),
(1066,	'10.0.0.26',	'Windows 7',	'Mozilla Firefox v.85.0',	'2021-02-03 00:49:34'),
(1067,	'110.138.79.226',	'Unknown',	'Google Chrome v.88.0.4324.146',	'2021-02-05 03:13:30'),
(1068,	'209.17.97.58',	'Unknown',	'Unknown v.?',	'2021-02-05 05:54:52'),
(1069,	'209.17.97.106',	'Unknown',	'Unknown v.?',	'2021-02-05 08:33:46'),
(1070,	'10.0.0.26',	'Windows 7',	'Mozilla Firefox v.85.0',	'2021-02-07 23:21:14'),
(1071,	'10.0.0.26',	'Windows 7',	'Mozilla Firefox v.85.0',	'2021-02-09 17:53:39'),
(1072,	'10.0.0.26',	'Windows 7',	'Google Chrome v.88.0.4324.150',	'2021-02-09 23:25:16'),
(1073,	'35.199.166.100',	'Unknown',	'Mozilla Firefox v.79.0',	'2021-02-10 18:29:46'),
(1074,	'35.199.166.100',	'Unknown',	'Mozilla Firefox v.79.0',	'2021-02-10 18:29:46'),
(1075,	'103.115.104.46',	'Unknown',	'Google Chrome v.88.0.4324.150',	'2021-02-10 20:52:08'),
(1076,	'209.17.96.186',	'Unknown',	'Unknown v.?',	'2021-02-11 02:59:06'),
(1077,	'209.17.96.34',	'Unknown',	'Unknown v.?',	'2021-02-11 03:03:42'),
(1078,	'94.237.74.205',	'Unknown',	'Unknown v.?',	'2021-02-13 12:25:20'),
(1079,	'34.86.35.227',	'Unknown',	'Unknown v.?',	'2021-02-14 00:08:36'),
(1080,	'34.96.130.224',	'Unknown',	'Unknown v.?',	'2021-02-14 00:55:18'),
(1081,	'144.85.99.247',	'Unknown',	'Mozilla Firefox v.66.0',	'2021-02-14 01:10:12'),
(1082,	'103.115.104.46',	'Unknown',	'Google Chrome v.88.0.4324.150',	'2021-02-14 20:15:33'),
(1083,	'103.82.14.252',	'Unknown',	'Mozilla Firefox v.85.0',	'2021-02-15 02:10:09'),
(1084,	'34.86.35.107',	'Unknown',	'Unknown v.?',	'2021-02-15 12:21:43'),
(1085,	'34.96.130.157',	'Unknown',	'Unknown v.?',	'2021-02-15 14:08:26');

DROP TABLE IF EXISTS `tbl_petugas`;
CREATE TABLE `tbl_petugas` (
  `id_petugas` int(11) NOT NULL AUTO_INCREMENT,
  `id_user` int(11) DEFAULT NULL,
  `id_jabatan` int(5) DEFAULT NULL,
  `nip` varchar(30) DEFAULT NULL,
  `golongan` varchar(100) DEFAULT NULL,
  PRIMARY KEY (`id_petugas`),
  KEY `tbl_petugas_ibfk_1` (`id_user`),
  KEY `tbl_petugas_ibfk_2` (`id_jabatan`),
  CONSTRAINT `tbl_petugas_ibfk_1` FOREIGN KEY (`id_user`) REFERENCES `tbl_user` (`id_user`) ON DELETE CASCADE ON UPDATE CASCADE,
  CONSTRAINT `tbl_petugas_ibfk_2` FOREIGN KEY (`id_jabatan`) REFERENCES `tbl_jabatan` (`id_jabatan`) ON DELETE CASCADE ON UPDATE CASCADE
) ENGINE=InnoDB DEFAULT CHARSET=latin1;

INSERT INTO `tbl_petugas` (`id_petugas`, `id_user`, `id_jabatan`, `nip`, `golongan`) VALUES
(1,	1894,	11,	'19771118 201001 1 007',	'Penata'),
(4,	1897,	1,	'19650309 198603 1 010',	'Pembina Tk I'),
(6,	1904,	6,	'19750430 199903 2 005',	'Pembina'),
(7,	1905,	7,	'19670305 198607 1 001',	'Penata Tk. I'),
(8,	1906,	8,	'19630531 198702 2 001',	'Penata Tk. I'),
(9,	1907,	9,	'19680527 199303 2 003',	'Penata Tk. I'),
(11,	1909,	10,	'19821118 201101 1 005',	'Penata Muda'),
(12,	1910,	10,	'19790724201101 1 001',	'Penata Muda'),
(13,	1911,	11,	'19901106 201402 1 001',	'Pengatur Tk. I'),
(14,	1912,	12,	'19630820 1998303 2 005',	'Penata Muda Tk. I');

DROP TABLE IF EXISTS `tbl_role`;
CREATE TABLE `tbl_role` (
  `id_role` int(2) NOT NULL AUTO_INCREMENT,
  `nama_role` varchar(35) DEFAULT NULL,
  PRIMARY KEY (`id_role`)
) ENGINE=InnoDB DEFAULT CHARSET=latin1;

INSERT INTO `tbl_role` (`id_role`, `nama_role`) VALUES
(1,	'Admin'),
(2,	'User'),
(3,	'Petugas');

DROP TABLE IF EXISTS `tbl_sidang_tera`;
CREATE TABLE `tbl_sidang_tera` (
  `id_sidang` int(11) NOT NULL AUTO_INCREMENT,
  `id_pasar` int(5) DEFAULT NULL,
  `tgl_sidang` date DEFAULT NULL,
  PRIMARY KEY (`id_sidang`),
  KEY `tbl_sidang_tera_ibfk_1` (`id_pasar`),
  CONSTRAINT `tbl_sidang_tera_ibfk_1` FOREIGN KEY (`id_pasar`) REFERENCES `tbl_pasar` (`id_pasar`) ON DELETE CASCADE ON UPDATE CASCADE
) ENGINE=InnoDB DEFAULT CHARSET=latin1;

INSERT INTO `tbl_sidang_tera` (`id_sidang`, `id_pasar`, `tgl_sidang`) VALUES
(10,	13,	'2020-01-29'),
(11,	14,	'2020-01-30'),
(13,	15,	'2020-01-22'),
(14,	16,	'2020-01-20'),
(17,	15,	'2020-01-23'),
(18,	17,	'2020-01-28');

DROP TABLE IF EXISTS `tbl_spt`;
CREATE TABLE `tbl_spt` (
  `id_spt` int(11) NOT NULL AUTO_INCREMENT,
  `id_petugas` int(11) DEFAULT NULL,
  `id_daftar` int(11) DEFAULT NULL,
  PRIMARY KEY (`id_spt`),
  KEY `tbl_spt_ibfk_1` (`id_petugas`),
  KEY `tbl_spt_ibfk_2` (`id_daftar`),
  CONSTRAINT `tbl_spt_ibfk_1` FOREIGN KEY (`id_petugas`) REFERENCES `tbl_petugas` (`id_petugas`) ON DELETE CASCADE ON UPDATE CASCADE,
  CONSTRAINT `tbl_spt_ibfk_2` FOREIGN KEY (`id_daftar`) REFERENCES `tbl_pendaftaran` (`id_daftar`) ON DELETE CASCADE ON UPDATE CASCADE
) ENGINE=InnoDB DEFAULT CHARSET=latin1;

INSERT INTO `tbl_spt` (`id_spt`, `id_petugas`, `id_daftar`) VALUES
(9,	13,	26),
(10,	1,	26),
(11,	13,	25),
(12,	1,	25),
(13,	1,	30),
(14,	1,	29),
(15,	1,	28),
(16,	1,	27),
(17,	1,	32),
(18,	1,	31),
(19,	1,	33),
(20,	1,	34),
(21,	1,	36),
(22,	1,	35),
(23,	1,	37),
(24,	1,	40),
(25,	1,	39),
(26,	1,	41),
(27,	1,	42),
(28,	1,	44),
(29,	1,	43),
(30,	1,	45),
(31,	1,	46),
(32,	1,	47),
(33,	1,	50),
(34,	1,	49),
(35,	1,	48),
(36,	1,	51),
(37,	1,	52),
(38,	1,	53),
(39,	1,	55),
(40,	1,	54),
(41,	1,	56),
(42,	1,	57),
(43,	1,	58),
(44,	1,	59),
(45,	1,	60),
(46,	13,	61),
(47,	13,	62),
(48,	13,	63),
(49,	1,	64),
(50,	1,	65),
(51,	13,	66),
(52,	13,	67),
(53,	1,	68),
(54,	1,	69),
(55,	1,	70),
(56,	1,	71),
(57,	1,	72),
(58,	13,	73),
(59,	1,	74),
(60,	1,	75),
(61,	1,	76),
(62,	1,	76),
(63,	13,	77),
(64,	1,	78),
(65,	13,	79),
(66,	1,	80),
(67,	1,	81),
(68,	1,	82),
(69,	1,	83),
(70,	13,	84),
(71,	13,	85),
(72,	1,	85),
(73,	13,	86),
(74,	1,	86),
(75,	13,	87),
(76,	1,	88),
(78,	1,	90),
(79,	1,	90),
(80,	13,	91),
(81,	1,	91),
(82,	1,	92),
(83,	1,	95),
(84,	1,	94),
(85,	1,	93),
(86,	1,	96),
(87,	1,	97),
(88,	1,	98),
(89,	1,	99),
(90,	1,	101),
(91,	1,	100),
(92,	1,	102),
(93,	1,	103),
(94,	13,	104),
(95,	1,	104),
(96,	13,	105),
(97,	1,	105),
(98,	1,	106),
(99,	1,	107),
(100,	1,	108),
(101,	1,	109),
(105,	1,	111),
(106,	6,	112),
(107,	11,	112),
(108,	1,	112),
(109,	13,	114),
(110,	1,	114),
(111,	8,	115),
(112,	13,	115),
(113,	1,	115),
(114,	8,	116),
(115,	13,	116),
(116,	1,	116),
(117,	8,	117),
(118,	1,	117),
(119,	14,	117),
(123,	9,	118),
(124,	12,	118),
(125,	1,	118),
(126,	7,	119),
(127,	1,	119),
(128,	9,	120),
(129,	12,	120),
(130,	1,	120),
(131,	9,	121),
(132,	1,	121),
(133,	1,	122),
(134,	1,	123),
(135,	1,	124),
(136,	1,	125),
(137,	1,	126),
(138,	1,	127);

DROP TABLE IF EXISTS `tbl_spt_sidang`;
CREATE TABLE `tbl_spt_sidang` (
  `id_spt_sidang` int(11) NOT NULL AUTO_INCREMENT,
  `id_sidang` int(11) DEFAULT NULL,
  `id_petugas` int(11) DEFAULT NULL,
  PRIMARY KEY (`id_spt_sidang`),
  KEY `tbl_spt_sidang_ibfk_1` (`id_sidang`),
  CONSTRAINT `tbl_spt_sidang_ibfk_1` FOREIGN KEY (`id_sidang`) REFERENCES `tbl_sidang_tera` (`id_sidang`) ON DELETE CASCADE ON UPDATE CASCADE
) ENGINE=InnoDB DEFAULT CHARSET=latin1;

INSERT INTO `tbl_spt_sidang` (`id_spt_sidang`, `id_sidang`, `id_petugas`) VALUES
(31,	10,	11),
(34,	11,	11),
(35,	13,	11),
(36,	14,	11),
(39,	17,	11),
(40,	18,	11);

DROP TABLE IF EXISTS `tbl_target_pad`;
CREATE TABLE `tbl_target_pad` (
  `id_target_pad` int(11) NOT NULL AUTO_INCREMENT,
  `tahun_pad` char(4) DEFAULT NULL,
  `target_pad` bigint(20) DEFAULT NULL,
  PRIMARY KEY (`id_target_pad`)
) ENGINE=InnoDB DEFAULT CHARSET=latin1;

INSERT INTO `tbl_target_pad` (`id_target_pad`, `tahun_pad`, `target_pad`) VALUES
(4,	'2019',	1500000000),
(6,	'2020',	1000000000);

DROP TABLE IF EXISTS `tbl_tarif`;
CREATE TABLE `tbl_tarif` (
  `id_tarif` int(11) NOT NULL AUTO_INCREMENT,
  `jenis_tarif` text,
  `parent_id` int(4) DEFAULT NULL COMMENT 'ID diambil dari ID_TARIF',
  `child_id` int(1) DEFAULT NULL COMMENT '1 - Punya child / 0 - Tidak punya child',
  `satuan` varchar(20) NOT NULL DEFAULT '-',
  `tera_kantor` int(10) NOT NULL DEFAULT '0',
  `tera_tempat_pakai` int(10) NOT NULL DEFAULT '0',
  `tera_ulang_kantor` int(10) NOT NULL DEFAULT '0',
  `tera_ulang_tempat_pakai` int(10) NOT NULL DEFAULT '0',
  PRIMARY KEY (`id_tarif`)
) ENGINE=InnoDB DEFAULT CHARSET=latin1;

INSERT INTO `tbl_tarif` (`id_tarif`, `jenis_tarif`, `parent_id`, `child_id`, `satuan`, `tera_kantor`, `tera_tempat_pakai`, `tera_ulang_kantor`, `tera_ulang_tempat_pakai`) VALUES
(1,	'UTTP',	0,	1,	'-',	0,	0,	0,	0),
(2,	'Biaya Pengujian',	0,	1,	'-',	0,	0,	0,	0),
(3,	'Biaya penelitian dalam rangka ijin pabrik atau pengukuran penimbangan lainnya yang jenisnya tercantum pada point A',	0,	0,	'Jam',	20000,	20000,	20000,	20000),
(4,	'Ukuran Panjang',	1,	1,	'-',	0,	0,	0,	0),
(5,	'Alat Ukur Permukaan Cairan (Level Gauge)',	1,	1,	'-',	0,	0,	0,	0),
(6,	'Takaran (Basah/Kering)',	1,	1,	'-',	0,	0,	0,	0),
(7,	'Tangki Ukur',	1,	1,	'-',	0,	0,	0,	0),
(8,	'Tangki Ukur Gerak',	1,	1,	'-',	0,	0,	0,	0),
(9,	'Alat Ukur dari Gelas',	1,	1,	'-',	0,	0,	0,	0),
(10,	'Bejana Ukur',	1,	1,	'-',	0,	0,	0,	0),
(11,	'Meter Taksi',	1,	0,	'Buah',	60000,	70000,	60000,	70000),
(12,	'Alat Ukur Cairan Minyak',	1,	1,	'-',	0,	0,	0,	0),
(13,	'Alat Ukur Gas',	1,	1,	'-',	0,	0,	0,	0),
(14,	'Meter Air',	1,	1,	'-',	0,	0,	0,	0),
(15,	'Meter Cairan Minum Selain Air',	1,	1,	'-',	0,	0,	0,	0),
(16,	'Alat Kompensasi Suhu (ATC)',	1,	1,	'-',	0,	0,	0,	0),
(17,	'Meter Prover',	1,	1,	'-',	0,	0,	0,	0),
(18,	'Meter Arus Massa',	1,	1,	'-',	0,	0,	0,	0),
(19,	'Alat Ukur Pengisi (Filling Machine)',	1,	0,	'Buah',	0,	90000,	0,	90000),
(20,	'Meter Listrik (kWh)',	1,	1,	'-',	0,	0,	0,	0),
(21,	'Pembatas Arus Listrik',	1,	0,	'Buah',	2000,	3000,	2000,	3000),
(22,	'Anak Timbangan',	1,	1,	'-',	0,	0,	0,	0),
(23,	'Timbangan',	1,	1,	'-',	0,	0,	0,	0),
(24,	'Alat Ukur Tekanan',	1,	1,	'-',	0,	0,	0,	0),
(25,	'Meter Kadar Air',	1,	1,	'-',	0,	0,	0,	0),
(26,	'Kapasitas sampai dengan 1 m',	223,	0,	'Buah',	3000,	13000,	4000,	14000),
(27,	'Lebih dari 1 m sampai dengan 2 m',	223,	0,	'Buah',	15000,	25000,	20000,	25000),
(28,	'Lebih dari 2 m sampai dengan 10 m',	223,	0,	'Buah',	20000,	30000,	25000,	30000),
(29,	'Lebih dari 10 m sampai dengan 20 m',	223,	0,	'Buah',	30000,	40000,	30000,	35000),
(30,	'Lebih dari 20 m sampai dengan 30 m',	223,	0,	'Buah',	35000,	45000,	35000,	40000),
(31,	'Lebih dari 30 m sampai dengan 40 m',	223,	0,	'Buah',	40000,	50000,	40000,	45000),
(32,	'Lebih dari 4 m sampai dengan 50 m',	223,	0,	'Buah',	45000,	55000,	45000,	50000),
(33,	'Lebih dari 50 m',	223,	0,	'Buah',	50000,	60000,	50000,	55000),
(34,	'Alat ukur tinggi orang',	223,	0,	'Buah',	10000,	30000,	10000,	30000),
(35,	'Counter meter',	223,	0,	'Buah',	15000,	35000,	15000,	35000),
(36,	'Mekanik',	5,	0,	'Buah',	150,	400000,	150000,	400000),
(37,	'Elektronik',	5,	0,	'Buah',	200000,	500000,	200000,	500000),
(38,	'Kapasitas sampai dengan 2 L',	6,	0,	'Buah',	500,	11500,	500,	11500),
(39,	'Lebih dari 2 L sampai dengan 25 L',	6,	0,	'Buah',	1000,	12000,	1000,	12000),
(40,	'Lebih dari 25 L',	6,	0,	'Buah',	5000,	16000,	5000,	16000),
(41,	'Bentuk Silinder Tegak',	7,	1,	'-',	0,	0,	0,	0),
(42,	'Bentuk Bola dan Speroidal',	7,	1,	'-',	0,	0,	0,	0),
(43,	'Bentuk Silinder Datar',	7,	1,	'-',	0,	0,	0,	0),
(44,	'Kapisitas sampai dengan 500  kL',	41,	0,	'Buah',	0,	200000,	0,	225000),
(45,	'Lebih dari 500  kL sampai dengan 1,000  kL',	41,	0,	'Buah',	0,	300000,	0,	375000),
(46,	'Lebih dari 1,000  kL sampai dengan 2,000  kL',	41,	0,	'Buah',	0,	450000,	0,	575000),
(47,	'Lebih dari 2,000  kL sampai dengan 5,000  kL',	41,	0,	'Buah',	0,	600000,	0,	675000),
(48,	'Lebih dari 5,000  kL samapi dengan 10,000  kL',	41,	0,	'Buah',	0,	750000,	0,	825000),
(49,	'Lebih dari 10,000  kL sampai dengan 50,000  kL',	41,	0,	'Buah',	0,	1500000,	0,	1500000),
(50,	'Lebih dari 50,000  kL sampai dengan 100,000  kL',	41,	0,	'Buah',	0,	3000000,	0,	3000000),
(51,	'Lebih dari 100,000  kL',	41,	0,	'Buah',	0,	5000000,	0,	5000000),
(52,	'Kapasitas sampai dengan 500  kL',	42,	0,	'Buah',	0,	500000,	0,	500000),
(53,	'Lebih dari 500  kL sampai dengan 1,000  kL',	42,	0,	'Buah',	0,	750000,	0,	750000),
(54,	'Lebih dari 1,000  kL sampai dengan 5,000  kL',	42,	0,	'Buah',	0,	2000000,	0,	2000000),
(55,	'Lebih dari 5,000  kL sampai dengan 10,000  kL',	42,	0,	'Buah',	0,	3500000,	0,	3500000),
(56,	'Lebih dari 10,000  kL ',	42,	0,	'Buah',	0,	6500000,	0,	6500000),
(57,	'Kapasitas sampai dengan 10  kL',	43,	0,	'Buah',	0,	325000,	0,	325000),
(58,	'Lebih dari 10  kL sampai dengan 15  kL',	43,	0,	'Buah',	0,	400000,	0,	400000),
(59,	'Lebih dari 15  kL sampai dengan 20  kL',	43,	0,	'Buah',	0,	500000,	0,	500000),
(60,	'Lebih dari 20  kL sampai dengan 25  kL',	43,	0,	'Buah',	0,	600000,	0,	600000),
(61,	'Lebih dari 25  kL sampai dengan 30  kL',	43,	0,	'Buah',	0,	700000,	0,	700000),
(62,	'Lebih dari 30  kL samapi dengan 40  kL',	43,	0,	'Buah',	0,	800000,	0,	800000),
(63,	'Lebih dari 40  kL',	43,	0,	'Buah',	0,	1100000,	0,	1100000),
(64,	'Tangki Ukur Mobil',	8,	1,	'-',	0,	0,	0,	0),
(65,	'Tangki Ukur Wagon',	8,	1,	'-',	0,	0,	0,	0),
(66,	'Tangki Ukur Tongkang, Tangki Ukur Pindah, Tangki Ukur Apung dan Kapal',	8,	1,	'-',	0,	0,	0,	0),
(67,	'Kapasitas sampai dengan 5  kL',	64,	0,	'Buah',	110000,	120000,	110000,	120000),
(68,	'Lebih dari 5  kL sampai dengan 10  kL',	64,	0,	'Buah',	170000,	180000,	170000,	180000),
(69,	'Lebih dari 10  kL sampai dengan 15  kL',	64,	0,	'Buah',	250000,	260000,	250000,	260000),
(70,	'Lebih dari 15  kL',	64,	0,	'Buah',	300000,	310000,	300000,	310000),
(71,	'Kapasitas sampai dengan 5  kL ',	65,	0,	'Buah',	0,	120000,	0,	120000),
(72,	'Lebih dari 5  kL sampai dengan 10  kL',	65,	0,	'Buah',	0,	180000,	0,	180000),
(73,	'Lebih dari 10  kL sampai dengan 15  kL',	65,	0,	'Buah',	0,	260000,	0,	260000),
(74,	'Lebih dari 15  kL',	65,	0,	'Buah',	0,	310000,	0,	310000),
(75,	'Kapasitas sampai dengan 50  kL',	66,	0,	'Buah',	0,	220000,	0,	250000),
(76,	'Lebih dari 50  kL sampai dengan 75  kL',	66,	0,	'Buah',	0,	270000,	0,	300000),
(77,	'Lebih dari 75  kL sampai dengan 100  kL',	66,	0,	'Buah',	0,	310000,	0,	350000),
(78,	'Lebih dari 100 kL sampai dengan 250 kL',	66,	0,	'Buah',	0,	500000,	0,	525000),
(79,	'Lebih dari 250 kL sampai dengan 500 kL',	66,	0,	'Buah',	0,	675000,	0,	700000),
(80,	'Lebih dsari 500 kL sampai dengan 1,000 kL',	66,	0,	'Buah',	0,	950000,	0,	975000),
(81,	'Lebih dari 1,000 kL sampai dengan 5,000 kL',	66,	0,	'Buah',	0,	2250000,	0,	2400000),
(82,	'Labu Ukur, Pipet, Mikropipet Skala Tunggal',	9,	0,	'Buah',	35000,	0,	35000,	0),
(83,	'Gelas Ukur, Buret, Pipet, Mikropipet Skala Majemuk',	9,	0,	'Buah',	40000,	0,	40000,	0),
(84,	'Kapasitas sampai dengan 50 L',	10,	0,	'Buah',	75000,	150000,	75000,	150000),
(85,	'Lebih dari 50 L sampai dengan 200 L',	10,	0,	'Buah',	125000,	250000,	125000,	250000),
(86,	'Lebih dari 200 L sampai dengan 500 L',	10,	0,	'Buah',	150000,	300000,	150000,	300000),
(87,	'Lebih dari 500 L sampai dengan 1,000 L',	10,	0,	'Buah',	200000,	400000,	200000,	400000),
(88,	'Lebih dari 1,000 L sampai dengan 2,000 L',	10,	0,	'Buah',	300000,	500000,	300000,	500000),
(89,	'Lebih dari 2,000 L sampai dengan 5,000 L',	10,	0,	'Buah',	450000,	750000,	450000,	750000),
(90,	'Meter Bahan Bakar Minyak (Meter Induk)',	12,	1,	'-',	0,	0,	0,	0),
(91,	'Meter Bahan Bakar Minyak (Meter Kerja)',	12,	1,	'-',	0,	0,	0,	0),
(92,	'Meter Bahan Bakar Minyak (Pompa Ukur BBM)',	12,	1,	'-',	0,	0,	0,	0),
(93,	'Kapasitas sampai dengan 25 m?/h',	90,	0,	'Buah',	0,	175000,	0,	175000),
(94,	'Lebih dari 25 m?/h sampai dengan 100 m?/h',	90,	0,	'Buah',	0,	575000,	0,	575000),
(95,	'Lebih dari 100 m?/h sampai dengan 500 m?/h',	90,	0,	'Buah',	0,	1950000,	0,	1950000),
(96,	'Lebih dari 500 m?/h',	90,	0,	'Buah',	0,	2600000,	0,	2600000),
(97,	'Kapasitas sampai dengan 15 m?/h',	91,	0,	'Buah',	100000,	125000,	100000,	125000),
(98,	'Lebih dari 15 m?/h sampai dengan 100 m?/h',	91,	0,	'Buah',	350000,	400000,	350000,	400000),
(99,	'Lebih dari 100 m?/h sampai dengan 500 m?/h',	91,	0,	'Buah',	1250000,	1350000,	1250000,	1350000),
(100,	'Lebih dari 500 m?/h ',	91,	0,	'Buah',	1750000,	1850000,	1750000,	1850000),
(101,	'Untuk setiap pesawat ',	92,	0,	'Buah',	0,	150000,	0,	150000),
(102,	'Meter Induk ',	13,	1,	'-',	0,	0,	0,	0),
(103,	'Meter Kerja ',	13,	1,	'-',	0,	0,	0,	0),
(104,	'Meter gas orifice dan sejenisnya (merupakan satu  sistem / unit alat ukur)',	13,	0,	'Buah',	0,	300000,	0,	300000),
(105,	'Perlengkapan meter gas (jika di uji tersendiri) setiap alat perlengkapan ',	13,	0,	'Buah',	0,	75000,	0,	75000),
(106,	'Pompa ukur Bahan Bakar Gas (BBG) dan Elpiji untuk setiap badan ukur',	13,	0,	'Buah',	0,	150000,	0,	150000),
(107,	'Kapasitas sampai dengan 100 m?/h',	102,	0,	'Buah',	0,	250000,	0,	250000),
(108,	'Lebih dari 100 m?/h sampai dengan 500 m?/h',	102,	0,	'Buah',	0,	450000,	0,	450000),
(109,	'Lebih dari 500 m?/h sampai dengan 1,000 m?/h',	102,	0,	'Buah',	0,	600000,	0,	600000),
(110,	'Lebih dari 1,000 m?/h sampai dengan 2,000 m?/h',	102,	0,	'Buah',	0,	750000,	0,	750000),
(111,	'Lebih dari 2,000 m?/h ',	102,	0,	'Buah',	0,	1000000,	0,	1000000),
(112,	'Kapasitas sampai dengan 50 m?/h',	103,	0,	'Buah',	0,	150000,	0,	150000),
(113,	'Lebih dari 50 m?/h sampai dengan 500 m?/h',	103,	0,	'Buah',	0,	250000,	0,	250000),
(114,	'Lebih dari 500 m?/h sampai dengan 1,000 m?/h',	103,	0,	'Buah',	0,	350000,	0,	350000),
(115,	'Lebih dari 1,000 m?/h sampai dengan 2,000 m?/h',	103,	0,	'Buah',	0,	450000,	0,	450000),
(116,	'Lebih dari 2,000 m?/h',	103,	0,	'Buah',	0,	750000,	0,	750000),
(117,	'Meter Induk ',	14,	1,	'-',	0,	0,	0,	0),
(118,	'Meter Kerja',	14,	1,	'-',	0,	0,	0,	0),
(119,	'Kapasitas sampai dengan 15 m?/h',	117,	0,	'Buah',	100000,	120000,	150000,	175000),
(120,	'Lebih dari 15 m?/h sampai dengan 100 m?/h',	117,	0,	'Buah',	150000,	170000,	250000,	275000),
(121,	'Lebih dari 100 m?/h',	117,	0,	'Buah',	200000,	220000,	300000,	325000),
(122,	'Kapasitas sampai dengan 10 m?/h',	118,	0,	'Buah',	2500,	4000,	5000,	7500),
(123,	'Lebih dari 10 m?/h sampai dengan 100 m?/h',	118,	0,	'Buah',	10000,	12000,	15000,	17500),
(124,	'Lebih dari 100 m?/h',	118,	0,	'Buah',	25000,	27500,	50000,	55000),
(125,	'Meter Induk ',	15,	1,	'-',	0,	0,	0,	0),
(126,	'Meter Kerja',	15,	1,	'-',	0,	0,	0,	0),
(127,	'Kapasitas sampai dengan 15 m?/h',	125,	0,	'Buah',	0,	125000,	0,	125000),
(128,	'Lebih dari 15 m?/h sampai dengan 100 m?/h',	125,	0,	'Buah',	0,	175000,	0,	175000),
(129,	'Lebih dari 100 m?/h',	125,	0,	'Buah',	0,	225000,	0,	225000),
(130,	'Kapasitas sampai dengan 10 m?/h',	126,	0,	'Buah',	0,	27500,	0,	27500),
(131,	'Lebih dari 10 m?/h sampai dengan 100 m?/h',	126,	0,	'Buah',	0,	37500,	0,	37500),
(132,	'Lebih dari 100 m?/h',	126,	0,	'Buah',	0,	75000,	0,	75000),
(133,	'Tekanan / Kompensasi Lainnya',	16,	0,	'Buah',	0,	100000,	0,	100000),
(134,	'Kapasitas sampai dengan 2,000 L',	17,	0,	'Buah',	0,	300000,	0,	300000),
(135,	'Lebih dari 2,000 L sampai dengan 10,000 L',	17,	0,	'Buah',	0,	500000,	0,	500000),
(136,	'Lebih dari 10,000 L',	17,	0,	'Buah',	0,	750000,	0,	750000),
(137,	'Kapsitas sampai dengan 10 kg/min',	18,	0,	'Buah',	0,	150000,	0,	150000),
(138,	'Lebih dari 10 kg/min sampi dengan 100 kg/min',	18,	0,	'Buah',	0,	350000,	0,	350000),
(139,	'Lebih dari 100 kg/min sampi dengan 500 kg/min',	18,	0,	'Buah',	0,	950000,	0,	950000),
(140,	'Lebih dari 500 kg/min sampi dengan 1,000 kg/min',	18,	0,	'Buah',	0,	1500000,	0,	1500000),
(141,	'Lebih dari 1,000 kg/min',	18,	0,	'Buah',	0,	2250000,	0,	2250000),
(142,	'Untuk setiap jenis media',	19,	0,	'Buah',	0,	90000,	0,	90000),
(143,	'Kelas 0,2 atau kurang',	20,	1,	'-',	0,	0,	0,	0),
(144,	'Kelas 0,5 atau kelas 1',	20,	1,	'-',	0,	0,	0,	0),
(145,	'Kelas 2',	20,	1,	'-',	0,	0,	0,	0),
(146,	'3 (tiga) phasa',	143,	0,	'Buah',	60000,	70000,	60000,	70000),
(147,	'1 (satu) phasa',	143,	0,	'Buah',	20000,	30000,	20000,	30000),
(148,	'3 (tiga) phasa',	144,	0,	'Buah',	7500,	8500,	7500,	8500),
(149,	'1 (satu) phasa',	144,	0,	'Buah',	2500,	3500,	2500,	3500),
(150,	'3 (tiga) phasa',	145,	0,	'Buah',	4500,	5500,	4500,	5500),
(151,	'1 (satu) phasa',	145,	0,	'Buah',	1500,	2500,	1500,	2500),
(152,	'Ketelitian biasa (kelas M2 dan M3)',	22,	1,	'-',	0,	0,	0,	0),
(153,	'Ketelitian khusus (kelas F2 dan M1)',	22,	1,	'-',	0,	0,	0,	0),
(154,	'Ketelitian khusus (kelas E2 dan F1)',	22,	1,	'-',	0,	0,	0,	0),
(155,	'Sampai dengan 1 kg',	152,	0,	'Buah',	300,	300,	500,	500),
(156,	'Lebih dari 1 kg sampai dengan 5 kg',	152,	0,	'Buah',	500,	500,	1000,	1000),
(157,	'Lebih dari 5 kg sampai dengan 50 kg',	152,	0,	'Buah',	1500,	1500,	2500,	2500),
(158,	'Sampai dengan 1 kg',	153,	0,	'Buah',	1000,	1000,	2000,	3000),
(159,	'Lebih dari 1 kg sampai dengan 5 kg',	153,	0,	'Buah',	1500,	1500,	2500,	3500),
(160,	'Lebih dari 5 kg sampai dengan 50 kg',	153,	0,	'Buah',	7500,	7500,	10000,	11000),
(161,	'Sampai dengan 1 kg',	154,	0,	'Buah',	25000,	35000,	30000,	40000),
(162,	'Lebih dari 1 kg sampai dengan 5 kg',	154,	0,	'Buah',	30000,	45000,	35000,	45000),
(163,	'Lebih dari 5 kg sampai dengan 50 kg',	154,	0,	'Buah',	35000,	55000,	50000,	60000),
(164,	'Neraca',	23,	0,	'Buah',	11000,	31000,	20000,	40000),
(165,	'Dacin',	23,	1,	'-',	0,	0,	0,	0),
(166,	'Sentisimal',	23,	1,	'-',	0,	0,	0,	0),
(167,	'Desimal / Milisimal',	23,	0,	'Buah',	8000,	28000,	22500,	42500),
(168,	'Bobot Ingsut',	23,	1,	'-',	0,	0,	0,	0),
(169,	'Meja Beranger',	23,	0,	'Buah',	1500,	21500,	12500,	25000),
(170,	'Pegas',	23,	1,	'-',	0,	0,	0,	0),
(171,	'Cepat',	23,	1,	'-',	0,	0,	0,	0),
(172,	'Elektronik (Kelas III dan IV)',	23,	1,	'-',	0,	0,	0,	0),
(173,	'Elektronik (Kelas II)',	23,	1,	'-',	0,	0,	0,	0),
(174,	'Elektronik (Kelas I)',	23,	1,	'-',	0,	0,	0,	0),
(175,	'Timbangan Jembatan',	23,	1,	'-',	0,	0,	0,	0),
(176,	'Timbangan ban berjalan',	23,	1,	'-',	0,	0,	0,	0),
(177,	'Kapasitas sampai dengan 25 kg',	165,	0,	'Buah',	1500,	21500,	12500,	25000),
(178,	'Lebih besar dari 500 kg',	165,	0,	'Buah',	2500,	22500,	15000,	35000),
(179,	'Kapasitas sampai dengan 150 kg',	166,	0,	'Buah',	7500,	27500,	20000,	40000),
(180,	'Lebih besar dari 150 kg sampai dengan 500 kg',	166,	0,	'Buah',	8000,	28000,	22500,	42500),
(181,	'Lebih besar dari 500 kg',	166,	0,	'Buah',	15000,	40000,	40000,	75000),
(182,	'Kapasitas sampai dengan 25 kg',	168,	0,	'Buah',	6500,	26500,	17500,	37500),
(183,	'Lebih besar dari 25 kg sampai dengan 150 kg',	168,	0,	'Buah',	7500,	27500,	20000,	40000),
(184,	'Lebih besar dari 150 kg',	168,	0,	'Buah',	11500,	31500,	25000,	60000),
(185,	'Kapasitas sampai dengan 25 kg',	170,	0,	'Buah',	6500,	26500,	12500,	32500),
(186,	'Lebih besar dari 25 kg',	170,	0,	'Buah',	10000,	30000,	22500,	32500),
(187,	'Kapasitas sampai dengan 500 kg',	171,	0,	'Buah',	20000,	40000,	40000,	60000),
(188,	'Lebih besar dari 500 kg',	171,	0,	'Buah',	25000,	45000,	50000,	70000),
(189,	'Kapasitas sampai dengan 25 kg',	172,	0,	'Buah',	27500,	47500,	27500,	47500),
(190,	'Lebih besar dari 25 kg sampai dengan 150 kg ',	172,	0,	'Buah',	30000,	50000,	30000,	50000),
(191,	'Lebih besar dari 150 kg sampai dengan 500 kg',	172,	0,	'Buah',	35000,	55000,	35000,	55000),
(192,	'Lebih besar dari 500 kg sampai dengan 1,000 kg',	172,	0,	'Buah',	50000,	70000,	50000,	70000),
(193,	'Lebih besar dari 1,000 kg',	172,	0,	'Buah',	130000,	150000,	130000,	150000),
(194,	'Kapasitas sampai dengan 1 kg',	173,	0,	'Buah',	50000,	60000,	50000,	60000),
(195,	'Lebih besar dari 1 kg',	173,	0,	'Buah',	60000,	70000,	60000,	70000),
(196,	'Kapasitas sampai dengan 1 kg',	174,	0,	'Buah',	125000,	135000,	125000,	135000),
(197,	'Lebih besar dari 1 kg',	174,	0,	'Buah',	150000,	160000,	150000,	160000),
(198,	'Kapasitas sampai dengan 50 kg',	175,	0,	'Buah',	0,	1000000,	0,	1000000),
(199,	'Lebih besar dari 50 ton',	175,	0,	'Buah',	0,	1500000,	0,	1500000),
(200,	'Kapasitas sampai dengan 100 ton/h',	176,	0,	'Buah',	0,	400000,	0,	400000),
(201,	'Lebih dari 100 ton/ h sampai dengan 500 ton/h',	176,	0,	'Buah',	0,	550000,	0,	550000),
(202,	'Lebih besar dari 500 ton/h',	176,	0,	'Buah',	0,	650000,	0,	650000),
(203,	'Dead Weight Testing Machine',	24,	1,	'-',	0,	0,	0,	0),
(204,	'Alat Ukur Tekanan Darah',	24,	0,	'Buah',	25000,	35000,	25000,	35000),
(205,	'Manometer Minyak',	24,	1,	'-',	0,	0,	0,	0),
(206,	'Pressure Calibrator',	24,	0,	'Buah',	50000,	75000,	75000,	100000),
(207,	'Pressure Recorder',	24,	1,	'-',	0,	0,	0,	0),
(208,	'Kapasitas sampai dengan 100 kg/cm?',	203,	0,	'Buah',	20000,	0,	20000,	0),
(209,	'Lebih dari 100 kg/cm? sampai dengan 1,000 kg/cm?',	203,	0,	'Buah',	25000,	0,	25000,	0),
(210,	'Lebih dari 1,000 kg/cm?',	203,	0,	'Buah',	50000,	0,	50000,	0),
(211,	'Kapasitas sampai dengan 100 kg/cm?',	205,	0,	'Buah',	25000,	35000,	25000,	35000),
(212,	'Lebih dari 100 kg/cm? sampai dengan 1,000 kg/cm?',	205,	0,	'Buah',	30000,	40000,	30000,	40000),
(213,	'Lebih dari 1,000 kg/cm?',	205,	0,	'Buah',	35000,	45000,	35000,	45000),
(214,	'Kapasitas sampai dengan 100 kg/cm?',	207,	0,	'Buah',	20000,	30000,	30000,	40000),
(215,	'Lebih dari 100 kg/cm? sampai dengan 1,000 kg/cm?',	207,	0,	'Buah',	30000,	40000,	40000,	50000),
(216,	'Lebih dari 1,000 kg/cm?',	207,	0,	'Buah',	40000,	50000,	70000,	80000),
(217,	'Untuk biji-bijian tidak mengandung minyak, setiap komoditi',	25,	0,	'Buah',	25000,	35000,	35000,	45000),
(218,	'Untuk kayu dan komoditi lain, setiap komoditi',	25,	0,	'Buah',	50000,	60000,	70000,	80000),
(219,	'Untuk biji-bijian mengandung minyak, kapas dan tekstil, setiap komoditi',	25,	0,	'Buah',	40000,	50000,	60000,	70000),
(220,	'Selain UTTP tersebut pada huruf A angka 1 sampai 22, atau benda/barang bukan UTTP, dihitung berdasarkan lamanya pengujian dengan minimum 2 jam setiap jam bagian dari jam dihitung 1 jam',	2,	0,	'Buah',	10000,	20000,	10000,	20000),
(221,	'Barang Dalam Keadaan Terbungkus, pengujian dilakukan perjenis Barang dalam Keadaan Terbungkus per isi nominal untuk tiap jam, bagian dari jam dihitung 1 jam',	2,	0,	'Jam',	25000,	25000,	25000,	25000),
(222,	'Tabel',	2,	0,	'Buku',	350000,	350000,	350000,	350000),
(223,	'Meter dengan pegangan, Meter Kayu, Meter Meja dari Logam, Tongkat Duga, Meter Saku Baja, Ban Ukur, Depth Tape',	4,	1,	'-',	0,	0,	0,	0),
(224,	'Ukuran Panjang (Kapasitas sampai dengan 1 m)',	0,	1,	'buah',	3000,	13000,	4000,	14000),
(225,	'Lebih dari 1 msampai dengan 2 m',	224,	0,	'buah',	15000,	25000,	20000,	25000),
(226,	'lebih dari 2 m sampai dengan 10 m',	224,	0,	'buah',	20000,	30000,	25000,	30000);

DROP TABLE IF EXISTS `tbl_tempat_tera`;
CREATE TABLE `tbl_tempat_tera` (
  `id_tempat_tera` int(11) NOT NULL AUTO_INCREMENT,
  `tempat_tera` varchar(50) DEFAULT NULL,
  `grup` varchar(50) DEFAULT NULL,
  PRIMARY KEY (`id_tempat_tera`)
) ENGINE=InnoDB DEFAULT CHARSET=latin1;

INSERT INTO `tbl_tempat_tera` (`id_tempat_tera`, `tempat_tera`, `grup`) VALUES
(1,	'Kantor/Luar Kantor',	'kantor'),
(2,	'Pasar',	'kantor'),
(3,	'Tempat Pakai',	'tempat pakai');

DROP TABLE IF EXISTS `tbl_tera`;
CREATE TABLE `tbl_tera` (
  `id_tera` int(11) NOT NULL AUTO_INCREMENT,
  `nomor_tera` varchar(30) NOT NULL,
  `id_list` int(11) DEFAULT NULL,
  `id_petugas` int(11) DEFAULT NULL,
  `tgl_tera` date DEFAULT NULL,
  `tgl_berlaku` date DEFAULT NULL,
  `metode` text,
  `standar` text,
  `opsi_alat` text COMMENT 'Opsi apabila ada tambahan spek alat',
  `hasil_tera` enum('disahkan','tidak disahkan') DEFAULT NULL,
  PRIMARY KEY (`id_tera`),
  KEY `tbl_tera_ibfk_1` (`id_list`),
  KEY `tbl_tera_ibfk_2` (`id_petugas`),
  CONSTRAINT `tbl_tera_ibfk_1` FOREIGN KEY (`id_list`) REFERENCES `tbl_list_tera` (`id_list`) ON DELETE CASCADE ON UPDATE CASCADE,
  CONSTRAINT `tbl_tera_ibfk_2` FOREIGN KEY (`id_petugas`) REFERENCES `tbl_petugas` (`id_petugas`) ON DELETE CASCADE ON UPDATE CASCADE
) ENGINE=InnoDB DEFAULT CHARSET=latin1;

INSERT INTO `tbl_tera` (`id_tera`, `nomor_tera`, `id_list`, `id_petugas`, `tgl_tera`, `tgl_berlaku`, `metode`, `standar`, `opsi_alat`, `hasil_tera`) VALUES
(7,	'510.63/78/II/2020',	32,	1,	'2020-02-18',	'2021-12-21',	'keputusan DJSPK No 134/SPK/KEP/10/2015',	'bejana ukur standar 20 L 82 / II / 2020',	NULL,	'disahkan'),
(8,	'510.63/82/II/2020',	31,	1,	'2020-02-18',	'2021-12-21',	'keputusan DJSPK No 134/SPK/KEP/10/2015',	'bejana Ukur Standar 20 L',	NULL,	'disahkan'),
(9,	'510.63/72/II/2020',	36,	1,	'2020-02-13',	'2021-12-21',	'keputusan DJSPK No 134/SPK/KEP/10/2015',	'bejana Ukur Standar 20 L',	NULL,	'disahkan'),
(10,	'510.63/73/II/2020',	35,	1,	'2020-02-13',	'2021-12-21',	'keputusan DJSPK No 134/SPK/KEP/10/2015',	'bejana Ukur Standar 20 L',	NULL,	'disahkan'),
(11,	'510.63/74/ II/2020',	34,	1,	'2020-02-13',	'2021-12-21',	'keputusan DJSPK No 134/SPK/KEP/10/2015',	'bejana Ukur Standar 20 L',	NULL,	'disahkan'),
(12,	'510.63/75/II/2020',	33,	1,	'2020-02-13',	'2021-12-21',	'keputusan DJSPK No 134/SPK/KEP/10/2015',	'bejana Ukur Standar 20 L',	NULL,	'disahkan'),
(13,	'510.63/76 /II /2020',	37,	1,	'2020-02-13',	'2021-02-13',	'Perbandingan langsung dengan bejana ukur standa',	'bejana Ukur Standar 10 L',	NULL,	'disahkan'),
(14,	'510.63/77/II /2020',	38,	1,	'2020-02-13',	'2021-02-13',	'membandingkan langsung dengan standar',	'komparator 1 m',	NULL,	'disahkan'),
(15,	'510.63/ 71/ II/2020',	40,	1,	'2020-02-13',	'2021-12-29',	'keputusan DJSPK No 134/SPK/KEP/10/2015',	'bejana Ukur Standar 20 L',	NULL,	'disahkan'),
(16,	'510.63/ 70/II /2020',	41,	1,	'2020-02-13',	'2021-12-29',	'keputusan DJSPK No 134/SPK/KEP/10/2015',	'bejana Ukur Standar 20 L',	NULL,	'disahkan'),
(17,	'510.63/ 69/ II/2020',	42,	1,	'2020-02-13',	'2021-12-29',	'keputusan DJSPK No 134/SPK/KEP/10/2015',	'bejana Ukur Standar 20 L',	NULL,	'disahkan'),
(18,	'510.63/68 /II /2020',	43,	1,	'2020-02-13',	'2021-12-29',	'keputusan DJSPK No 134/SPK/KEP/10/2015',	'bejana Ukur Standar 20 L',	NULL,	'disahkan'),
(19,	'510.63/114 / II/2020',	45,	1,	'2021-02-24',	'2021-02-24',	'keputusan DJSPK No 134/SPK/KEP/10/2015',	'bejana Ukur Standar 20 L',	NULL,	'disahkan'),
(20,	'510.63/115 /II /2020',	44,	1,	'2020-02-24',	'2022-02-24',	'keputusan DJSPK No 134/SPK/KEP/10/2015',	'Bejana Ukur Standar 20 L',	NULL,	'disahkan'),
(21,	'510.63/ 113/ II/2020',	46,	1,	'2020-02-24',	'2021-02-24',	'keputusan DJSPK No 134/SPK/KEP/10/2015',	'Bejana Ukur Standar 20 L',	NULL,	'disahkan'),
(22,	'510.63/ 112/ II/2020',	47,	1,	'2020-02-24',	'2021-02-24',	'keputusan DJSPK No 134/SPK/KEP/10/2015',	'Bejana Ukur Standar 20 L',	NULL,	'disahkan'),
(23,	'510.63/ 111/ II/2020',	48,	1,	'2020-02-24',	'2021-02-24',	'keputusan DJSPK No 134/SPK/KEP/10/2015',	'Bejana Ukur Standar 20 L',	NULL,	'disahkan'),
(24,	'510.63/ 110/ II/2020',	49,	1,	'2020-02-24',	'2021-02-24',	'keputusan DJSPK No 134/SPK/KEP/10/2015',	'Bejana Ukur Standar 20 L',	NULL,	'disahkan'),
(25,	'510.63/33 /I /2020',	56,	1,	'2020-01-30',	'2021-01-30',	'Perbandingan langsung dengan bejana ukur standar',	'Bejana Ukur Standar 5 L',	NULL,	'disahkan'),
(26,	'510.63/34 /I /2020',	50,	1,	'2020-01-30',	'2021-01-30',	'membandingkan langsung dengan standar',	'komparator 1 meter',	NULL,	'disahkan'),
(27,	'510.63/33 /I /2020',	51,	1,	'2020-01-30',	'2021-01-30',	'keputusan DJSPK No 134/SPK/KEP/10/2015',	'Bejana Ukur Standar 20 L',	NULL,	'disahkan'),
(28,	'510.63/31 /I /2020',	52,	1,	'2020-01-30',	'2021-01-30',	'keputusan DJSPK No 134/SPK/KEP/10/2015',	'Bejana Ukur Standar 20 L',	NULL,	'disahkan'),
(29,	'510.63/ 30/ I/2020',	53,	1,	'2020-01-30',	'2021-01-30',	'keputusan DJSPK No 134/SPK/KEP/10/2015',	'Bejana Ukur Standar 20 L',	NULL,	'disahkan'),
(30,	'510.63/ 39/ I/2020',	54,	1,	'2020-01-30',	'2021-01-30',	'keputusan DJSPK No 134/SPK/KEP/10/2015',	'Bejana Ukur Standar 20 L',	NULL,	'disahkan'),
(31,	'510.63/ 28/ I/2020',	55,	1,	'2020-01-30',	'2021-01-30',	'keputusan DJSPK No 134/SPK/KEP/10/2015',	'Bejana Ukur Standar 20 L',	NULL,	'disahkan'),
(32,	'510.63/ 155/III /2020',	57,	1,	'2020-03-04',	'2021-03-04',	'keputusan DJSPK No 134/SPK/KEP/10/2015',	'Bejana Ukur Standar 20 L',	NULL,	'disahkan'),
(33,	'510.63/ 154/ III/2020',	58,	1,	'2020-03-04',	'2021-03-04',	'keputusan DJSPK No 134/SPK/KEP/10/2015',	'Bejana Ukur Standar 20 L',	NULL,	'disahkan'),
(34,	'510.63/ 153/ III/2020',	59,	1,	'2020-03-04',	'2021-03-04',	'keputusan DJSPK No 134/SPK/KEP/10/2015',	'Bejana Ukur Standar 20 L',	NULL,	'disahkan'),
(35,	'510.63/152 /III /2020',	60,	1,	'2020-03-04',	'2021-03-04',	'keputusan DJSPK No 134/SPK/KEP/10/2015',	'Bejana Ukur Standar 20 L',	NULL,	'disahkan'),
(36,	'510.63/177 /IV /2020',	64,	1,	'2020-04-01',	'2021-04-01',	'Perbandingan langsung dengan bejana ukur standar',	'Bejana Ukur Standar 5 L',	NULL,	'disahkan'),
(37,	'510.63/179 /IV /2020',	63,	1,	'2020-04-01',	'2021-04-01',	'membandingkan langsung dengan standar',	'komparator 1 meter',	NULL,	'disahkan'),
(38,	'510.63/260 /IX /2020',	65,	1,	'2020-09-15',	'2021-09-15',	'Perbandingan langsung dengan bejana ukur standar',	'Bejana Ukur Standar 5 L',	NULL,	'disahkan'),
(39,	'510.63/261 /IX /2020',	72,	1,	'2020-09-01',	'2021-09-01',	'membandingkan langsung dengan standar',	'komparator 1 meter',	NULL,	'disahkan'),
(40,	'510.63/ 250/ IX/2020',	69,	1,	'2020-09-01',	'2021-09-01',	'keputusan DJSPK No 134/SPK/KEP/10/2015',	'Bejana Ukur Standar 20 L',	NULL,	'disahkan'),
(41,	'510.63/251 /IX /2020',	70,	1,	'2020-09-01',	'2021-09-01',	'keputusan DJSPK No 134/SPK/KEP/10/2015',	'Bejana Ukur Standar 20 L',	NULL,	'disahkan'),
(42,	'510.63/252 /IX /2020',	71,	1,	'2020-09-01',	'2021-09-01',	'keputusan DJSPK No 134/SPK/KEP/10/2015',	'Bejana Ukur Standar 20 L',	NULL,	'disahkan'),
(43,	' 510.63/ /II /2020',	73,	1,	'2020-02-13',	'2021-02-05',	'Perbandingan langsung dengan bejana ukur standar',	'Bejana Ukur Standar 5 L',	NULL,	'disahkan'),
(44,	'510.63/ /II /2020',	74,	1,	'2020-02-05',	'2021-02-05',	'membandingkan langsung dengan standar',	'komparator 1 meter',	NULL,	'disahkan'),
(45,	'510.63/38 /II /2020',	75,	1,	'2020-02-05',	'2021-02-05',	'keputusan DJSPK No 134/SPK/KEP/10/2015',	'Bejana Ukur Standar 20 L',	NULL,	'disahkan'),
(46,	'510.63/37 /II /2020',	76,	1,	'2020-02-05',	'2021-02-05',	'keputusan DJSPK No 134/SPK/KEP/10/2015',	'Bejana Ukur Standar 20 L',	NULL,	'disahkan'),
(47,	'510.63/ 36/II /2020',	77,	1,	'2020-02-05',	'2021-02-05',	'keputusan DJSPK No 134/SPK/KEP/10/2015',	'Bejana Ukur Standar 20 L',	NULL,	'disahkan'),
(48,	'510.63/ 35/II /2020',	78,	1,	'2020-02-05',	'2021-02-05',	'keputusan DJSPK No 134/SPK/KEP/10/2015',	'Bejana Ukur Standar 20 L',	NULL,	'disahkan'),
(49,	'510.63/320 /XII /2020',	84,	1,	'2020-12-28',	'2021-12-28',	'keputusan DJSPK No 134/SPK/KEP/10/2015',	'Bejana Ukur Standar 20 L',	NULL,	'disahkan'),
(50,	'510.63/319 /XII /2020',	85,	1,	'2020-12-28',	'2021-12-28',	'keputusan DJSPK No 134/SPK/KEP/10/2015',	'Bejana Ukur Standar 20 L',	NULL,	'disahkan'),
(51,	' 510.63/318 /XII /2020',	86,	1,	'2020-12-28',	'2021-12-28',	'keputusan DJSPK No 134/SPK/KEP/10/2015',	'Bejana Ukur Standar 20 L',	NULL,	'disahkan'),
(52,	'510.63/317 /XII /2020',	87,	1,	'2020-12-28',	'2021-12-28',	'keputusan DJSPK No 134/SPK/KEP/10/2015',	'Bejana Ukur Standar 20 L',	NULL,	'disahkan'),
(53,	'510.63/ 197/VI /2020',	88,	1,	'2020-06-19',	'2021-06-19',	'Perbandingan langsung dengan bejana ukur standar',	'Bejana Ukur Standar 5 L',	NULL,	'disahkan'),
(54,	'510.63/196 /VI /2020',	89,	1,	'2020-06-19',	'2021-06-19',	'keputusan DJSPK No 134/SPK/KEP/10/2015',	'Bejana Ukur Standar 20 L',	NULL,	'disahkan'),
(55,	'510.63/195 /VI /2020',	90,	1,	'2020-06-19',	'2021-06-19',	'keputusan DJSPK No 134/SPK/KEP/10/2015',	'Bejana Ukur Standar 20 L',	NULL,	'disahkan'),
(56,	'510.63/ 194/ VI/2020',	91,	1,	'2020-06-19',	'2021-06-19',	'keputusan DJSPK No 134/SPK/KEP/10/2015',	'Bejana Ukur Standar 20 L',	NULL,	'disahkan'),
(57,	'510.63/ / VI/2020',	92,	1,	'2020-06-19',	'2021-06-19',	'membandingkan langsung dengan standar',	'komparator 1 meter',	NULL,	'disahkan'),
(58,	'510.63/ /III /2020',	97,	1,	'2020-03-13',	'2021-03-12',	'Perbandingan langsung dengan bejana ukur standar',	'Bejana Ukur Standar 5 L',	NULL,	'disahkan'),
(59,	'510.63/ / II/2020',	98,	1,	'2020-02-19',	'2021-02-19',	'keputusan DJSPK No 134/SPK/KEP/10/2015',	'Bejana Ukur Standar 20 L',	NULL,	'disahkan'),
(60,	'510.63/ /II /2020',	99,	1,	'2020-02-19',	'2021-02-19',	'keputusan DJSPK No 134/SPK/KEP/10/2015',	'Bejana Ukur Standar 20 L',	NULL,	'disahkan'),
(61,	'510.63/ / /2020',	100,	1,	'2020-02-19',	'2021-02-19',	'keputusan DJSPK No 134/SPK/KEP/10/2015',	'Bejana Ukur Standar 20 L',	NULL,	'disahkan'),
(62,	'510.63/ /II /2020',	101,	1,	'2020-02-19',	'2021-02-19',	'keputusan DJSPK No 134/SPK/KEP/10/2015',	'Bejana Ukur Standar 20 L',	NULL,	'disahkan'),
(63,	'510.63/ 16 / I / 2020',	114,	1,	'2020-01-20',	'2021-01-20',	'Kep. DJSPK No. 131.SPK-/KEP/2o15',	'Anak Timbangan Kelas M2',	NULL,	'disahkan'),
(64,	'510.63/17 / I / 2020',	115,	1,	'2020-01-20',	'2021-01-20',	'Kep. DJSPK No 131 SPK/KEP/2o15',	'Anak Timbangan Kelas M2',	NULL,	'disahkan'),
(65,	'510.63/1/13/2020',	116,	1,	'2020-01-20',	'2021-01-20',	'SK Ditjen PDN No. 40/PDN/KEP/2010',	'Anak -l\'imbangan Kelas M2',	NULL,	'disahkan'),
(66,	'510.63/15 / I / 2020',	117,	1,	'2020-01-20',	'2021-01-20',	'Kep. DJSPK No. 131.SPK-/KEP/2015',	'Anak Timbangan Kelas M2',	NULL,	'disahkan'),
(67,	'510.63/ 13 / I / 2020',	118,	1,	'2020-01-20',	'2021-01-20',	'Kep. DJSPK No. 131.SPK-/KEP/2015',	'Anak Timbangan Kelas M2',	NULL,	'disahkan'),
(68,	'510.63/ 11 / I / 2020',	119,	1,	'2020-01-20',	'2021-01-20',	'Kep. DJSPK No. 131.SPK-/KEP/2015',	'Anak Timbangan Kelas M2',	NULL,	'disahkan'),
(69,	'510.63/ 09 / I / 2020',	120,	1,	'2020-01-20',	'2021-01-20',	'Kep. DJSPK No. 131.SPK-/KEP/2015',	'Anak Timbangan Kelas M2',	NULL,	'disahkan'),
(70,	'510.63/ 08 / I / 2020',	121,	1,	'2020-01-20',	'2021-01-20',	'Kep. DJSPK No. 131.SPK-/KEP/2015',	'Anak Timbangan Kelas M2',	NULL,	'disahkan'),
(71,	'510.63/ 06 / I / 2020',	122,	1,	'2020-01-20',	'2021-01-20',	'Kep. DJSPK No. 131.SPK-/KEP/2015',	'Anak Timbangan Kelas M2',	NULL,	'disahkan'),
(72,	'510.63/ 03 / I / 2020',	123,	1,	'2020-01-20',	'2021-01-20',	'Kep. DJSPK No. 131.SPK-/KEP/2015',	'Anak Timbangan Kelas M2',	NULL,	'disahkan'),
(73,	'510.63/ 02 / I / 2020',	124,	1,	'2020-01-20',	'2021-01-20',	'Kep. DJSPK No. 131.SPK-/KEP/2015',	'Anak Timbangan Kelas M2',	NULL,	'disahkan'),
(74,	'510.63/ 14 / I / 2020',	125,	1,	'2020-01-20',	'2021-01-20',	'Kep. DJSPK No. 131.SPK-/KEP/2015',	'Anak Timbangan Kelas M2',	NULL,	'disahkan'),
(75,	'510.63/ 04 / I / 2020',	126,	1,	'2020-01-20',	'2021-01-20',	'Kep. DJSPK No. 131.SPK-/KEP/2015',	'Anak Timbangan Kelas M2',	NULL,	'disahkan'),
(76,	'510.63/ 12 / I / 2020',	127,	1,	'2020-01-20',	'2021-01-20',	'Kep. DJSPK No. 131.SPK-/KEP/2015',	'Anak Timbangan Kelas M2',	NULL,	'disahkan'),
(77,	'510.63/ 07 / I / 2020',	128,	1,	'2020-01-20',	'2021-01-20',	'Kep. DJSPK No. 131.SPK-/KEP/2015',	'Anak Timbangan Kelas M2',	NULL,	'disahkan'),
(78,	'510.63/ / II/2020',	131,	1,	'2020-02-12',	'2021-02-12',	'Perbandingan langsung dengan bejana ukur standar',	'Bejana Ukur Standar 5 L',	NULL,	'disahkan'),
(79,	'510.63/05 / I / 2020',	129,	1,	'2020-01-20',	'2021-01-20',	'Kep. DJSPK No. 131.SPK-/KEP/2015',	'Anak Timbangan Kelas M2',	NULL,	'disahkan'),
(80,	'510.63/ 10 / I / 2020',	130,	1,	'2020-01-20',	'2021-01-20',	'Kep. DJSPK No. 131.SPK-/KEP/2015',	'Anak Timbangan Kelas M2',	NULL,	'disahkan'),
(81,	'510.63/ / II/2020',	132,	1,	'2020-02-12',	'2021-02-12',	'keputusan DJSPK No 134/SPK/KEP/10/2015',	'Bejana Ukur Standar 20 L',	NULL,	'disahkan'),
(82,	'510.63/ /II /2020',	133,	1,	'2020-02-12',	'2021-02-12',	'keputusan DJSPK No 134/SPK/KEP/10/2015',	'Bejana Ukur Standar 20 L',	NULL,	'disahkan'),
(83,	'510.63/ / II/2020',	134,	1,	'2021-01-05',	'2021-02-12',	'keputusan DJSPK No 134/SPK/KEP/10/2015',	'Bejana Ukur Standar 20 L',	NULL,	'disahkan'),
(84,	'510.63/ / II/2020',	135,	1,	'2020-02-12',	'2021-02-12',	'membandingkan langsung dengan standar',	'komparator 1 meter',	NULL,	'disahkan'),
(85,	'510.63/172 /III /2020',	136,	1,	'2020-02-27',	'2021-02-27',	'membandingkan langsung dengan standar',	'komparator 1 meter',	NULL,	'disahkan'),
(86,	'510.63/ 137/II /2020',	141,	1,	'2020-02-27',	'2021-02-27',	'keputusan DJSPK No 134/SPK/KEP/10/2015',	'Bejana Ukur Standar 20 L',	NULL,	'disahkan'),
(87,	'510.63/138 /II /2020',	140,	1,	'2020-02-27',	'2021-02-27',	'keputusan DJSPK No 134/SPK/KEP/10/2015',	'Bejana Ukur Standar 20 L',	NULL,	'disahkan'),
(88,	'510.63/139 /II /2020',	139,	1,	'2020-02-27',	'2021-02-27',	'keputusan DJSPK No 134/SPK/KEP/10/2015',	'Bejana Ukur Standar 20 L',	NULL,	'disahkan'),
(89,	'510.63/140 /II /2020',	138,	1,	'2020-02-27',	'2021-02-27',	'keputusan DJSPK No 134/SPK/KEP/10/2015',	'Bejana Ukur Standar 20 L',	NULL,	'disahkan'),
(90,	'510.63/ 141/II /2020',	137,	1,	'2020-02-27',	'2021-02-27',	'keputusan DJSPK No 134/SPK/KEP/10/2015',	'Bejana Ukur Standar 20 L',	NULL,	'disahkan'),
(91,	'510.63/55 /II /2020',	142,	1,	'2020-02-11',	'2021-02-11',	'Perbandingan langsung dengan bejana ukur standar',	'Bejana Ukur Standar 5 L',	NULL,	'disahkan'),
(92,	'510.63/ 57/II /2020',	143,	1,	'2020-02-10',	'2021-02-10',	'keputusan DJSPK No 134/SPK/KEP/10/2015',	'Bejana Ukur Standar 20 L',	NULL,	'disahkan'),
(93,	'510.63/ 45/ II/2020',	147,	1,	'2020-02-10',	'2021-02-10',	'keputusan DJSPK No 134/SPK/KEP/10/2015',	'Bejana Ukur Standar 20 L',	NULL,	'disahkan'),
(94,	'510.63/46 /II /2020',	146,	1,	'2020-02-10',	'2021-02-10',	'keputusan DJSPK No 134/SPK/KEP/10/2015',	'Bejana Ukur Standar 20 L',	NULL,	'disahkan'),
(95,	'510.63/ 47/ II/2020',	145,	1,	'2020-02-10',	'2021-02-10',	'keputusan DJSPK No 134/SPK/KEP/10/2015',	'Bejana Ukur Standar 20 L',	NULL,	'disahkan'),
(96,	'510.63/48 /II /2020',	144,	1,	'2020-02-10',	'2021-02-10',	'keputusan DJSPK No 134/SPK/KEP/10/2015',	'Bejana Ukur Standar 20 L',	NULL,	'disahkan'),
(97,	'510.63/ 116/ II/2020',	153,	1,	'2020-02-25',	'2021-02-25',	'keputusan DJSPK No 134/SPK/KEP/10/2015',	'Bejana Ukur Standar 20 L',	NULL,	'disahkan'),
(98,	'510.63/117 /II /2020',	152,	1,	'2020-02-25',	'2021-02-25',	'keputusan DJSPK No 134/SPK/KEP/10/2015',	'Bejana Ukur Standar 20 L',	NULL,	'disahkan'),
(99,	'510.63/118 /II /2020',	151,	1,	'2020-02-25',	'2021-02-25',	'keputusan DJSPK No 134/SPK/KEP/10/2015',	'Bejana Ukur Standar 20 L',	NULL,	'disahkan'),
(100,	'510.63/ 119/ II/2020',	150,	1,	'2020-02-25',	'2021-02-25',	'keputusan DJSPK No 134/SPK/KEP/10/2015',	'Bejana Ukur Standar 20 L',	NULL,	'disahkan'),
(101,	' 510.63/120 /II /2020',	149,	1,	'2020-02-25',	'2021-02-25',	'keputusan DJSPK No 134/SPK/KEP/10/2015',	'Bejana Ukur Standar 20 L',	NULL,	'disahkan'),
(102,	'510.63/ 121/ II/2020',	148,	1,	'2020-02-25',	'2021-02-25',	'keputusan DJSPK No 134/SPK/KEP/10/2015',	'Bejana Ukur Standar 20 L',	NULL,	'disahkan'),
(103,	' 510.63/223 /VII /2020',	154,	1,	'2020-07-13',	'2021-07-13',	'keputusan DJSPK No 134/SPK/KEP/10/2015',	'Bejana Ukur Standar 20 L',	NULL,	'disahkan'),
(104,	' 510.63/300 /XII /2020',	155,	1,	'2020-12-07',	'2021-12-07',	'keputusan DJSPK No 134/SPK/KEP/10/2015',	'Bejana Ukur Standar 20 L',	NULL,	'disahkan'),
(105,	'510.63/281 /XI /2020',	156,	1,	'2020-11-17',	'2021-11-17',	'keputusan DJSPK No 134/SPK/KEP/10/2015',	'Bejana Ukur Standar 20 L',	NULL,	'disahkan'),
(106,	'510.63/ 20 / I / 2020',	157,	1,	'2020-01-23',	'2021-01-23',	'Kep. DJSPK No. 131.SPK/KEP/2015',	'Anak Timbangan Kelas M2',	NULL,	'disahkan'),
(107,	'510.63/ 21 / I / 2020',	158,	1,	'2020-01-23',	'2021-01-23',	'Kep. DJSPK No. 131.SPK-/KEP/2015',	'Anak Timbangan Kelas M2',	NULL,	'disahkan'),
(108,	'510.63/ 22 / I / 2020',	159,	1,	'2020-01-23',	'2021-01-23',	'Kep. DJSPK No. 131.SPK-/KEP/2015',	'Anak Timbangan Kelas M2',	NULL,	'disahkan'),
(109,	'510.63/ 23 / I / 2020',	160,	1,	'2020-01-23',	'2021-01-23',	'Kep. DJSPK No. 131.SPK-/KEP/2015',	'Anak Timbangan Kelas M2',	NULL,	'disahkan'),
(110,	'510.63/ 24 / I / 2020',	161,	1,	'2021-01-06',	'2021-01-23',	'Kep. DJSPK No. 131.SPK-/KEP/2015',	'Anak Timbangan Kelas M2',	NULL,	'disahkan'),
(111,	'510.63/ 25 / I / 2020',	162,	1,	'2020-01-23',	'2021-01-23',	'Kep. DJSPK No. 131.SPK-/KEP/2015',	'Anak Timbangan Kelas M2',	NULL,	'disahkan'),
(112,	'510.63/ 26 / I / 2020',	163,	1,	'2020-01-23',	'2021-01-23',	'Kep. DJSPK No. 131.SPK-/KEP/2015',	'Anak Timbangan Kelas M2',	NULL,	'disahkan'),
(113,	'510.63/ 39 / II / 2020',	164,	13,	'2020-02-06',	'2021-02-06',	'Kep. DJSPK No. 131.SPK-/KEP/2015',	'Anak Timbangan Kelas M2',	NULL,	'disahkan'),
(114,	'510.63/40 / II / 2020',	165,	13,	'2020-02-06',	'2021-02-06',	'Kep. DJSPK No. 131.SPK-/KEP/2015',	'Anak Timbangan Kelas M2',	NULL,	'disahkan'),
(115,	'510.63/41 / II / 2020',	166,	13,	'2020-02-06',	'2021-02-07',	'Kep. DJSPK No. 131.SPK-/KEP/2015',	'Anak Timbangan Kelas M2',	NULL,	'disahkan'),
(116,	'510.63/42 / II / 2020',	167,	13,	'2020-02-06',	'2021-02-06',	'Kep. DJSPK No. 131.SPK-/KEP/2015',	'Anak Timbangan Kelas M2',	NULL,	'disahkan'),
(117,	'510.63/43 / II / 2020',	168,	13,	'2020-02-06',	'2021-02-06',	'Kep. DJSPK No. 131.SPK-/KEP/2015',	'Anak Timbangan Kelas M2',	NULL,	'disahkan'),
(118,	'510.63/44 / II / 2020',	169,	13,	'2020-02-06',	'2021-02-06',	'Kep. DJSPK No. 131.SPK-/KEP/2015',	'Anak Timbangan Kelas M2',	NULL,	'disahkan'),
(119,	'510.63/227/VIII/2020',	170,	13,	'2020-02-11',	'2021-02-11',	'SK Ditjen PDN No. 40/PDN/KEP/2010',	'Anak Timbangan Kelas M2',	NULL,	'disahkan'),
(120,	'510.63/49 / II / 2020',	171,	13,	'2020-02-11',	'2021-02-11',	'Kep. DJSPK No. 131.SPK-/KEP/2015',	'Anak Timbangan Kelas M2',	NULL,	'disahkan'),
(121,	'510.63/93 / II / 2020',	172,	13,	'2020-02-24',	'2021-02-24',	'SK Ditjen PDN No. 40/PDN/KEP/2010',	'Anak Timbangan ',	NULL,	'disahkan'),
(122,	'510.63/92 / II / 2020',	173,	13,	'2020-02-24',	'2021-02-24',	'Kep. DJSPK No. 131.SPK-/KEP/2015',	'Anak Timbangan Kelas M2',	NULL,	'disahkan'),
(123,	'510.63/94 / II / 2020',	174,	1,	'2020-02-21',	'2021-02-21',	'Kep. DJSPK No. 131.SPK-/KEP/2015',	'Anak Timbangan Kelas M2',	NULL,	'disahkan'),
(124,	'510.63/95 / II / 2020',	175,	1,	'2020-02-21',	'2021-02-21',	'Kep. DJSPK No. 131.SPK-/KEP/2015',	'Anak Timbangan Kelas M2',	NULL,	'disahkan'),
(125,	'510.63/ 96 / II / 2020',	176,	1,	'2020-02-21',	'2021-02-21',	'Kep. DJSPK No. 131.SPK-/KEP/2015',	'Anak Timbangan Kelas M2',	NULL,	'disahkan'),
(126,	'510.63/97 / II / 2020',	177,	1,	'2020-02-21',	'2021-02-21',	'Kep. DJSPK No. 131.SPK-/KEP/2015',	'Anak Timbangan Kelas M2',	NULL,	'disahkan'),
(127,	'510.63/ 98 / II / 2020',	178,	1,	'2020-02-21',	'2021-02-21',	'Kep. DJSPK No. 131.SPK-/KEP/2015',	'Anak Timbangan Kelas M2',	NULL,	'disahkan'),
(128,	'510.63/99 / II / 2020',	179,	1,	'2020-02-21',	'2021-02-21',	'Kep. DJSPK No. 131.SPK-/KEP/2015',	'Anak Timbangan Kelas M2',	NULL,	'disahkan'),
(129,	'510.63/ 100 / II / 2020',	180,	1,	'2020-02-21',	'2021-02-21',	'Kep. DJSPK No. 131.SPK-/KEP/2015',	'Anak Timbangan Kelas M2',	NULL,	'disahkan'),
(130,	'510.63/101 / II / 2020',	181,	1,	'2020-02-21',	'2021-02-21',	'Kep. DJSPK No. 131.SPK-/KEP/2015',	'Anak Timbangan Kelas M2',	NULL,	'disahkan'),
(131,	'510.63/102 / II / 2020',	182,	1,	'2020-02-21',	'2021-02-21',	'Kep. DJSPK No. 131.SPK-/KEP/2015',	'Anak Timbangan Kelas M2',	NULL,	'disahkan'),
(132,	'510.63/103 / II / 2020',	183,	1,	'2020-02-21',	'2021-02-21',	'Kep. DJSPK No. 131.SPK-/KEP/2015',	'Anak Timbangan Kelas M2',	NULL,	'disahkan'),
(133,	'510.63/104 / II / 2020',	184,	1,	'2020-02-21',	'2021-02-21',	'Kep. DJSPK No. 131.SPK-/KEP/2015',	'Anak Timbangan Kelas M2',	NULL,	'disahkan'),
(134,	'510.63/105 / II / 2020',	185,	1,	'2020-02-21',	'2021-02-21',	'Kep. DJSPK No. 131.SPK-/KEP/2015',	'Anak Timbangan Kelas M2',	NULL,	'disahkan'),
(135,	'510.63/106 / II / 2020',	186,	1,	'2020-02-21',	'2021-02-21',	'Kep. DJSPK No. 131.SPK-/KEP/2015',	'Anak Timbangan Kelas M2',	NULL,	'disahkan'),
(136,	'510.63/107 / II / 2020',	187,	1,	'2020-02-21',	'2021-02-21',	'Kep. DJSPK No. 131.SPK-/KEP/2015',	'Anak Timbangan Kelas M2',	NULL,	'disahkan'),
(137,	'510.63/108 / II / 2020',	188,	1,	'2020-02-21',	'2021-02-21',	'Kep. DJSPK No. 131.SPK-/KEP/2015',	'Anak Timbangan Kelas M2',	NULL,	'disahkan'),
(138,	'510.63/109 / II / 2020',	189,	1,	'2020-02-21',	'2021-02-21',	'Kep. DJSPK No. 131.SPK-/KEP/2015',	'Anak Timbangan Kelas M2',	NULL,	'disahkan'),
(139,	'510.63/65 /II /2020',	190,	1,	'2020-02-12',	'2021-02-12',	'membandingkan langsung dengan standar',	'komparator 1 meter',	NULL,	'disahkan'),
(140,	'510.63/60 /II /2020',	191,	1,	'2020-02-12',	'2021-02-12',	'keputusan DJSPK No 134/SPK/KEP/10/2015',	'Bejana Ukur Standar 20 L',	NULL,	'disahkan'),
(141,	' 510.63/ 59/ II/2020',	192,	1,	'2020-02-12',	'2021-02-12',	'keputusan DJSPK No 134/SPK/KEP/10/2015',	'Bejana Ukur Standar 20 L',	NULL,	'disahkan'),
(142,	'510.63/ 58/ II/2020',	193,	1,	'2020-02-12',	'2021-02-12',	'keputusan DJSPK No 134/SPK/KEP/10/2015',	'Bejana Ukur Standar 20 L',	NULL,	'disahkan'),
(143,	'510.63/135 / II / 2020',	194,	13,	'2020-02-26',	'2021-02-26',	'Kep. DJSPK No. 131.SPK-/KEP/2015',	'Anak Timbangan Kelas M2',	NULL,	'disahkan'),
(144,	'510.63/136 / II / 2020',	195,	13,	'2020-02-25',	'2021-02-25',	'Kep. DJSPK No. 131.SPK-/KEP/2015',	'Anak Timbangan Kelas M2',	NULL,	'disahkan'),
(145,	'510.63/142 / II / 2020',	196,	1,	'2020-02-27',	'2021-02-27',	'Kep. DJSPK No. 131.SPK-/KEP/2015',	'Anak Timbangan Kelas M2',	NULL,	'disahkan'),
(146,	'510.63/3/11/2020',	202,	1,	'2020-03-11',	'2021-03-11',	'Kep. DJSPK No. 131.SPK-/KEP/2015',	'Anak Timbangan Kelas M2',	NULL,	'disahkan'),
(147,	'510.63/173 /III /2020',	201,	1,	'2020-02-26',	'2021-02-26',	'membandingkan langsung dengan standar',	'komparator 1 meter',	NULL,	'disahkan'),
(148,	'510.63/160 / III / 2020',	203,	1,	'2020-03-11',	'2021-03-11',	'Kep. DJSPK No. 131.SPK-/KEP/2015',	'Anak Timbangan Kelas M2',	NULL,	'disahkan'),
(149,	'510.63/163 / III / 2020',	204,	1,	'2020-03-11',	'2021-03-11',	'Kep. DJSPK No. 131.SPK-/KEP/2015',	'Anak Timbangan Kelas M2',	NULL,	'disahkan'),
(150,	'510.63/ 126/III /2020',	197,	1,	'2020-01-28',	'2021-02-26',	'keputusan DJSPK No 134/SPK/KEP/10/2015',	'Bejana Ukur Standar 20 L',	NULL,	'disahkan'),
(151,	'510.63/ 127/III /2020',	198,	1,	'2020-02-26',	'2021-02-26',	'keputusan DJSPK No 134/SPK/KEP/10/2015',	'Bejana Ukur Standar 20 L',	NULL,	'disahkan'),
(152,	'510.63/164 / III / 2020',	205,	1,	'2020-03-11',	'2021-03-11',	'Kep. DJSPK No. 131.SPK-/KEP/2015',	'Anak Timbangan Kelas M2',	NULL,	'disahkan'),
(153,	'510.63/126 III/ /2020',	199,	1,	'2020-02-26',	'2021-02-26',	'keputusan DJSPK No 134/SPK/KEP/10/2015',	'Bejana Ukur Standar 20 L',	NULL,	'disahkan'),
(154,	'510.63/165 / III / 2020',	206,	1,	'2020-03-11',	'2021-03-11',	'Kep. DJSPK No. 131.SPK-/KEP/2015',	'Anak Timbangan Kelas M2',	NULL,	'disahkan'),
(155,	'510.63/ 129/III /2020',	200,	1,	'2020-02-26',	'2021-02-26',	'keputusan DJSPK No 134/SPK/KEP/10/2015',	'Bejana Ukur Standar 20 L',	NULL,	'disahkan'),
(156,	'510.63/166 / III / 2020',	207,	1,	'2020-03-12',	'2021-03-12',	'Kep. DJSPK No. 131.SPK-/KEP/2015',	'Anak Timbangan Kelas M2',	NULL,	'disahkan'),
(157,	'510.63/167 / III / 2020',	208,	1,	'2020-03-12',	'2021-03-12',	'Kep. DJSPK No. 131.SPK-/KEP/2015',	'Anak Timbangan Kelas M2',	NULL,	'disahkan'),
(158,	'510.63/170 / III / 2020',	209,	1,	'2020-03-12',	'2021-03-12',	'Kep. DJSPK No. 131.SPK-/KEP/2015',	'Anak Timbangan Kelas M2',	NULL,	'disahkan'),
(159,	'510.63/171 / III / 2020',	210,	1,	'2020-03-12',	'2021-03-12',	'Kep. DJSPK No. 131.SPK-/KEP/2015',	'Anak Timbangan Kelas M2',	NULL,	'disahkan'),
(160,	'510.63/174 / III 2020',	211,	13,	'2020-03-20',	'2021-03-20',	'Kep. DJSPK No. 131.SPK-/KEP/2015',	'Anak Timbangan Kelas M2',	NULL,	'disahkan'),
(161,	'510.63/193 /VI /2020',	212,	1,	'2020-06-18',	'2021-06-18',	'membandingkan langsung dengan standar',	'komparator 1 meter',	NULL,	'disahkan'),
(162,	'510.63/186 / VI / 2020',	218,	1,	'2020-06-18',	'2021-06-18',	'Kep. DJSPK No. 131.SPK-/KEP/2015',	'Anak Timbangan Kelas M2',	NULL,	'disahkan'),
(163,	'510.63/187 / VI / 2020',	219,	1,	'2020-06-18',	'2021-06-18',	'Kep. DJSPK No. 131.SPK-/KEP/2015',	'Anak Timbangan Kelas M2',	NULL,	'disahkan'),
(164,	'510.63/188 / VI / 2020',	220,	1,	'2020-06-18',	'2021-06-18',	'Kep. DJSPK No. 131.SPK-/KEP/2015',	'Anak Timbangan Kelas M2',	NULL,	'disahkan'),
(165,	'510.63/189 / VI / 2020',	221,	1,	'2020-06-18',	'2021-06-18',	'Kep. DJSPK No. 131.SPK-/KEP/2015',	'Anak Timbangan Kelas M2',	NULL,	'disahkan'),
(166,	'510.63/190 / VI / 2020',	222,	1,	'2020-06-18',	'2021-06-18',	'Kep. DJSPK No. 131.SPK-/KEP/2015',	'Anak Timbangan Kelas M2',	NULL,	'disahkan'),
(167,	'510.63/191 / VI / 2020',	223,	1,	'2020-06-18',	'2021-06-18',	'Kep. DJSPK No. 131.SPK-/KEP/2015',	'Anak Timbangan Kelas M2',	NULL,	'disahkan'),
(168,	'510.63/192 / VI / 2020',	224,	1,	'2020-06-18',	'2021-06-18',	'Kep. DJSPK No. 131.SPK-/KEP/2015',	'Anak Timbangan Kelas M2',	NULL,	'disahkan'),
(169,	'510.63/198 / VI / 2020',	225,	13,	'2020-06-22',	'2021-06-22',	'Kep. DJSPK No. 131.SPK-/KEP/2015',	'Anak Timbangan Kelas M2',	NULL,	'disahkan'),
(170,	'510.63/199/ VI / 2020',	226,	13,	'2020-06-22',	'2021-06-22',	'Kep. DJSPK No. 131.SPK-/KEP/2015',	'Anak Timbangan Kelas M2',	NULL,	'disahkan'),
(171,	'510.63/200 / VI / 2020',	227,	13,	'2020-06-22',	'2021-06-22',	'Kep. DJSPK No. 131.SPK-/KEP/2015',	'Anak Timbangan Kelas M2',	NULL,	'disahkan'),
(172,	'510.63/201 / VI / 2020',	228,	13,	'2020-06-22',	'2021-06-22',	'Kep. DJSPK No. 131.SPK-/KEP/2015',	'Anak Timbangan Kelas M2',	NULL,	'disahkan'),
(173,	'510.63/203 / VI / 2020',	229,	13,	'2020-06-22',	'2021-06-22',	'Kep. DJSPK No. 131.SPK-/KEP/2015',	'Anak Timbangan Kelas M2',	NULL,	'disahkan'),
(174,	'510.63/204 / VI / 2020',	230,	13,	'2020-06-22',	'2021-06-22',	'Kep. DJSPK No. 131.SPK-/KEP/2015',	'Anak Timbangan Kelas M2',	NULL,	'disahkan'),
(175,	'510.63/205 / VI / 2020',	231,	13,	'2020-06-22',	'2021-06-22',	'Kep. DJSPK No. 131.SPK-/KEP/2015',	'Anak Timbangan Kelas M2',	NULL,	'disahkan'),
(176,	'510.63/206 / VI / 2020',	232,	13,	'2020-06-22',	'2021-06-22',	'Kep. DJSPK No. 131.SPK-/KEP/2015',	'Anak Timbangan Kelas M2',	NULL,	'disahkan'),
(177,	'510.63/206 / VI / 2020',	233,	13,	'2020-06-22',	'2021-06-22',	'Kep. DJSPK No. 131.SPK-/KEP/2015',	'Anak Timbangan Kelas M2',	NULL,	'disahkan'),
(178,	'510.63/207 / VI / 2020',	234,	13,	'2020-06-22',	'2021-06-22',	'Kep. DJSPK No. 131.SPK-/KEP/2015',	'Anak Timbangan Kelas M2',	NULL,	'disahkan'),
(179,	'510.63/208 / VI / 2020',	235,	1,	'2020-06-23',	'2021-06-23',	'Kep. DJSPK No. 131.SPK-/KEP/2015',	'Anak Timbangan Kelas M2',	NULL,	'disahkan'),
(180,	'510.63/209 / VI / 2020',	236,	1,	'2020-06-23',	'2021-06-23',	'Kep. DJSPK No. 131.SPK-/KEP/2015',	'Anak Timbangan Kelas M2',	NULL,	'disahkan'),
(181,	'510.63/210 / VI / 2020',	237,	1,	'2020-06-23',	'2021-06-23',	'Kep. DJSPK No. 131.SPK-/KEP/2015',	'Anak Timbangan Kelas M2',	NULL,	'disahkan'),
(182,	'510.63/218 / VI / 2020',	238,	13,	'2020-06-25',	'2021-06-25',	'Kep. DJSPK No. 131.SPK-/KEP/2015',	'Anak Timbangan Kelas M2',	NULL,	'disahkan'),
(183,	'510.63/219 / VI / 2020',	239,	13,	'2020-06-25',	'2021-06-25',	'Kep. DJSPK No. 131.SPK-/KEP/2015',	'Anak Timbangan Kelas M2',	NULL,	'disahkan'),
(184,	'510.63/220 / VI / 2020',	240,	13,	'2020-06-25',	'2021-06-25',	'Kep. DJSPK No. 131.SPK-/KEP/2015',	'Anak Timbangan Kelas M2',	NULL,	'disahkan'),
(185,	'510.63/221 / VI / 2020',	241,	1,	'2020-06-30',	'2021-06-30',	'Kep. DJSPK No. 131.SPK-/KEP/2015',	'Anak Timbangan Kelas M2',	NULL,	'disahkan'),
(186,	'510.63/222 / VI / 2020',	242,	1,	'2020-06-30',	'2021-06-30',	'Kep. DJSPK No. 131.SPK-/KEP/2015',	'Anak Timbangan Kelas M2',	NULL,	'disahkan'),
(187,	'510.63/224 / VII / 2020',	243,	1,	'2020-07-16',	'2021-07-16',	'Kep. DJSPK No. 131.SPK-/KEP/2015',	'Anak Timbangan Kelas M2',	NULL,	'disahkan'),
(188,	'510.63/225 / VII / 2020',	244,	1,	'2020-07-16',	'2021-07-16',	'Kep. DJSPK No. 131.SPK-/KEP/2015',	'Anak Timbangan Kelas M2',	NULL,	'disahkan'),
(189,	'510.63/226 / VII / 2020',	245,	1,	'2020-07-16',	'2021-07-16',	'Kep. DJSPK No. 131.SPK-/KEP/2015',	'Anak Timbangan Kelas M2',	NULL,	'disahkan'),
(190,	'510.63/211 / VI / 2020',	246,	1,	'2020-06-23',	'2021-06-23',	'Kep. DJSPK No. 131.SPK-/KEP/2015',	'Anak Timbangan Kelas M2',	NULL,	'disahkan'),
(191,	'510.63/214 / VI / 2020',	247,	1,	'2020-06-23',	'2021-06-23',	'Kep. DJSPK No. 131.SPK-/KEP/2015',	'Anak Timbangan Kelas M2',	NULL,	'disahkan'),
(192,	'510.63/213 / VI / 2020',	248,	1,	'2020-06-23',	'2021-06-23',	'Kep. DJSPK No. 131.SPK-/KEP/2015',	'Anak Timbangan Kelas M2',	NULL,	'disahkan'),
(193,	'510.63/212 / VI / 2020',	249,	1,	'2020-06-23',	'2021-06-23',	'Kep. DJSPK No. 131.SPK-/KEP/2015',	'Anak Timbangan Kelas M2',	NULL,	'disahkan'),
(194,	'510.63/215 / VI / 2020',	250,	1,	'2020-06-23',	'2021-06-23',	'Kep. DJSPK No. 131.SPK-/KEP/2015',	'Anak Timbangan Kelas M2',	NULL,	'disahkan'),
(195,	'510.63/216 / VI / 2020',	251,	1,	'2020-06-23',	'2021-06-23',	'Kep. DJSPK No. 131.SPK-/KEP/2015',	'Anak Timbangan Kelas M2',	NULL,	'disahkan'),
(196,	'510.63/217 / VI / 2020',	252,	1,	'2020-06-23',	'2021-06-23',	'Kep. DJSPK No. 131.SPK-/KEP/2015',	'Anak Timbangan Kelas M2',	NULL,	'disahkan'),
(197,	'510.63/228 / VIII /2020',	253,	1,	'2020-08-13',	'2021-08-13',	'Kep. DJSPK No. 131.SPK/KEP/2015',	'Anak Timbangan Kelas M2',	NULL,	'disahkan'),
(198,	'510.63/229 / VIII /2020',	254,	1,	'2020-08-13',	'2021-08-13',	'Kep. DJSPK No. 131.SPK/KEP/2015',	'Anak Timbangan Kelas M2',	NULL,	'disahkan'),
(199,	'510.63/232 / VIII /2020',	255,	13,	'2020-08-27',	'2021-08-27',	'Kep. DJSPK No. 131.SPK/KEP/2015',	'Anak Timbangan Kelas M2',	NULL,	'disahkan'),
(200,	'510.63/233 / VIII /2020',	256,	13,	'2020-08-27',	'2021-08-27',	'Kep. DJSPK No. 131.SPK/KEP/2015',	'Anak Timbangan Kelas M2',	NULL,	'disahkan'),
(201,	'510.63/234 / VIII /2020',	257,	13,	'2020-08-27',	'2021-08-27',	'Kep. DJSPK No. 131.SPK/KEP/2015',	'Anak Timbangan Kelas M2',	NULL,	'disahkan'),
(202,	'510.63/235 / VIII /2020',	258,	13,	'2020-08-27',	'2021-08-27',	'Kep. DJSPK No. 131.SPK/KEP/2015',	'Anak Timbangan Kelas M2',	NULL,	'disahkan'),
(203,	'510.63/236 / VIII /2020',	259,	13,	'2020-08-27',	'2021-08-27',	'Kep. DJSPK No. 131.SPK/KEP/2015',	'Anak Timbangan Kelas M2',	NULL,	'disahkan'),
(204,	'510.63/237 / VIII /2020',	260,	13,	'2020-08-27',	'2021-08-27',	'Kep. DJSPK No. 131.SPK/KEP/2015',	'Anak Timbangan Kelas M2',	NULL,	'disahkan'),
(205,	'510.63/238 / VIII /2020',	261,	13,	'2020-08-27',	'2021-08-27',	'Kep. DJSPK No. 131.SPK/KEP/2015',	'Anak Timbangan Kelas M2',	NULL,	'disahkan'),
(206,	'510.63/239 / VIII /2020',	262,	13,	'2020-08-27',	'2021-08-27',	'Kep. DJSPK No. 131.SPK/KEP/2015',	'Anak Timbangan Kelas M2',	NULL,	'disahkan'),
(207,	'510.63/240 / VIII /2020',	263,	13,	'2020-08-27',	'2021-08-27',	'Kep. DJSPK No. 131.SPK/KEP/2015',	'Anak Timbangan Kelas M2',	NULL,	'disahkan'),
(208,	'510.63/241 / VIII /2020',	264,	13,	'2020-08-27',	'2021-08-27',	'Kep. DJSPK No. 131.SPK/KEP/2015',	'Anak Timbangan Kelas M2',	NULL,	'disahkan'),
(209,	'510.63/242 / VIII /2020',	265,	13,	'2020-08-27',	'2021-08-27',	'Kep. DJSPK No. 131.SPK/KEP/2015',	'Anak Timbangan Kelas M2',	NULL,	'disahkan'),
(210,	'510.63/243 / VIII /2020',	266,	13,	'2020-08-27',	'2021-08-27',	'Kep. DJSPK No. 131.SPK/KEP/2015',	'Anak Timbangan Kelas M2',	NULL,	'disahkan'),
(211,	'510.63/244 / VIII /2020',	267,	13,	'2020-08-27',	'2021-02-27',	'Kep. DJSPK No. 131.SPK/KEP/2015',	'Anak Timbangan Kelas M2',	NULL,	'disahkan'),
(212,	'510.63/245 / VIII /2020',	268,	13,	'2020-08-27',	'2021-08-27',	'Kep. DJSPK No. 131.SPK/KEP/2015',	'Anak Timbangan Kelas M2',	NULL,	'disahkan'),
(213,	'510.63/246 / VIII /2020',	269,	13,	'2020-08-27',	'2021-08-27',	'Kep. DJSPK No. 131.SPK/KEP/2015',	'Anak Timbangan Kelas M2',	NULL,	'disahkan'),
(214,	'510.63/247 / VIII /2020',	270,	13,	'2020-08-27',	'2021-08-27',	'Kep. DJSPK No. 131.SPK/KEP/2015',	'Anak Timbangan Kelas M2',	NULL,	'disahkan'),
(215,	'510.63/248 / VIII /2020',	271,	13,	'2020-08-27',	'2021-08-27',	'Kep. DJSPK No. 131.SPK/KEP/2015',	'Anak Timbangan Kelas M2',	NULL,	'disahkan'),
(216,	'510.63/249 / VIII /2020',	272,	13,	'2020-08-27',	'2021-08-27',	'Kep. DJSPK No. 131.SPK/KEP/2015',	'Anak Timbangan Kelas M2',	NULL,	'disahkan'),
(217,	'510.63/263 / IX /2020',	273,	1,	'2020-09-25',	'2021-09-25',	'Kep. DJSPK No. 131.SPK/KEP/2015',	'Anak Timbangan Kelas M2',	NULL,	'disahkan'),
(218,	'510.63/264 / IX /2020',	274,	1,	'2020-09-25',	'2021-09-25',	'Kep. DJSPK No. 131.SPK/KEP/2015',	'Anak Timbangan Kelas M2',	NULL,	'disahkan'),
(219,	'510.63/265 / IX /2020',	275,	1,	'2020-09-25',	'2021-09-25',	'Kep. DJSPK No. 131.SPK/KEP/2015',	'Anak Timbangan Kelas M2',	NULL,	'disahkan'),
(220,	'510.63/266 / IX /2020',	276,	13,	'2020-09-25',	'2021-09-25',	'Kep. DJSPK No. 131.SPK/KEP/2015',	'Anak Timbangan Kelas M2',	NULL,	'disahkan'),
(221,	'510.63/267 / IX /2020',	277,	1,	'2020-09-28',	'2021-09-28',	'Kep. DJSPK No. 131.SPK/KEP/2015',	'Anak Timbangan Kelas M2',	NULL,	'disahkan'),
(222,	'510.63/268 / IX /2020',	278,	13,	'2020-09-28',	'2021-09-28',	'Kep. DJSPK No. 131.SPK/KEP/2015',	'Anak Timbangan Kelas M2',	NULL,	'disahkan'),
(223,	'510.63/269 / IX /2020',	279,	13,	'2020-09-28',	'2021-09-28',	'Kep. DJSPK No. 131.SPK/KEP/2015',	'Anak Timbangan Kelas M2',	NULL,	'disahkan'),
(224,	'510.63/270 / IX /2020',	280,	13,	'2020-09-28',	'2021-09-28',	'Kep. DJSPK No. 131.SPK/KEP/2015',	'Anak Timbangan Kelas M2',	NULL,	'disahkan'),
(225,	'510.63/271 / IX /2020',	281,	13,	'2020-09-28',	'2021-09-28',	'Kep. DJSPK No. 131.SPK/KEP/2015',	'Anak Timbangan Kelas M2',	NULL,	'disahkan'),
(226,	'510.63/272 / IX /2020',	282,	13,	'2020-09-28',	'2021-09-28',	'Kep. DJSPK No. 131.SPK/KEP/2015',	'Anak Timbangan Kelas M2',	NULL,	'disahkan'),
(227,	'510.63/274/X/2020',	283,	13,	'2020-10-09',	'2021-10-09',	'Kep. DJSPK No. 131.SPK/KEP/2015',	'Anak Timbangan Kelas M2',	NULL,	'disahkan'),
(228,	'510.63/275 / X /2020',	284,	1,	'2020-10-20',	'2021-10-20',	'Kep. DJSPK No. 131.SPK/KEP/2015',	'Anak Timbangan Kelas M2',	NULL,	'disahkan'),
(229,	'510.63/276 / X /2020',	286,	1,	'2020-10-22',	'2021-10-22',	'Kep. DJSPK No. 131.SPK/KEP/2015',	'Anak Timbangan Kelas M2',	NULL,	'disahkan'),
(230,	'510.63/279 / X /2020',	287,	1,	'2020-10-27',	'2021-10-27',	'Kep. DJSPK No. 131.SPK/KEP/2015',	'Anak Timbangan Kelas M2',	NULL,	'disahkan'),
(231,	'510.63/280 / X /2020',	288,	13,	'2020-10-27',	'2021-10-27',	'Kep. DJSPK No. 131.SPK/KEP/2015',	'Anak Timbangan Kelas M2',	NULL,	'disahkan'),
(232,	'510.63 /125 / II / 2020',	289,	1,	'2020-02-25',	'2021-02-25',	'Keputusan DJSPK No. 134/SPK/KEP/10/2015',	'Bejana Ukur Standar 20 Liter',	NULL,	'disahkan'),
(233,	'510.63 /124 / II / 2020',	290,	1,	'2020-02-25',	'2021-02-25',	'Keputusan DJSPK No. 134/SPK/KEP/10/2015',	'Bejana Ukur Standar 20 Liter',	NULL,	'disahkan'),
(234,	'510.63 /123 / II / 2020',	291,	1,	'2020-02-25',	'2021-02-25',	'Keputusan DJSPK No. 134/SPK/KEP/10/2015',	'Bejana Ukur Standar 20 Liter',	NULL,	'disahkan'),
(235,	'510.63 /122 / II / 2020',	292,	1,	'2020-02-25',	'2021-02-25',	'Keputusan DJSPK No. 134/SPK/KEP/10/2015',	'Bejana Ukur Standar 20 Liter',	NULL,	'disahkan'),
(236,	'510.63 /175 / III 2020',	293,	1,	'2020-03-27',	'2021-03-27',	'Perbandingan Langsung dengan Bejana Ukur Standar',	'Bejana Ukur Standar 10 L ',	NULL,	'disahkan'),
(237,	'510.63 /176 / III 2020',	294,	1,	'2020-03-27',	'2021-03-27',	'Membandingkan langsung dengan Standar',	'Komparator 1 meter',	NULL,	'disahkan'),
(238,	'510.63 /134 / II / 2020',	295,	1,	'2020-02-26',	'2021-02-26',	'Keputusan DJSPK No. 134/SPK/KEP/10/2015',	'Bejana Ukur Standar 20 Liter',	NULL,	'disahkan'),
(239,	'510.63 /133 / II / 2020',	296,	1,	'2020-02-26',	'2021-02-26',	'Keputusan DJSPK No. 134/SPK/KEP/10/2015',	'Bejana Ukur Standar 20 Liter',	NULL,	'disahkan'),
(240,	'510.63 /132 / II / 2020',	297,	1,	'2020-02-26',	'2021-02-26',	'Keputusan DJSPK No. 134/SPK/KEP/10/2015',	'Bejana Ukur Standar 20 Liter',	NULL,	'disahkan'),
(241,	'510.63 /131 / II / 2020',	298,	1,	'2020-02-26',	'2021-02-26',	'Keputusan DJSPK No. 134/SPK/KEP/10/2015',	'Bejana Ukur Standar 20 Liter',	NULL,	'disahkan'),
(242,	'510.63 /130 / II / 2020',	299,	1,	'2020-02-26',	'2021-02-26',	'Keputusan DJSPK No. 134/SPK/KEP/10/2015',	'Bejana Ukur Standar 20 Liter',	NULL,	'disahkan'),
(243,	'510.63 /147 / III / 2020',	213,	1,	'2020-03-02',	'2021-03-02',	'Keputusan DJSPK No. 134/SPK/KEP/10/2015',	'Bejana Ukur Standar 20 Liter',	NULL,	'disahkan'),
(244,	'510.63 /146 / III / 2020',	214,	1,	'2020-03-03',	'2021-03-03',	'Keputusan DJSPK No. 134/SPK/KEP/10/2015',	'Bejana Ukur Standar 20 Liter',	NULL,	'disahkan'),
(245,	'510.63 /145 / III / 2020',	215,	1,	'2020-03-03',	'2021-03-03',	'Keputusan DJSPK No. 134/SPK/KEP/10/2015',	'Bejana Ukur Standar 20 Liter',	NULL,	'disahkan'),
(246,	'510.63 /144 / III / 2020',	216,	1,	'2020-03-03',	'2021-03-03',	'Keputusan DJSPK No. 134/SPK/KEP/10/2015',	'Bejana Ukur Standar 20 Liter',	NULL,	'disahkan'),
(247,	'510.63 /143 / III / 2020',	217,	1,	'2020-03-03',	'2021-03-03',	'Keputusan DJSPK No. 134/SPK/KEP/10/2015',	'Bejana Ukur Standar 20 Liter',	NULL,	'disahkan'),
(248,	'510.63/258 / IX /2020',	300,	1,	'2020-09-02',	'2021-09-02',	'Membandingkan langsung dengan Standar',	'Komparator 1 meter',	NULL,	'disahkan'),
(249,	'510.63/257 / IX /2020',	301,	1,	'2020-09-04',	'2021-09-04',	'Keputusan DJSPK No. 134/SPK/KEP/10/2015',	'Bejana Ukur Standar 20 Liter',	NULL,	'disahkan'),
(250,	'510.63/256 / IX /2020',	302,	1,	'2020-09-02',	'2021-09-02',	'Keputusan DJSPK No. 134/SPK/KEP/10/2015',	'Bejana Ukur Standar 20 Liter',	NULL,	'disahkan'),
(251,	'510.63/255 / IX /2020',	303,	1,	'2020-09-02',	'2021-09-02',	'Keputusan DJSPK No. 134/SPK/KEP/10/2015',	'Bejana Ukur Standar 20 Liter',	NULL,	'disahkan'),
(252,	'510.63/254 / IX /2020',	304,	1,	'2020-09-02',	'2021-09-02',	'Keputusan DJSPK No. 134/SPK/KEP/10/2015',	'Bejana Ukur Standar 20 Liter',	NULL,	'disahkan'),
(253,	'510.63/253 / IX /2020',	305,	1,	'2020-09-02',	'2021-09-02',	'Keputusan DJSPK No. 134/SPK/KEP/10/2015',	'Bejana Ukur Standar 20 Liter',	NULL,	'disahkan'),
(254,	'510.63 /256 / IX /2020',	306,	1,	'2020-09-02',	'2021-09-02',	'Keputusan DJSPK No. 134/SPK/KEP/10/2015',	'Bejana Ukur Standar 20 Liter',	NULL,	'disahkan'),
(255,	'510.63 /255 / IX /2020',	307,	1,	'2020-09-02',	'2021-09-02',	'Keputusan DJSPK No. 134/SPK/KEP/10/2015',	'Bejana Ukur Standar 20 Liter',	NULL,	'disahkan'),
(256,	'510.63 /254 / IX /2020',	308,	1,	'2020-09-02',	'2021-09-02',	'Keputusan DJSPK No. 134/SPK/KEP/10/2015',	'Bejana Ukur Standar 20 Liter',	NULL,	'disahkan'),
(257,	'510.63 /253 / IX /2020',	309,	1,	'2020-09-02',	'2021-09-02',	'Keputusan DJSPK No. 134/SPK/KEP/10/2015',	'Bejana Ukur Standar 20 Liter',	NULL,	'disahkan'),
(258,	'510.63/257 / IX /2020',	315,	1,	'2020-02-19',	'2021-02-19',	'Perbandingan Langsung dengan Bejana Ukur Standar',	'Bejana Ukur Standar 10 L ',	NULL,	'disahkan'),
(259,	'510.63 /87 / II / 2020',	310,	1,	'2020-02-19',	'2021-02-19',	'Keputusan DJSPK No. 134/SPK/KEP/10/2015',	'Bejana Ukur Standar 20 Liter',	NULL,	'disahkan'),
(260,	'510.63/86 / II / 2020',	311,	1,	'2020-02-19',	'2021-02-19',	'Keputusan DJSPK No. 134/SPK/KEP/10/2015',	'Bejana Ukur Standar 20 Liter',	NULL,	'disahkan'),
(261,	'510.63/85 / II / 2020',	312,	1,	'2020-02-19',	'2021-02-19',	'Keputusan DJSPK No. 134/SPK/KEP/10/2015',	'Bejana Ukur Standar 20 Liter',	NULL,	'disahkan'),
(262,	'510.63/84 / II / 2020',	313,	1,	'2020-02-19',	'2021-02-19',	'Keputusan DJSPK No. 134/SPK/KEP/10/2015',	'Bejana Ukur Standar 20 Liter',	NULL,	'disahkan'),
(263,	'510.63/169 / III / 2020',	314,	1,	'2020-02-19',	'2021-02-19',	'Membandingkan langsung dengan Standar',	'Komparator 1 meter',	NULL,	'disahkan'),
(264,	'510.63 /178 / IV 2020',	316,	1,	'2020-02-11',	'2020-02-11',	'Perbandingan Langsung dengan Bejana Ukur Standar',	'Bejana Ukur Standar 10 L ',	NULL,	'disahkan'),
(265,	'510.63 /53 / II / 2020',	318,	1,	'2020-02-11',	'2021-02-11',	'Keputusan DJSPK No. 134/SPK/KEP/10/2015',	'Bejana Ukur Standar 20 Liter',	NULL,	'disahkan'),
(266,	'510.63 /52 / II / 2020',	319,	1,	'2020-02-11',	'2021-02-11',	' Keputusan DJSPK No. 134/SPK/KEP/10/2015',	'Bejana Ukur Standar 20 Liter',	NULL,	'disahkan'),
(267,	'510.63 /51 / II / 2020',	320,	1,	'2020-02-11',	'2021-02-11',	'Keputusan DJSPK No. 134/SPK/KEP/10/2015',	'Bejana Ukur Standar 20 Liter',	NULL,	'disahkan'),
(268,	'510.63 /50 / II / 2020',	321,	1,	'2020-02-11',	'2021-02-11',	'Keputusan DJSPK No. 134/SPK/KEP/10/2015',	'Bejana Ukur Standar 20 Liter',	NULL,	'disahkan'),
(269,	'510.63/180 / IV 2020',	317,	1,	'2020-04-01',	'2021-04-01',	'Membandingkan langsung dengan Standar',	'Komparator 1 meter',	NULL,	'disahkan'),
(270,	'510.63 /81 / II / 2020',	322,	1,	'2020-02-18',	'2021-02-18',	' Keputusan DJSPK No. 134/SPK/KEP/10/2015',	'Bejana Ukur Standar 20 Liter',	NULL,	'disahkan'),
(271,	'510.63 /80 / II / 2020',	323,	1,	'2020-02-18',	'2021-02-18',	'Keputusan DJSPK No. 134/SPK/KEP/10/2015',	'Bejana Ukur Standar 20 Liter',	NULL,	'disahkan'),
(272,	'510.63/79 / II / 2020',	324,	1,	'2020-02-18',	'2021-02-18',	'Keputusan DJSPK No. 134/SPK/KEP/10/2015',	'Bejana Ukur Standar 20 Liter',	NULL,	'disahkan'),
(273,	'510.63 /78 / II / 2020',	325,	1,	'2020-02-18',	'2021-02-18',	'Keputusan DJSPK No. 134/SPK/KEP/10/2015',	'Bejana Ukur Standar 20 Liter',	NULL,	'disahkan'),
(274,	'510.63 /151 / III / 2020',	326,	1,	'2020-03-03',	'2020-03-03',	'Keputusan DJSPK No. 134/SPK/KEP/10/2015',	'Bejana Ukur Standar 20 Liter',	NULL,	'disahkan'),
(275,	'510.63 /150 / III / 2020',	327,	1,	'2020-03-03',	'2020-03-03',	'Keputusan DJSPK No. 134/SPK/KEP/10/2015',	'Bejana Ukur Standar 20 Liter',	NULL,	'disahkan'),
(276,	'510.63 /149 / III / 2020',	328,	1,	'2020-03-03',	'2021-03-03',	'Keputusan DJSPK No. 134/SPK/KEP/10/2015',	'Bejana Ukur Standar 20 Liter',	NULL,	'disahkan'),
(277,	'510.63 /148 / III / 2020',	329,	1,	'2020-03-03',	'2020-03-03',	'Keputusan DJSPK No. 134/SPK/KEP/10/2015',	'Bejana Ukur Standar 20 Liter',	NULL,	'disahkan'),
(278,	'510.63 /184 / V / 2020',	330,	1,	'2020-05-20',	'2021-05-20',	'Keputusan DJSPK No. 134/SPK/KEP/10/2015',	'Bejana Ukur Standar 20 Liter',	NULL,	'disahkan'),
(279,	'510.63 /183 / V / 2020',	331,	1,	'2020-05-20',	'2021-05-20',	'Keputusan DJSPK No. 134/SPK/KEP/10/2015',	'Bejana Ukur Standar 20 Liter',	NULL,	'disahkan'),
(280,	'510.63303 / XII / 2020',	332,	1,	'2020-10-27',	'2021-10-27',	' 	Keputusan DJSPK No. 134/SPK/KEP/10/2015',	' 	Bejana Ukur Standar 20 Liter',	NULL,	'disahkan'),
(284,	'510.63/002 /I /2021',	336,	1,	'2021-01-26',	'2022-01-26',	'keputusan DJSPK No 134/SPK/KEP/10/2015',	'Bejana Ukur Standar 20 L',	NULL,	'disahkan'),
(285,	'510.63/002 /I /2021',	337,	1,	'2021-01-26',	'2022-01-26',	'keputusan DJSPK No 134/SPK/KEP/10/2015',	'Bejana Ukur Standar 20 L',	NULL,	'disahkan'),
(286,	'510.63/002 /I /2021',	338,	1,	'2021-01-26',	'2022-01-26',	'keputusan DJSPK No 134/SPK/KEP/10/2015',	'Bejana Ukur Standar 20 L',	NULL,	'disahkan'),
(287,	'510.63/ 003/I /2021',	339,	1,	'2021-01-27',	'2022-01-27',	'keputusan DJSPK No 134/SPK/KEP/10/2015',	'Bejana Ukur Standar 20 L',	NULL,	'disahkan'),
(288,	'510.63/003 /I /2021',	340,	1,	'2021-01-27',	'2022-01-27',	'keputusan DJSPK No 134/SPK/KEP/10/2015',	'Bejana Ukur Standar 20 L',	NULL,	'disahkan'),
(289,	'510.63/003 /I /2021',	341,	1,	'2021-01-27',	'2022-01-27',	'keputusan DJSPK No 134/SPK/KEP/10/2015',	'Bejana Ukur Standar 20 L',	NULL,	'disahkan'),
(290,	'510.63/003 /I /2021',	342,	1,	'2021-01-27',	'2022-01-27',	'keputusan DJSPK No 134/SPK/KEP/10/2015',	'Bejana Ukur Standar 20 L',	NULL,	'disahkan'),
(291,	'510.63/003 /I /2021',	343,	1,	'2021-01-27',	'2022-01-27',	'keputusan DJSPK No 134/SPK/KEP/10/2015',	'Bejana Ukur Standar 20 L',	NULL,	'disahkan'),
(292,	'510.63/007/I/2021',	363,	13,	'2021-01-29',	'2022-01-29',	'-',	'-',	NULL,	'disahkan'),
(293,	'510.63/007/I/2021',	362,	13,	'2021-01-29',	'2022-01-29',	'-',	'-',	NULL,	'disahkan'),
(294,	'510.63/007/I/2021',	360,	13,	'2021-01-29',	'2022-01-29',	'-',	'-',	NULL,	'disahkan'),
(295,	'510.63/006/I/2021',	361,	13,	'2021-01-29',	'2022-01-29',	'-',	'-',	NULL,	'disahkan'),
(296,	'510.63/006/I/2021',	345,	13,	'2021-01-29',	'2022-01-29',	'-',	'-',	NULL,	'disahkan'),
(297,	'510.63/006/I/2021',	346,	13,	'2021-01-29',	'2022-01-29',	'-',	'-',	NULL,	'disahkan'),
(298,	'510.63/006/I/2021',	347,	13,	'2021-01-29',	'2022-01-29',	'-',	'-',	NULL,	'disahkan'),
(299,	'510.63/006/I/2021',	348,	13,	'2021-01-29',	'2022-01-29',	'-',	'-',	NULL,	'disahkan'),
(300,	'510.63/006/I/2021',	349,	13,	'2021-01-29',	'2022-01-29',	'-',	'-',	NULL,	'disahkan'),
(301,	'510.63/006/I/2021',	359,	13,	'2021-01-29',	'2022-01-29',	'-',	'-',	NULL,	'disahkan'),
(302,	'510.63/006/I/2021',	350,	13,	'2021-01-29',	'2022-01-29',	'-',	'-',	NULL,	'disahkan'),
(303,	'510.63/006/I/2021',	358,	13,	'2021-01-29',	'2022-01-29',	'-',	'-',	NULL,	'disahkan'),
(304,	'510.63/006/I/2021',	351,	13,	'2021-01-29',	'2022-01-29',	'-',	'-',	NULL,	'disahkan'),
(305,	'510.63/006/I/2021',	352,	13,	'2021-01-29',	'2022-01-29',	'-',	'-',	NULL,	'disahkan'),
(306,	'510.63/006/I/2021',	353,	13,	'2021-01-29',	'2022-01-29',	'-',	'-',	NULL,	'disahkan'),
(307,	'510.63/006/I/2021',	354,	13,	'2021-01-29',	'2022-01-29',	'-',	'-',	NULL,	'disahkan'),
(308,	'510.63/006/I/2021',	357,	13,	'2021-01-29',	'2022-01-29',	'-',	'-',	NULL,	'disahkan'),
(309,	'510.63/006/I/2021',	355,	13,	'2021-01-29',	'2022-01-29',	'-',	'-',	NULL,	'disahkan'),
(310,	'510.63/006/I/2021',	356,	13,	'2021-01-29',	'2022-01-29',	'-',	'-',	NULL,	'disahkan'),
(311,	'510.63/005/I/2021',	364,	13,	'2021-01-28',	'2022-01-28',	'-',	'-',	NULL,	'disahkan'),
(312,	'510.63/005/I/2021',	365,	13,	'2021-01-28',	'2022-01-28',	'-',	'-',	NULL,	'disahkan'),
(313,	'510.63/005/I/2021',	366,	13,	'2021-01-28',	'2022-01-28',	'-',	'-',	NULL,	'disahkan'),
(314,	'510.63/004/I/2021',	367,	13,	'2021-01-28',	'2022-01-28',	'-',	'-',	NULL,	'disahkan'),
(315,	'510.63/004/I/2021',	368,	13,	'2021-01-28',	'2022-01-28',	'-',	'-',	NULL,	'disahkan'),
(316,	'510.63/004/I/2021',	369,	13,	'2021-01-28',	'2022-01-28',	'-',	'-',	NULL,	'disahkan'),
(317,	'510.63/004/I/2021',	370,	13,	'2021-01-28',	'2022-01-28',	'-',	'-',	NULL,	'disahkan'),
(318,	'510.63/008/I/2021',	371,	1,	'2021-01-26',	'2022-01-26',	'membandingkan langsung dengan standar',	'komparator 1 meter',	NULL,	'disahkan'),
(319,	'510.63/007/I/2021',	372,	1,	'2021-01-26',	'2022-01-26',	'Perbandingan langsung dengan bejana ukur standar',	'Bejana Ukur Standar 5 L',	NULL,	'disahkan'),
(320,	'510.63/ 11/I /2021',	373,	1,	'2021-02-02',	'2022-02-02',	'keputusan DJSPK No 134/SPK/KEP/10/2015',	'Bejana Ukur Standar 20 L',	NULL,	'disahkan'),
(321,	'510.63/ 11/I /2021',	374,	1,	'2021-02-02',	'2022-02-02',	'keputusan DJSPK No 134/SPK/KEP/10/2015',	'Bejana Ukur Standar 20 L',	NULL,	'disahkan'),
(322,	'510.63/ 11/I /2021',	375,	1,	'2021-02-02',	'2022-02-02',	'keputusan DJSPK No 134/SPK/KEP/10/2015',	'Bejana Ukur Standar 20 L',	NULL,	'disahkan'),
(323,	'510.63/ 11/I /2021',	376,	1,	'2021-02-02',	'2022-02-02',	'keputusan DJSPK No 134/SPK/KEP/10/2015',	'Bejana Ukur Standar 20 L',	NULL,	'disahkan'),
(324,	'510.63/ 11/I /2021',	377,	1,	'2021-02-02',	'2022-02-02',	'keputusan DJSPK No 134/SPK/KEP/10/2015',	'Bejana Ukur Standar 20 L',	NULL,	'disahkan'),
(325,	'510.63/ 11/I /2021',	378,	1,	'2021-02-02',	'2022-02-02',	'keputusan DJSPK No 134/SPK/KEP/10/2015',	'Bejana Ukur Standar 20 L',	NULL,	'disahkan'),
(327,	'510.63/ 10/I /2021',	379,	1,	'2021-02-01',	'2022-02-01',	'keputusan DJSPK No 134/SPK/KEP/10/2015',	'Bejana Ukur Standar 20 L',	NULL,	'disahkan'),
(328,	'510.63/ 10/I /2021',	380,	1,	'2021-02-01',	'2022-02-01',	'keputusan DJSPK No 134/SPK/KEP/10/2015',	'Bejana Ukur Standar 20 L',	NULL,	'disahkan'),
(329,	'510.63/ 10/I /2021',	381,	1,	'2021-02-01',	'2022-02-01',	'keputusan DJSPK No 134/SPK/KEP/10/2015',	'keputusan DJSPK No 134/SPK/KEP/10/2015',	NULL,	'disahkan'),
(330,	'510.63/ 10/I /2021',	382,	1,	'2021-02-01',	'2022-02-01',	'keputusan DJSPK No 134/SPK/KEP/10/2015',	'Bejana Ukur Standar 20 L',	NULL,	'disahkan'),
(331,	'510.63/ 12/I /2021',	383,	1,	'2021-02-03',	'2022-02-03',	'keputusan DJSPK No 134/SPK/KEP/10/2015',	'Bejana Ukur Standar 20 L',	NULL,	'disahkan'),
(332,	'510.63/ 12/I /2021',	384,	1,	'2021-02-03',	'2022-02-03',	'keputusan DJSPK No 134/SPK/KEP/10/2015',	'Bejana Ukur Standar 20 L',	NULL,	'disahkan'),
(333,	'510.63/ 12/I /2021',	385,	1,	'2021-02-03',	'2022-02-03',	'keputusan DJSPK No 134/SPK/KEP/10/2015',	'Bejana Ukur Standar 20 L',	NULL,	'disahkan'),
(334,	'510.63/ 12/I /2021',	386,	1,	'2021-02-03',	'2022-02-03',	'keputusan DJSPK No 134/SPK/KEP/10/2015',	'Bejana Ukur Standar 20 L',	NULL,	'disahkan'),
(335,	'510.63/ 09/I /2021',	387,	1,	'2021-02-01',	'2022-02-01',	'keputusan DJSPK No 134/SPK/KEP/10/2015',	'Bejana Ukur Standar 20 L',	NULL,	'disahkan'),
(336,	'510.63/ 19/II /2021',	388,	1,	'2021-02-08',	'2022-02-08',	'keputusan DJSPK No 134/SPK/KEP/10/2015',	'Bejana Ukur Standar 20 L',	NULL,	'disahkan'),
(337,	'510.63/ 19/II /2021',	389,	1,	'2021-02-08',	'2022-02-08',	'keputusan DJSPK No 134/SPK/KEP/10/2015',	'Bejana Ukur Standar 20 L',	NULL,	'disahkan'),
(338,	'510.63/ 19/II /2021',	390,	1,	'2021-02-08',	'2022-02-08',	'keputusan DJSPK No 134/SPK/KEP/10/2015',	'Bejana Ukur Standar 20 L',	NULL,	'disahkan'),
(339,	'510.63/ 15/II /2021',	391,	1,	'2021-02-05',	'2022-02-05',	'Perbandingan langsung dengan bejana ukur standar',	'Bejana Ukur Standar 5 L',	NULL,	'disahkan'),
(340,	'510.63/ 16/II /2021',	392,	1,	'2021-01-27',	'2022-01-27',	'membandingkan langsung dengan standar',	'komparator 1 meter',	NULL,	'disahkan'),
(341,	'510.63/ 17/II /2021',	398,	1,	'2021-02-05',	'2022-02-05',	'Perbandingan langsung dengan bejana ukur standar',	'Bejana Ukur Standar 5 L',	NULL,	'disahkan'),
(342,	'510.63/ 13/I /2021',	393,	1,	'2021-02-04',	'2022-02-04',	'keputusan DJSPK No 134/SPK/KEP/10/2015',	'Bejana Ukur Standar 20 L',	NULL,	'disahkan'),
(343,	'510.63/ 13/I /2021',	394,	1,	'2021-02-04',	'2022-02-04',	'keputusan DJSPK No 134/SPK/KEP/10/2015',	'Bejana Ukur Standar 20 L',	NULL,	'disahkan'),
(344,	'510.63/ 13/I /2021',	395,	1,	'2021-02-04',	'2022-02-04',	'keputusan DJSPK No 134/SPK/KEP/10/2015',	'Bejana Ukur Standar 20 L',	NULL,	'disahkan'),
(345,	'510.63/ 13/I /2021',	396,	1,	'2021-02-04',	'2022-02-04',	'keputusan DJSPK No 134/SPK/KEP/10/2015',	'Bejana Ukur Standar 20 L',	NULL,	'disahkan'),
(346,	'510.63/ 18/II /2021',	397,	1,	'2021-02-04',	'2022-02-04',	'membandingkan langsung dengan standar',	'komparator 1 meter',	NULL,	'disahkan'),
(347,	'510.63/ 20/II /2021',	399,	1,	'2021-02-09',	'2022-02-09',	'keputusan DJSPK No 134/SPK/KEP/10/2015',	'Bejana Ukur Standar 20 L',	NULL,	'disahkan'),
(348,	'510.63/ 20/II /2021',	400,	1,	'2021-02-09',	'2022-02-09',	'keputusan DJSPK No 134/SPK/KEP/10/2015',	'Bejana Ukur Standar 20 L',	NULL,	'disahkan'),
(349,	'510.63/ 20/II /2021',	401,	1,	'2021-02-09',	'2022-02-09',	'keputusan DJSPK No 134/SPK/KEP/10/2015',	'Bejana Ukur Standar 20 L',	NULL,	'disahkan'),
(350,	'510.63/ 20/II /2021',	402,	1,	'2021-02-09',	'2022-02-09',	'keputusan DJSPK No 134/SPK/KEP/10/2015',	'Bejana Ukur Standar 20 L',	NULL,	'disahkan'),
(351,	'510.63/ 20/II /2021',	403,	1,	'2021-02-09',	'2022-02-09',	'keputusan DJSPK No 134/SPK/KEP/10/2015',	'Bejana Ukur Standar 20 L',	NULL,	'disahkan'),
(352,	'510.63/ 14/II /2021',	404,	1,	'2021-01-29',	'2022-01-29',	'membandingkan langsung dengan standar',	'komparator 1 meter',	NULL,	'disahkan');

DROP TABLE IF EXISTS `tbl_tolak_pendaftaran`;
CREATE TABLE `tbl_tolak_pendaftaran` (
  `id_tolak` int(11) NOT NULL AUTO_INCREMENT,
  `id_daftar` int(11) DEFAULT NULL,
  `keterangan` text,
  `file_extra` text,
  PRIMARY KEY (`id_tolak`),
  KEY `tbl_tolak_pendaftaran_ibfk_1` (`id_daftar`),
  CONSTRAINT `tbl_tolak_pendaftaran_ibfk_1` FOREIGN KEY (`id_daftar`) REFERENCES `tbl_pendaftaran` (`id_daftar`) ON DELETE CASCADE ON UPDATE CASCADE
) ENGINE=InnoDB DEFAULT CHARSET=latin1;


DROP TABLE IF EXISTS `tbl_usaha`;
CREATE TABLE `tbl_usaha` (
  `id_usaha` int(11) NOT NULL AUTO_INCREMENT,
  `id_user` int(11) DEFAULT NULL,
  `id_jenis_usaha` int(11) DEFAULT NULL,
  `nama_usaha` varchar(100) DEFAULT NULL,
  `kode_desa` char(10) DEFAULT NULL,
  `alamat` text,
  PRIMARY KEY (`id_usaha`),
  KEY `tbl_usaha_ibfk_1` (`id_jenis_usaha`),
  KEY `tbl_usaha_ibfk_2` (`id_user`),
  KEY `tbl_usaha_ibfk_3` (`kode_desa`),
  CONSTRAINT `tbl_usaha_ibfk_1` FOREIGN KEY (`id_jenis_usaha`) REFERENCES `tbl_jenis_usaha` (`id_jenis_usaha`) ON DELETE CASCADE ON UPDATE CASCADE,
  CONSTRAINT `tbl_usaha_ibfk_2` FOREIGN KEY (`id_user`) REFERENCES `tbl_user` (`id_user`) ON DELETE CASCADE ON UPDATE CASCADE,
  CONSTRAINT `tbl_usaha_ibfk_3` FOREIGN KEY (`kode_desa`) REFERENCES `tbl_desa` (`kode_desa`) ON DELETE CASCADE ON UPDATE CASCADE
) ENGINE=InnoDB DEFAULT CHARSET=latin1;

INSERT INTO `tbl_usaha` (`id_usaha`, `id_user`, `id_jenis_usaha`, `nama_usaha`, `kode_desa`, `alamat`) VALUES
(1569,	1979,	71,	'PT. Marintan mandiri',	'3308202004',	'Krajan Dua, Ngabean, Kec. Secang, Magelang, Jawa Tengah 56195'),
(1570,	1992,	71,	'PT. Barokah Cahaya Sejahtera ',	'3308132001',	'Jl. Mayor Kusen, Kaliangkrik, Kab. Magelang\r\n'),
(1571,	1991,	71,	'UD. Damai Tiga Putra',	'3308022019',	'Jl. Borobudur Raya, Wringin Putih, Borobudur, Kab. Magelang\r\n'),
(1572,	1990,	71,	'PT. Anugrah Agawe Mulyo ',	'3308091003',	'Jl. Bojong, Mendut, Mungkid, Kab. Magelang\r\n'),
(1573,	1989,	71,	'UD. Aneka Sumber Karya ',	'3308042002',	'Jl. Raya Magelang Jogja km 24, Kec. Salam, Kab. Magelang\r\n'),
(1574,	1988,	71,	'PT. Bumi Gatra Sejati ',	'3308042002',	'Jl. Magelang - Jogja, km 23, Baledono, Kec. Salam, Kab. Magelang \r\n'),
(1575,	2013,	46,	'PT. PAPERTECH INDONESIA',	'3308092010',	'Jl. Sanggrahan Gatek No. 23, Blabak, Mungkid, Magelang\r\n\r\n'),
(1576,	2012,	46,	'CV. SINAR JOYOBOYO PLASTIK',	'3308112001',	'Dusun Gemesan, Desa Giri Rejo, Kec. Tempuran, Kab. Magelang\r\n'),
(1577,	2008,	46,	'PT. SIDOAGUNG FARM',	'3308112003',	'Jl. Magelang  Purworejo km 10.5, Desa Sidoagung, Kecamatan Tempuran, Kabupaten Magelang \r\n'),
(1578,	2011,	46,	'PT. PANCA PERSADA MULIA (PANDATEX)',	'3308112007',	'Jl. Raya Magelang-Purworejo km. 10 Tempuran, Kab. Magelang\r\n\r\n'),
(1579,	2010,	46,	'PT. ANEKA DHARMA PERSADA',	'3308072002',	'Grojogan, Desa Kapuhan, Kec. Sawangan, Kab. Magelang\r\n'),
(1580,	1987,	71,	'PT. Candi Mas Abadi ',	'3308081014',	'Jl. Pemuda, Muntilan, Kab. Magelang\r\n'),
(1581,	2009,	46,	'RESEP LIMA TUJUH',	'3308102013',	'Jl. Damar No. 6  Pondok Mertoyudan Sejahtera, Desa Mertoyudan, Kec. Mertoyudan, Kab. Magelang\r\n'),
(1582,	2007,	76,	'GIANT SUPERMARKET MAGELANG',	'3308102013',	'Jl. Gatot Subroto No. 1, Mertoyudan, Kabupaten Magelang\r\n'),
(1583,	1986,	71,	'PT. Sudewo Sudewi Energi Sejahtera',	'3308081014',	'Jl. Taman Agung,  Muntilan, Kab. Magelang\r\n'),
(1584,	2006,	46,	'CV. SUMBER WIJAYA SAKTI',	'3308032004',	'Trasakan, Diwak, RT 02/03, Jamuskauman, Ngluwar, Kab. Magelang\r\n'),
(1585,	2005,	46,	'PT. SURYA BETON PRECAST',	'3308042002',	'Jl. Pendem, Seloboro, Kec. Salam, Kabupaten Magelang\r\n'),
(1586,	2004,	76,	'PT. TRANS RETAIL INDONESIA',	'3308102013',	'Jl. Mayjend Bambang Sugeng No. 1, Mertoyudan, Kabupaten Magelang\r\n'),
(1587,	1985,	71,	'CV. Padi Makmur',	'3308042002',	'Jl. Raya Magelang  - Jogja km 23, Gremeng, Salam, Kab. Magelang\r\n'),
(1588,	2003,	46,	'CV. JATI KENCANA BETON',	'3308042002',	'Dusun Pendem, Jumoyo Kidul, Kec. Salam, Kab. Magelang\r\n'),
(1589,	2014,	46,	'PT TIRTA BUMI MANDALA SAKTI',	'3308192001',	'Dusun Tumbu RT 01 RW 01 Desa Purwodadi, Tegalrejo, Magelang\r\n'),
(1590,	2002,	77,	'TOKO MAS HARMONI',	'3308082013',	'Jl. Pemuda No.68 Tegal Slerem, Sedayu Kec. Muntilan, Magelang\r\n'),
(1591,	1995,	46,	'PT PETROGAS PRIMA SERVICES',	'3308092010',	'Jl. Jogja Magelang Km. 12 Magelang\r\n'),
(1592,	2001,	77,	'TOKO EMAS BARES',	'3308082013',	'Jl. Pemuda No.64 Tegal Slerem, Sedayu Kec. Muntilan, Magelang\r\n'),
(1593,	2000,	46,	'CV. MAVIN RAYA',	'3308042006',	'Jumoyo, Salam, Kabupaten Magelang.\r\n'),
(1594,	1999,	46,	'PT. SURYA MANDIRI JAYA SAKTI',	'3308202013',	'Jl. Magelang - Secang, Sempu Ngadirejo, Secang, Kab. Magelang\r\n'),
(1595,	1998,	46,	'PATRA PRAWIRA',	'3308042002',	'Salam, Kab. Magelang \r\n'),
(1596,	1984,	71,	'PT. Sido Dadi Prima',	'3308012020',	'Dusun Demangan Barat RT 03/02, Kaliabu, Salaman, Kab. Magelang\r\n'),
(1597,	1997,	46,	'PT. ARMADA HADA GRAHA',	'3308201001',	'Dusun Bugel, Desa Jambewangi, Secang, Kab. Magelang\r\n'),
(1598,	1983,	71,	'CV. Istirokhah ',	'3308192009',	'Jl. Magelang - Kopeng km 7, Tegalrejo, Kab. Magelang \r\n'),
(1599,	1996,	7,	'APOTIK WARINGIN',	'3308072002',	'Jln. Serma Darmin Krogowanan, Sawangan, Kab. Magelang\r\n'),
(1600,	1994,	46,	'PT. ORIENTAL SEED INDONESIA',	'3308092010',	'Kamal RT 02 RW 04, Pagersari, Mungkid, Kab. Magelang.\r\n'),
(1601,	1993,	46,	'PT. VARIA USAHA BETON',	'3308042006',	'Jl. Magelang - Yogyakarta No. 23 Jumoyo, Salam, Magelang.\r\n'),
(1602,	2015,	75,	'SPPBE PT. MNI INDONESIA',	'3308102013',	'Jl. Raya Magelang  Purworejo km 7, Mertoyudan, Kabupaten Magelang.\r\n'),
(1603,	1968,	71,	'PT. Argayasa Saranatama ',	'3308102013',	'Jl. Gatot Subroto km. 1, Pakelan, Mertoyudan, Kab. Magelang \r\n'),
(1604,	1969,	71,	'PT. Ayodya Utama ',	'3308092013',	'Jl. Raya Magelang  Jogja, Blondo, Mungkid, Kab. Magelang \r\n'),
(1605,	1970,	71,	'PT. Jambe Wangi Indah ',	'3308202010',	'Jl. Raya Sambung, Secang, Kab. Magelang\r\n'),
(1606,	1971,	71,	'PT. Armada Jaya Abadi ',	'3308102013',	'Jl. Mayjen Bambang Sugeng, Mertoyudan, Kab. Magelang\r\n'),
(1607,	1972,	71,	'CV. Tamara  ',	'3308012008',	'Jl. Magelang  Purworejo, Salaman, Kab. Magelang\r\n'),
(1608,	1973,	71,	'UD. Joko Budi Santoso',	'3308091004',	'Jl. Soekarno - Hatta, Kota Mungkid, Kab. Magelang\r\n'),
(1609,	1974,	71,	'CV. Grabag Indah',	'3308182001',	'Ds. Grabag, Kec. Grabag, Kab. Magelang\r\n'),
(1610,	1975,	71,	'PT. Tempuran Makmur Energi ',	'3308112004',	'Jl. Magelang - Purworejo  Km 9, Punduhsari, Tempuran, Kab. Magelang\r\n'),
(1611,	1976,	71,	'Jl. Raya Secang, Kab. Magelang',	'3308201001',	'Jl. Raya Secang, Kab. Magelang\r\n'),
(1612,	1977,	71,	'PT. CHRISWASTA JAPUNAN MAKMUR',	'3308101009',	'Jl. Raya Magelang - Jogja, km. 5,6 Sumber Rejo, Mertoyudan.\r\n'),
(1613,	1978,	71,	'PT. Sumber Hasil Gunung Mas ',	'3308092010',	'Jl. Magelang  Jogja, Blabak , Mungkid, Kab. Magelang \r\n'),
(1614,	1980,	71,	'PT. Candi Mas Abadi ',	'3308102013',	'Jl. Magelang  Purworejo, Glagah, Mertoyudan, Kab. Magelang\r\n'),
(1615,	1981,	71,	'PT. Barokah Jaya Sejahtera',	'3308142001',	'Jl. Krajan Rt 03/03 Bandongan , Kab. Magelang\r\n'),
(1616,	1982,	71,	'CV. Ponco Kusumo Bawono Tunggal',	'3308062004',	'Jl. Muntilan  Talun, Banyubiru, Dukun, Kab. Magelang\r\n'),
(1617,	2018,	78,	'PERDAGANGAN',	'3308032004',	'Jl. Kyai Raden Sahid XX Gesikan Ngluwar Magelang'),
(1618,	2019,	78,	'PERDAGANGAN',	'3308212001',	'Jl. Raya Windusari Payaman, Dsn. Gandon, Ds. Banjarsari, Kab. Magelang'),
(1619,	2020,	78,	'PERDAGANGAN',	'3308022008',	'Jl. Raya Candirejo, Sangen, Candirejo, Borobudur, Magelang'),
(1621,	2019,	78,	'PERDAGANGAN',	'3308122013',	'Jl. Raya Kaliangkrik Krasak KM 04, Kajoran , Magelang'),
(1622,	2021,	78,	'PERDAGANGAN',	'3308122028',	'Desa Gatukan, Kel. Sutopati, Kec. Kajoran, Magelang'),
(1623,	2022,	46,	'USMANTEX',	'3308112007',	'Jl. Magelang Purworejo km 10. Tempurejo Tempuran Magelang');

DROP TABLE IF EXISTS `tbl_user`;
CREATE TABLE `tbl_user` (
  `id_user` int(11) NOT NULL AUTO_INCREMENT,
  `nama_user` varchar(75) DEFAULT NULL,
  `jk_user` enum('Laki-Laki','Perempuan') DEFAULT NULL,
  `kode_desa` char(10) DEFAULT NULL,
  `alamat_user` text,
  `username` varchar(75) DEFAULT NULL,
  `password` varchar(75) DEFAULT NULL,
  `no_hp` varchar(13) DEFAULT NULL,
  `email` varchar(150) DEFAULT NULL,
  `id_role` int(2) DEFAULT NULL,
  PRIMARY KEY (`id_user`),
  KEY `tbl_user_ibfk_1` (`id_role`),
  CONSTRAINT `tbl_user_ibfk_1` FOREIGN KEY (`id_role`) REFERENCES `tbl_role` (`id_role`) ON DELETE CASCADE ON UPDATE CASCADE
) ENGINE=InnoDB DEFAULT CHARSET=latin1;

INSERT INTO `tbl_user` (`id_user`, `nama_user`, `jk_user`, `kode_desa`, `alamat_user`, `username`, `password`, `no_hp`, `email`, `id_role`) VALUES
(1,	'Rafho',	'Laki-Laki',	NULL,	'Bulan',	'rafhoerdeft',	'21232f297a57a5a743894a0e4a801fc3',	'081212121212',	NULL,	1),
(1894,	'Wendi Sutarman, S.T.',	'Laki-Laki',	NULL,	'Kab. Magelang',	'wendi',	'57a3a0c5796dd85a32fd9476b6f3362a',	'082117840121',	NULL,	1),
(1897,	'Drs BASIRUL HAKIM',	'Laki-Laki',	NULL,	'Mgl',	'kepala',	'0192023a7bbd73250516f069df18b500',	'9',	NULL,	1),
(1904,	'USWATUN WULANDARI, S.Psi., M.Pd.',	'Perempuan',	NULL,	'Mgl',	'uswatun',	'c31027280df9072038e1aa84318134ea',	'8',	NULL,	1),
(1905,	'Drs. ARDANI PRIHANTORO',	'Laki-Laki',	NULL,	'Mgl',	'ardhani',	'030e9faea56cbf5147ac0d4375a30b68',	'7',	NULL,	1),
(1906,	'VERONICA SULISTYOWATI, S.E.',	'Perempuan',	NULL,	'Mgl',	'veronica',	'faa82036538b8f367fcf7bfd4c63b789',	'6',	NULL,	1),
(1907,	'Dra. MEI TRIANA',	'Perempuan',	NULL,	'Mgl',	'mei',	'57e80e4a04d61577efc6bcdee853c2c1',	'5',	NULL,	1),
(1909,	'ADI ELI TELAUMBANUA, A.Md.',	'Laki-Laki',	NULL,	'',	'adi',	'c46335eb267e2e1cde5b017acb4cd799',	'4',	NULL,	1),
(1910,	'OVAN PRASETYA, A.Md.',	'Laki-Laki',	NULL,	'',	'ovan',	'63564c393215676f33b6426251803f8e',	'3',	NULL,	1),
(1911,	'Handung Prabowo, A.Md.',	'Laki-Laki',	NULL,	'',	'handung',	'44d9325c97b8411cbff5279501d0afde',	'2',	NULL,	1),
(1912,	'SRI WAHYUNI',	'Perempuan',	NULL,	'',	'sriwahyuni',	'6b70282373ccdf64ad073d2a37010cc8',	'1',	NULL,	1),
(1968,	'PT ARGAYASA SARANATAMA',	'Laki-Laki',	NULL,	'Jl. Gatot Subroto km. 1, Pakelan Mertoyudan Kab. Magelang',	'SPBU 44.561.01',	'202cb962ac59075b964b07152d234b70',	'0',	NULL,	2),
(1969,	'Pt. Ayodya Utama',	'Laki-Laki',	NULL,	'Jl. Raya Magelang Jogja, Blondo Mungkid, Magelang',	'SPBU 44.561.02',	'202cb962ac59075b964b07152d234b70',	'00',	NULL,	2),
(1970,	'PT Jambe Wangi Indah',	'Laki-Laki',	NULL,	'Jl. Raya Sambung Secang , KAb Magelang',	'SPBU 44.561.03',	'202cb962ac59075b964b07152d234b70',	'000',	NULL,	2),
(1971,	'PT Armada Jaya Abadi',	'Laki-Laki',	NULL,	'Jl. Mayjen Bambang Sugeng, Mertoyudan Magelang',	'SPBU 44.561.04',	'202cb962ac59075b964b07152d234b70',	'04',	NULL,	2),
(1972,	'CV Tamara',	'Laki-Laki',	NULL,	'Jl Magelang Purworejo, Salaman Kab Magelang',	'SPBU 44.561.07',	'202cb962ac59075b964b07152d234b70',	'05',	NULL,	2),
(1973,	'UD. Joko Budi Santoso',	'Perempuan',	NULL,	'Jl. Soekarno - Hatta, Kota Mungkid, Kab. Magelang\r\n',	'SPBU 44.561.20',	'202cb962ac59075b964b07152d234b70',	'06',	NULL,	2),
(1974,	'CV Grabag Indah',	'Laki-Laki',	NULL,	'Ds. Grabag Kec.Grabag Kab. Magelang',	'SPBU 44.561.10',	'202cb962ac59075b964b07152d234b70',	'07',	NULL,	2),
(1975,	'PT Tempuran Makmur Energi',	'Perempuan',	NULL,	'Jl. Magelang Purworejo km 9 Punduhsari, Tempuran Kab. Magelang',	'SPBU 44.561.11',	'202cb962ac59075b964b07152d234b70',	'08',	NULL,	2),
(1976,	'PT. Sono Perdana Utama',	'Laki-Laki',	NULL,	'Jl. Raya Secang Kab. Magelang\r\n',	'SPBU 44.561.12',	'202cb962ac59075b964b07152d234b70',	'09',	NULL,	2),
(1977,	'PT Chriswasta Japunan Makmur',	'Laki-Laki',	NULL,	'Jl Raya Magelang Jogja km 5,6 Japunan Kab. Magelang',	'SPBU 44.561.13',	'202cb962ac59075b964b07152d234b70',	'10',	NULL,	2),
(1978,	'PT Sumber Hasil Gunung Mas',	'Perempuan',	NULL,	'Jl. Magelang Jogja Blabak, Mungkid Kab. MAgelang',	'SPBU 44.561.14 ',	'202cb962ac59075b964b07152d234b70',	'11',	NULL,	2),
(1979,	'PT Marintan Mandiri',	'Laki-Laki',	NULL,	'Jl raya Secang temanggung km 1 Ngabean Secang Magelang',	'SPBU 44.561.16',	'202cb962ac59075b964b07152d234b70',	'12',	NULL,	2),
(1980,	'PT Candi Mas Abadi',	'Perempuan',	NULL,	'Jl Magelang Purworejo Glagah Mertoyudan Kab Magelang',	'SPBU 44.561.17',	'202cb962ac59075b964b07152d234b70',	'13',	NULL,	2),
(1981,	'PT Barokah Jaya Sejahtera',	'Perempuan',	NULL,	'Jl. Krajan rt 03/03 Bandongan kab Magelang\r\n',	'SPBU 44.561.18',	'202cb962ac59075b964b07152d234b70',	'14',	NULL,	2),
(1982,	'CV Ponco Kusumo Bawono Tunggal',	'Perempuan',	NULL,	'Jl. Muntilan Talun Banyubiru Dukun Kab Magelang',	'SPBU 44.561.19',	'202cb962ac59075b964b07152d234b70',	'15',	NULL,	2),
(1983,	'CV. Istirokhah ',	'Perempuan',	NULL,	'Jl. Magelang - Kopeng km 7, Tegalrejo, Kab. Magelang \r\n',	'SPBU 44.561.09',	'202cb962ac59075b964b07152d234b70',	'16',	NULL,	2),
(1984,	'PT Sido dadi Prima',	'Laki-Laki',	NULL,	'Dusun Demangan Barat RT 03 /02 Kaliabu Salaman Kab Magelang',	'SPBU 44.561.22',	'202cb962ac59075b964b07152d234b70',	'17',	NULL,	2),
(1985,	'Cv Padi makmur',	'Perempuan',	NULL,	'Jl Raya Magelang Jogja km 23 Gremeng Salam Kab Magelang',	'SPBU 44.564.01',	'202cb962ac59075b964b07152d234b70',	'18',	NULL,	2),
(1986,	'Pt Sudewo Sudewi energi Sejahtera',	'Perempuan',	NULL,	'Jl. taman Agung Muntilan Kab MAgelang',	'SPBU 44.564.02',	'202cb962ac59075b964b07152d234b70',	'19',	NULL,	2),
(1987,	'PT Candi Mas Abadi',	'Perempuan',	NULL,	'Jl. Pemuda Muntilan, Kab Magelang\r\n',	'SPBU 44.564.03',	'202cb962ac59075b964b07152d234b70',	'20',	NULL,	2),
(1988,	'PT Bumi Gatra Sejati',	'Laki-Laki',	NULL,	'Jl Magelang Jogja km23 BAledono Kec Salam Kab Magelang',	'SPBU 44.564.04',	'202cb962ac59075b964b07152d234b70',	'21',	NULL,	2),
(1989,	'UD Aneka Sumber Karya',	'Perempuan',	NULL,	'Jl Raya magelang Jogja km 24 Kec SalamKab Magelang',	'SPBU 44.564.05',	'202cb962ac59075b964b07152d234b70',	'22',	NULL,	2),
(1990,	'PT Anugrah Agawe Mulyo',	'Perempuan',	NULL,	'Jl. Bojong Mendut Mungkid Kab Magelang',	'SPBU 44.565.01',	'202cb962ac59075b964b07152d234b70',	'23',	NULL,	2),
(1991,	'UD damai tiga Putra',	'Perempuan',	NULL,	'Jl. borobudur RAya , wringin Putih Borobudur, Kab Magelang',	'SPBU 44.565.02',	'202cb962ac59075b964b07152d234b70',	'24',	NULL,	2),
(1992,	'PT Barokah Cahaya Sejahtera',	'Perempuan',	NULL,	'Jl. Mayor Kusen Kaliangkrik Kab MAgelang',	'SPBU 44.565.04',	'01cfcd4f6b8770febfb40cb906715822',	'00000000',	NULL,	2),
(1993,	'PT. VARIA USAHA BETON',	'Laki-Laki',	NULL,	'Jl. Magelang - Yogyakarta No. 23 Jumoyo, Salam, Magelang.',	'PT. VARIA USAHA BETON',	'307cb6930eb6b77db6f1c699a8fc84ad',	'26',	NULL,	2),
(1994,	'PT. ORIENTAL SEED INDONESIA',	'Laki-Laki',	NULL,	'Kamal RT 02 RW 04, Pagersari, Mungkid, Kab. Magelang.\r\n',	'PT. ORIENTAL SEED INDONESIA',	'6090293f9e37f5a9183d1cce6bd8f7a8',	'27',	NULL,	2),
(1995,	'PT. PETROGAS PRIMA SERVICES ',	'Laki-Laki',	NULL,	'Jln. Jogja - Magelang KM 12, Kab. Magelang\r\n',	'PT. PETROGAS PRIMA SERVICES ',	'cf5d121e7837f5504e0bd0ec960a6a2e',	'28',	NULL,	2),
(1996,	'APOTIK WARINGIN',	'Laki-Laki',	NULL,	'Jln. Serma Darmin Krogowanan, Sawangan, Kab. Magelang\r\n',	'APOTIK WARINGIN',	'619b389a4c735041845da096909f00f3',	'29',	NULL,	2),
(1997,	'PT. ARMADA HADA GRAHA',	'Perempuan',	NULL,	'Dusun Bugel, Desa Jambewangi, Secang, Kab. Magelang\r\n',	'PT. ARMADA HADA GRAHA',	'eac4b72d4185ac1043951b01f747f059',	'30',	NULL,	2),
(1998,	'PATRA PRAWIRA',	'Perempuan',	NULL,	'Salam, Kab. Magelang \r\n',	'PATRA PRAWIRA',	'd94a54dd4ac725a777f990577142b6b8',	'31',	NULL,	2),
(1999,	'PT. SURYA MANDIRI JAYA SAKTI',	'Laki-Laki',	NULL,	'Jl. Magelang - Secang, Sempu Ngadirejo, Secang, Kab. Magelang\r\n',	'PT. SURYA MANDIRI JAYA SAKTI',	'4b5edf980cac2b68a38e77c8fc4fa52f',	'32',	NULL,	2),
(2000,	'CV. MAVIN RAYA',	'Laki-Laki',	NULL,	'Jumoyo, Salam, Kabupaten Magelang.\r\n',	'CV. MAVIN RAYA',	'3826c3edb7e3af6121cc7058faa4c6b7',	'33',	NULL,	2),
(2001,	'TOKO EMAS BARES',	'Laki-Laki',	NULL,	'Jl. Pemuda No.64 Tegal Slerem, Sedayu Kec. Muntilan, Magelang\r\n',	'TOKO EMAS BARES',	'65d3278862469ac4ae0634c081cf3890',	'34',	NULL,	2),
(2002,	'TOKO MAS HARMONI',	'Laki-Laki',	NULL,	'Jl. Pemuda No.68 Tegal Slerem, Sedayu Kec. Muntilan, Magelang\r\n',	'TOKO MAS HARMONI',	'bd487dc73b57acb0b6b76916a36f4699',	'35',	NULL,	2),
(2003,	'CV. JATI KENCANA BETON',	'Laki-Laki',	NULL,	'Dusun Pendem, Jumoyo Kidul, Kec. Salam, Kab. Magelang\r\n',	'CV. JATI KENCANA BETON',	'1c15b7aa72f16f923c5d785a368a231d',	'37',	NULL,	2),
(2004,	'PT. TRANS RETAIL INDONESIA',	'Laki-Laki',	NULL,	'Jl. Mayjend Bambang Sugeng No. 1, Mertoyudan, Kabupaten Magelang\r\n',	'PT. TRANS RETAIL INDONESIA',	'56fb3a8fc41d9fdb006af1bcaf54f436',	'38',	NULL,	2),
(2005,	'PT. SURYA BETON PRECAST',	'Perempuan',	NULL,	'Jl. Pendem, Seloboro, Kec. Salam, Kabupaten Magelang\r\n',	'PT. SURYA BETON PRECAST',	'4c8b031a6d553927e540e71b03608a72',	'39',	NULL,	2),
(2006,	'CV. SUMBER WIJAYA SAKTI',	'Perempuan',	NULL,	'Trasakan, Diwak, RT 02/03, Jamuskauman, Ngluwar, Kab. Magelang\r\n',	'CV. SUMBER WIJAYA SAKTI',	'c66d97b518210e2473d3171dda0a6f87',	'40',	NULL,	2),
(2007,	'GIANT SUPERMARKET MAGELANG',	'Perempuan',	NULL,	'Jl. Gatot Subroto No. 1, Mertoyudan, Kabupaten Magelang\r\n',	'GIANT SUPERMARKET MAGELANG',	'27f320bbe67ac09dc1e3151335f29a71',	'41',	NULL,	2),
(2008,	'PT. SIDOAGUNG FARM',	'Laki-Laki',	NULL,	'Jl. Magelang  Purworejo km 10,5, Desa Sidoagung, Kecamatan Tempuran, Kab. Magelang\r\n',	'PT. SIDOAGUNG FARM',	'b736dad071c892d51e1e54ed3d670503',	'42',	NULL,	2),
(2009,	'RESEP LIMA TUJUH',	'Perempuan',	NULL,	'Jl. Damar No. 6  Pondok Mertoyudan Sejahtera, Desa Mertoyudan, Kec. Mertoyudan, Kab. Magelang\r\n',	'RESEP LIMA TUJUH',	'6f163e7f833d8eedd9b99357b2df4a57',	'43',	NULL,	2),
(2010,	'PT. ANEKA DHARMA PERSADA',	'Laki-Laki',	NULL,	'Musuk, Desa Dukun, Kecamatan Dukun, Kabupaten Magelang\r\n',	'PT. ANEKA DHARMA PERSADA',	'f0db1cad34ac45a133e74d44d95952d7',	'44',	NULL,	2),
(2011,	'PT. PANCA PERSADA MULIA (PANDATEX)',	'Laki-Laki',	NULL,	'Jl. Raya Magelang-Purworejo km. 10 Tempuran, Kab. Magelang\r\n',	'PT. PANCA PERSADA MULIA (PANDATEX)',	'64d9aea1e0a18e3874d482aef63701da',	'45',	NULL,	2),
(2012,	'CV. SINAR JOYOBOYO PLASTIK',	'Laki-Laki',	NULL,	'Dusun Gemesan, Desa Giri Rejo, Kec. Tempuran, Kab. Magelang\r\n',	'CV. SINAR JOYOBOYO PLASTIK',	'daf8eb6d6e259d81bc2fff0b5461b6df',	'46',	NULL,	2),
(2013,	'PT. PAPERTECH INDONESIA',	'Laki-Laki',	NULL,	'Jl. Sanggrahan Gatek No. 23, Blabak, Mungkid, Magelang\r\n',	'PT. PAPERTECH INDONESIA',	'84d884e852a5cfa61659016da72382e6',	'47',	NULL,	2),
(2014,	'PT TIRTA BUMI MANDALA SAKTI',	'Laki-Laki',	NULL,	'Dusun Tumbu RT 01 RW 01 Desa Purwodadi, Tegalrejo, Magelang\r\n',	'PT TIRTA BUMI MANDALA SAKTI',	'c7c1c5ec7b63cd2c9ecb4ca958b35982',	'49',	NULL,	2),
(2015,	'SPPBE PT. MNI INDONESIA',	'Laki-Laki',	NULL,	'Jl. Raya Magelang  Purworejo km 7, Mertoyudan, Kabupaten Magelang.\r\n',	'SPPBE PT. MNI INDONESIA',	'5d3919e5177917c927045d67995f3145',	'50',	NULL,	2),
(2018,	'PT. DIPA JATI PRATAMA',	'Laki-Laki',	NULL,	'Jl. Kyai Raden Sahid XX Gesikan Ngluwar Magelang',	'PT. DIPA JATI PRATAMA',	'1f271809b2d0bff56a1feeaa7009b03b',	'08112575298',	NULL,	2),
(2019,	'PT. Sumbing Indah Sejahtera',	'Laki-Laki',	NULL,	'Jl. Raya Windusari Payaman, Dsn. Gandon, Ds. Banjarsari, Kab. Magelang',	'PT. Sumbing Indah Sejahtera',	'946c76033f595eab3389f257f4adaf8c',	'085726579505',	NULL,	2),
(2020,	'CV. Borobudur Press',	'Laki-Laki',	NULL,	'Jl. Raya Candirejo, Sangen, Candirejo, Borobudur, Magelang',	'CV. Borobudur Press',	'7224dcad393f6bdb9ec5e2ed9003b836',	'085640238641',	NULL,	2),
(2021,	'PT. Kedu Usaha Berkah Abadi',	'Laki-Laki',	NULL,	'Desa Gatukan, Kel. Sutopati, Kec. Kajoran, Magelang',	'PT. Kedu Usaha Berkah Abadi',	'e2f6dffff19c1881ae97eb63dfbf231d',	'08122759833',	NULL,	2),
(2022,	'USMAN JAYA MEKAR TEXTILE INDUSTRI',	'Laki-Laki',	NULL,	'Jl. Raya MAgelang Purworejo km 10, Tempurejo, Tempuran Magelang',	'usmantex',	'202cb962ac59075b964b07152d234b70',	'123456',	NULL,	2);

DROP TABLE IF EXISTS `tbl_user_pasar`;
CREATE TABLE `tbl_user_pasar` (
  `id_user_pasar` int(11) NOT NULL AUTO_INCREMENT,
  `id_pasar` tinyint(3) DEFAULT NULL,
  `nama_user` varchar(150) DEFAULT NULL,
  `alamat_user` text,
  PRIMARY KEY (`id_user_pasar`)
) ENGINE=InnoDB DEFAULT CHARSET=latin1;

INSERT INTO `tbl_user_pasar` (`id_user_pasar`, `id_pasar`, `nama_user`, `alamat_user`) VALUES
(1,	1,	'Sutejo',	'Budur Oyee'),
(5,	1,	'e',	'tt'),
(6,	1,	'fdg',	'df'),
(7,	1,	'Tejo',	'Blondo'),
(8,	1,	'Tejo',	'Blondo'),
(9,	1,	'Rudi',	'Dunya'),
(10,	2,	'Sarjo',	'Mungkid'),
(11,	2,	'ww',	'ffff'),
(12,	2,	'asd',	'asd'),
(13,	2,	'suminten',	'mgl coret'),
(14,	5,	'wina',	'windusari'),
(15,	6,	'Suminten',	'Windusari'),
(16,	5,	'mirna',	'windusari'),
(17,	6,	'joko',	'windusari'),
(18,	5,	'SURYA',	'windusari'),
(19,	5,	'indah',	'egenito'),
(20,	13,	'Gunawan',	'Pasar Kajoran'),
(21,	13,	'Wasinatun',	'Pasar Kajoran'),
(22,	13,	'Sulimah',	'Pasar Kajoran'),
(23,	13,	'Yanti',	'Pasar Kajoran'),
(24,	13,	'Aryati',	'Pasar Kajoran'),
(25,	13,	'Rupingah',	'Pasar Kajoran'),
(26,	13,	'H. Giyarti',	'Pasar Kajoran'),
(27,	13,	'Sukarni',	'Pasar Kajoran'),
(28,	13,	'Puji',	'Pasar Kajoran'),
(29,	13,	'Erni',	'Pasar Kajoran'),
(30,	13,	'Marmiyati',	'Pasar Kajoran'),
(31,	13,	'Narti',	'Pasar Kajoran'),
(32,	13,	'Puji',	'Pasar Kajoran'),
(33,	13,	'Munjiatun',	'Pasar Kajoran'),
(34,	13,	'Tami',	'Pasar Kajoran'),
(35,	13,	'Erni',	'Pasar Kajoran'),
(36,	13,	'Lis',	'Pasar Kajoran'),
(37,	13,	'Muji',	'Pasar Kajoran'),
(38,	13,	'Fadil',	'Pasar Kajoran'),
(39,	13,	'Yati',	'Pasar Kajoran'),
(40,	13,	'Mariyani',	'Pasar Kajoran'),
(41,	13,	'Darifah',	'Pasar Kajoran'),
(42,	13,	'Kusmiyati',	'Pasar Kajoran'),
(43,	13,	'Tri',	'Pasar Kajoran'),
(44,	13,	'Toko Besi',	'Pasar Kajoran'),
(45,	13,	'Sri',	'Pasar Kajoran'),
(46,	13,	'Nana',	'Pasar Kajoran'),
(47,	13,	'Toko Nana',	'Pasar Kajoran'),
(48,	13,	'Toko Nana',	'Pasar Kajoran'),
(49,	13,	'Leli',	'Pasar Kajoran'),
(50,	14,	'Min',	'Pasar Desa Sidowangi'),
(51,	14,	'Jah',	'Pasar Desa Sidowangi'),
(52,	14,	'Fatiyah',	'Pasar Desa Sidowangi'),
(53,	14,	'Marjono',	'Pasar Desa Sidowangi'),
(54,	14,	'Romini',	'Pasar Desa Sidowangi'),
(55,	14,	'Paniti',	'Pasar Desa Sidowangi'),
(56,	14,	'Toniyah',	'Pasar Desa Sidowangi'),
(57,	14,	'Fatimah',	'Pasar Desa Sidowangi'),
(58,	14,	'Prihati',	'Pasar Desa Sidowangi'),
(59,	14,	'Salimah',	'Pasar Desa Sidowangi'),
(60,	14,	'Umi',	'Pasar Desa Sidowangi'),
(61,	14,	'Susi Rahayu',	'Pasar Desa Sidowangi'),
(62,	14,	'Sulimah',	'Pasar Desa Sidowangi'),
(63,	14,	'Siti',	'Pasar Desa Sidowangi'),
(64,	14,	'Subiyah',	'Pasar Desa Sidowangi'),
(65,	14,	'Tuti',	'Pasar Desa Sidowangi'),
(66,	14,	'Eni',	'Pasar Desa Sidowangi'),
(67,	14,	'Darojah',	'Pasar Desa Sidowangi'),
(68,	14,	'Tunji',	'Pasar Desa Sidowangi'),
(69,	14,	'Munir',	'Pasar Desa Sidowangi'),
(70,	14,	'Sri',	'Pasar Desa Sidowangi'),
(71,	14,	'Hari',	'Pasar Desa Sidowangi'),
(72,	14,	'As',	'Pasar Desa Sidowangi'),
(73,	14,	'Anis',	'Pasar Desa Sidowangi'),
(74,	16,	'Rasmiyati',	'Pasar Desa Mbulu Podosoko'),
(75,	16,	'Painem',	'Pasar Desa Mbulu Podosoko'),
(76,	16,	'Rondiyah',	'Pasar Desa Mbulu Podosoko'),
(77,	16,	'Ngatemi',	'Pasar Desa Mbulu Podosoko'),
(78,	16,	'Mugi',	'Pasar Desa Mbulu Podosoko'),
(79,	16,	'Temu',	'Pasar Desa Mbulu Podosoko'),
(80,	16,	'Sumarminah',	'Pasar Desa Mbulu Podosoko'),
(81,	16,	'Narmi',	'Pasar Desa Mbulu Podosoko'),
(82,	16,	'Mujirah',	'Pasar Desa Mbulu Podosoko'),
(83,	16,	'Jumini',	'Pasar Desa Mbulu Podosoko'),
(84,	16,	'Remi',	'Pasar Desa Mbulu Podosoko'),
(85,	16,	'Sri Lestari',	'Pasar Desa Mbulu Podosoko'),
(86,	16,	'Windarti',	'Pasar Desa Mbulu Podosoko'),
(87,	16,	'Tri Kandar',	'Pasar Desa Mbulu Podosoko'),
(88,	16,	'Priyata',	'Pasar Desa Mbulu Podosoko'),
(89,	16,	'Slamet',	'Pasar Desa Mbulu Podosoko'),
(90,	16,	'Marsin',	'Pasar Desa Mbulu Podosoko'),
(91,	16,	'Sarini',	'Pasar Desa Mbulu Podosoko'),
(92,	16,	'Tanti',	'Pasar Desa Mbulu Podosoko'),
(93,	16,	'Poniyem',	'Pasar Desa Mbulu Podosoko'),
(94,	16,	'Pujiyanti',	'Pasar Desa Mbulu Podosoko'),
(95,	16,	'Mardiyah',	'Pasar Desa Mbulu Podosoko'),
(96,	16,	'Sri Wulan',	'Pasar Desa Mbulu Podosoko'),
(97,	16,	'Anik',	'Pasar Desa Mbulu Podosoko'),
(98,	16,	'Isa',	'Pasar Desa Mbulu Podosoko'),
(99,	16,	'Sutini',	'Pasar Desa Mbulu Podosoko'),
(100,	16,	'Murni',	'Pasar Desa Mbulu Podosoko'),
(101,	16,	'Juwari',	'Pasar Desa Mbulu Podosoko'),
(102,	16,	'juwarni',	'Pasar Desa Mbulu Podosoko'),
(103,	16,	'rini Kotimah',	'Pasar Desa Mbulu Podosoko'),
(104,	16,	'reni',	'Pasar Desa Mbulu Podosoko'),
(105,	16,	'Ngatmi',	'Pasar Desa Mbulu Podosoko'),
(106,	16,	'Juminem',	'Pasar Desa Mbulu Podosoko'),
(107,	16,	'Sri Newlastri',	'Pasar Desa Mbulu Podosoko'),
(108,	16,	'Sri newlastri',	'Pasar Desa Mbulu Podosoko'),
(109,	16,	'Marsini',	'Pasar Desa Mbulu Podosoko'),
(110,	16,	'juwari',	'Pasar Desa Mbulu Podosoko'),
(111,	16,	'Mudiono',	'Pasar Desa Mbulu Podosoko'),
(112,	16,	'Yani',	'Pasar Desa Mbulu Podosoko'),
(113,	16,	'paidi',	'Pasar Desa Mbulu Podosoko'),
(114,	13,	'Wasinatun',	'Pasar Kajoran'),
(115,	13,	'Toko Besi',	'Pasar Kajoran'),
(116,	16,	'Maryati',	'Pasar Desa Mbulu Podosoko'),
(117,	16,	'Lestrai',	'Pasar Desa Mbulu Podosoko'),
(118,	16,	'Umu Khasanah',	'Pasar Desa Mbulu Podosoko'),
(119,	16,	'CV. Delta',	'Pasar Desa Mbulu Podosoko'),
(120,	16,	'Toko Besi Sendang Patuk',	'Pasar Desa Mbulu Podosoko'),
(121,	16,	'Toko Besi Sendang Patuk',	'Pasar Desa Mbulu Podosoko'),
(122,	16,	'Nur Kasim Piyungan',	'Pasar Desa Mbulu Podosoko'),
(123,	16,	'Slamet',	'Pasar Desa Mbulu Podosoko'),
(124,	16,	'Dani',	'Pasar Desa Mbulu Podosoko'),
(125,	16,	'Dani',	'Pasar Desa Mbulu Podosoko'),
(126,	16,	'Dani',	'Pasar Desa Mbulu Podosoko'),
(127,	16,	'Sukarni',	'Pasar Desa Mbulu Podosoko'),
(128,	16,	'Sugiyati',	'Pasar Desa Mbulu Podosoko'),
(129,	16,	'Umar Sidiq',	'Pasar Desa Mbulu Podosoko'),
(130,	16,	'Sri Wulan',	'Pasar Desa Mbulu Podosoko'),
(131,	16,	'Paidi',	'Pasar Desa Mbulu Podosoko'),
(132,	16,	'Juwari',	'Pasar Desa Mbulu Podosoko'),
(133,	15,	'Roso',	'Pasar Sawangan'),
(134,	15,	'Dito',	'Pasar Sawangan'),
(135,	15,	'Arifin',	'Pasar Sawangan'),
(136,	15,	'Slamet',	'Pasar Sawangan'),
(137,	15,	'Slamet',	'Pasar Sawangan'),
(138,	15,	'Budiono',	'Pasar Sawangan'),
(139,	15,	'Widiantono',	'Pasar Sawangan'),
(140,	15,	'Toko Besi Jaya',	'Pasar Sawangan'),
(141,	15,	'Haryati',	'Pasar Sawangan'),
(142,	15,	'Pur',	'Pasar Sawangan'),
(143,	15,	'Mari',	'Pasar Sawangan'),
(144,	15,	'Karsini',	'Pasar Sawangan'),
(145,	15,	'Sar',	'Pasar Sawangan'),
(146,	15,	'Sudari',	'Pasar Sawangan'),
(147,	15,	'Wahni',	'Pasar Sawangan'),
(148,	15,	'Ani',	'Pasar Sawangan'),
(149,	15,	'Juni',	'Pasar Sawangan'),
(150,	15,	'Mur',	'Pasar Sawangan'),
(151,	15,	'Rohanah',	'Pasar Sawangan'),
(152,	15,	'Eni',	'Pasar Sawangan'),
(153,	15,	'Wahmi',	'Pasar Sawangan'),
(154,	15,	'Anadia',	'Pasar Sawangan'),
(155,	15,	'Tri',	'Pasar Sawangan'),
(156,	15,	'Slamet',	'Pasar Sawangan'),
(157,	15,	'Susi',	'Pasar Sawangan'),
(158,	15,	'Eni',	'Pasar Sawangan'),
(159,	15,	'Susi',	'Pasar Sawangan'),
(160,	13,	'Wasinatun',	'Pasar Kajoran'),
(161,	16,	'Sugiyati',	'Pasar Desa Mbulu Podosoko'),
(162,	15,	'Sayur',	'Pasar Sawangan'),
(163,	15,	'Ayam',	'Pasar Sawangan'),
(164,	15,	'Rejo',	'Pasar Sawangan'),
(165,	15,	'Rosa Ayam',	'Pasar Sawangan'),
(166,	15,	'Rosa Ayam',	'Pasar Sawangan'),
(167,	15,	'Ika',	'Pasar Sawangan'),
(168,	15,	'Pamuji',	'Pasar Sawangan'),
(169,	15,	'Jualan Bumbu',	'Pasar Sawangan'),
(170,	15,	'Ayam',	'Pasar Sawangan'),
(171,	15,	'Lilin',	'Pasar Sawangan'),
(172,	15,	'Sujiati',	'Pasar Sawangan'),
(173,	15,	'Yanto',	'Pasar Sawangan'),
(174,	15,	'Yanto',	'Pasar Sawangan'),
(175,	15,	'Firmantono',	'Pasar Sawangan'),
(176,	15,	'Santi',	'Pasar Sawangan'),
(177,	15,	'Tari',	'Pasar Sawangan'),
(178,	15,	'Sastro',	'Pasar Sawangan'),
(179,	15,	'Wiwik',	'Pasar Sawangan'),
(180,	15,	'Baston',	'Pasar Sawangan'),
(181,	15,	'Gimin',	'Pasar Sawangan'),
(182,	15,	'Aris',	'Pasar Sawangan'),
(183,	15,	'Is Toko Besi',	'Pasar Sawangan'),
(184,	15,	'Restu Tani',	'Pasar Sawangan'),
(185,	15,	'Jami Neni',	'Pasar Sawangan'),
(186,	15,	'Kusdi',	'Pasar Sawangan'),
(187,	15,	'Mustofa',	'Pasar Sawangan'),
(188,	15,	'Safina',	'Pasar Sawangan'),
(189,	15,	'Yasinta',	'Pasar Sawangan'),
(190,	15,	'Sayur',	'Pasar Sawangan'),
(191,	15,	'ayam',	'Pasar Sawangan'),
(192,	15,	'rejo',	'Pasar Sawangan'),
(193,	15,	'Rosa ayam',	'Pasar Sawangan'),
(194,	15,	'Rosa ayam',	'Pasar Sawangan'),
(195,	15,	'ika',	'Pasar Sawangan'),
(196,	15,	'pamuji ',	'Pasar Sawangan'),
(197,	15,	'Jualan Bumbu',	'Pasar Sawangan'),
(198,	15,	'Ayam',	'Pasar Sawangan'),
(199,	15,	'Lilin',	'Pasar Sawangan'),
(200,	15,	'Sujiati',	'Pasar Sawangan'),
(201,	15,	'Yanto',	'Pasar Sawangan'),
(202,	15,	'Yanto',	'Pasar Sawangan'),
(203,	15,	'Firmanto',	'Pasar Sawangan'),
(204,	15,	'Firmanto',	'Pasar Sawangan'),
(205,	15,	'Santi',	'Pasar Sawangan'),
(206,	15,	'Tari',	'Pasar Sawangan'),
(207,	15,	'sastro',	'Pasar Sawangan'),
(208,	15,	'wiwik',	'Pasar Sawangan'),
(209,	15,	'Baston',	'Pasar Sawangan'),
(210,	15,	'Gimin',	'Pasar Sawangan'),
(211,	15,	'Aris',	'Pasar Sawangan'),
(212,	15,	'Is toko besi',	'Pasar Sawangan'),
(213,	15,	'Restu tani',	'Pasar Sawangan'),
(214,	15,	'Jaminem',	'Pasar Sawangan'),
(215,	15,	'Kusdi',	'Pasar Sawangan'),
(216,	15,	'Mustofa',	'Pasar Sawangan'),
(217,	15,	'Safina',	'Pasar Sawangan'),
(218,	15,	'yasinta',	'Pasar Sawangan'),
(219,	17,	'Tukarti',	'Pasar Danurejo'),
(220,	17,	'Wal',	'Pasar Danurejo'),
(221,	17,	'Mariyati',	'Pasar Danurejo'),
(222,	17,	'Narti',	'Pasar Danurejo'),
(223,	17,	'Tami',	'Pasar Danurejo'),
(224,	17,	'Sugiarti',	'Pasar Danurejo'),
(225,	17,	'bambang',	'Pasar Danurejo'),
(226,	17,	'Rudi',	'Pasar Danurejo'),
(227,	17,	'Toko besi Sahabat',	'Pasar Danurejo'),
(228,	17,	'Hadi',	'Pasar Danurejo'),
(229,	17,	'pri',	'Pasar Danurejo'),
(230,	17,	'Soleram',	'Pasar Danurejo'),
(231,	17,	'Saudah',	'Pasar Danurejo'),
(232,	17,	'Saudah',	'Pasar Danurejo'),
(233,	17,	'Beni',	'Pasar Danurejo'),
(234,	17,	'Sugiyarti',	'Pasar Danurejo'),
(235,	17,	'tri rahayu',	'Pasar Danurejo'),
(236,	17,	'Siti',	'Pasar Danurejo'),
(237,	17,	'Atik',	'Pasar Danurejo'),
(238,	17,	'Sugiyarti',	'Pasar Danurejo'),
(239,	17,	'Tri',	'Pasar Danurejo'),
(240,	17,	'jamhari',	'Pasar Danurejo'),
(241,	17,	'tutik',	'Pasar Danurejo'),
(242,	17,	'Watiyah',	'Pasar Danurejo'),
(243,	17,	'watiyah',	'Pasar Danurejo'),
(244,	17,	'dayat',	'Pasar Danurejo'),
(245,	17,	'Agus',	'Pasar Danurejo'),
(246,	17,	'Apotek Kurnia',	'Pasar Danurejo'),
(247,	17,	'Apotek Kurnia',	'PASAR DANUREJO'),
(248,	17,	'Mardiyanto',	'PASAR DANUREJO'),
(249,	17,	'Umay',	'PASAR DANUREJO'),
(250,	17,	'Endro',	'PASAR DANUREJO'),
(251,	17,	'Siti',	'PASAR DANUREJO'),
(252,	17,	'Rehan',	'PASAR DANUREJO'),
(253,	17,	'Asmi',	'PASAR DANUREJO'),
(254,	17,	'B AA 73',	'PASAR DANUREJO'),
(255,	17,	'AA 73',	'PASAR DANUREJO'),
(256,	17,	'Heri',	'PASAR DANUREJO'),
(257,	17,	'Marsa',	'PASAR DANUREJO'),
(258,	17,	'Bakul Iwak',	'PASAR DANUREJO'),
(259,	17,	'Bakul Sayur',	'PASAR DANUREJO'),
(260,	29,	'Sada',	'asdfasf'),
(261,	29,	'Sada',	'asdfasf');

DROP TABLE IF EXISTS `tbl_uttp`;
CREATE TABLE `tbl_uttp` (
  `id_uttp` int(11) NOT NULL AUTO_INCREMENT,
  `id_jenis_alat` int(11) DEFAULT NULL,
  `id_usaha` int(11) DEFAULT NULL,
  `id_tarif` int(11) DEFAULT NULL,
  `nomor_seri` varchar(40) NOT NULL DEFAULT '-',
  `jml_uttp` int(5) DEFAULT NULL,
  `merk` varchar(100) DEFAULT NULL,
  `buatan` varchar(50) NOT NULL DEFAULT '-',
  `model_tipe` varchar(50) NOT NULL DEFAULT '-',
  `kapasitas` varchar(75) DEFAULT NULL,
  `tahun_pembelian` char(4) DEFAULT NULL,
  `tgl_tera_ulang` date DEFAULT NULL,
  `tgl_tera_terakhir` date DEFAULT NULL,
  `keterangan_alat` varchar(100) DEFAULT NULL,
  PRIMARY KEY (`id_uttp`),
  KEY `tbl_uttp_ibfk_1` (`id_jenis_alat`),
  KEY `tbl_uttp_ibfk_2` (`id_usaha`),
  KEY `tbl_uttp_ibfk_3` (`id_tarif`),
  CONSTRAINT `tbl_uttp_ibfk_1` FOREIGN KEY (`id_jenis_alat`) REFERENCES `tbl_jenis_alat_ukur` (`id_jenis_alat`) ON DELETE CASCADE ON UPDATE CASCADE,
  CONSTRAINT `tbl_uttp_ibfk_2` FOREIGN KEY (`id_usaha`) REFERENCES `tbl_usaha` (`id_usaha`) ON DELETE CASCADE ON UPDATE CASCADE,
  CONSTRAINT `tbl_uttp_ibfk_3` FOREIGN KEY (`id_tarif`) REFERENCES `tbl_tarif` (`id_tarif`) ON DELETE CASCADE ON UPDATE CASCADE
) ENGINE=InnoDB DEFAULT CHARSET=latin1;

INSERT INTO `tbl_uttp` (`id_uttp`, `id_jenis_alat`, `id_usaha`, `id_tarif`, `nomor_seri`, `jml_uttp`, `merk`, `buatan`, `model_tipe`, `kapasitas`, `tahun_pembelian`, `tgl_tera_ulang`, `tgl_tera_terakhir`, `keterangan_alat`) VALUES
(3214,	26,	1569,	84,	'110399',	1,	'DB',	'Indonesia',	'Stainless Steel',	'20 L',	'2018',	'2021-03-27',	'2020-03-27',	NULL),
(3215,	14,	1570,	68,	'7D32A65009',	6,	'SANKI',	'Tiongkok',	'560F6344',	'50 L/Min',	'2020',	'2021-12-21',	'2020-02-18',	NULL),
(3216,	14,	1570,	52,	'200411176',	4,	'NEW CENTURY',	'Tiongkok',	'RXJ2222N',	'50 L/Min',	'2020',	'2021-12-21',	'2020-02-18',	NULL),
(3217,	14,	1571,	101,	'07391147',	2,	'GILBARCO',	'Amerika',	'JTA200GE',	'60 L/Min',	'2020',	'2022-02-04',	'2021-02-04',	NULL),
(3218,	14,	1571,	101,	'07391148',	2,	'GILBARCO',	'Amerika',	'JTA200GE',	'60 L/Min',	'2020',	'2022-02-04',	'2021-02-04',	NULL),
(3219,	14,	1571,	101,	'07391140',	2,	'GILBARCO',	'Amerika',	'JTA200GE',	'60 L/Min',	'2020',	'2022-02-04',	'2021-02-04',	NULL),
(3220,	14,	1571,	101,	'07112009',	2,	'GILBARCO',	'Amerika',	'B 31',	'60 L/Min',	'2020',	'2022-02-04',	'2021-02-04',	NULL),
(3222,	14,	1572,	101,	'AA 139293 2005-8',	2,	'TATSUNO',	'Jepang',	'GDA 220220 JMBDF 000000-E',	'60 L/Min',	'2020',	'2021-12-29',	'2020-02-13',	NULL),
(3223,	14,	1572,	101,	'AA 247685 2015-8',	4,	'TATSUNO',	'Jepang',	'SSB 2442',	'60 L/Min',	'2020',	'2021-12-29',	'2020-02-13',	NULL),
(3224,	14,	1572,	101,	'AA 133089 2004-11',	2,	'TATSUNO',	'Jepang',	'GDA 220220 JMBBT 000000-E',	'60 L/Min',	'2020',	'2021-12-29',	'2020-02-13',	NULL),
(3225,	14,	1572,	101,	'08281441',	2,	'Gilbarco',	'Amerika',	'JT 1200 GE',	'60 L/Min',	'2020',	'2021-12-29',	'2020-02-13',	NULL),
(3226,	26,	1571,	84,	'BA 006/13',	2,	'MDH',	'Indonesia',	'Stainless Steel',	'20 L / 1 mL ',	'2020',	'2022-02-05',	'2021-02-05',	NULL),
(3227,	17,	1571,	28,	'-',	2,	'MDH',	'Indonesia',	'-',	'375 cm',	'2020',	'2022-02-04',	'2021-02-04',	NULL),
(3228,	26,	1572,	NULL,	'-',	1,	'MDH',	'Indonesia',	'-',	'20 L / 1 mL ',	'2020',	NULL,	NULL,	NULL),
(3229,	14,	1573,	101,	'AA148020 2006 - 3',	2,	'TATSUNO',	'Jepang',	'GSA 2221',	'60 L/Min',	'2020',	'2022-02-02',	'2021-02-02',	NULL),
(3230,	14,	1573,	101,	'AA150222 2006 - 6',	2,	'TATSUNO',	'Jepang',	'GSA 1221',	'60 L/Min',	'2020',	'2022-02-02',	'2021-02-02',	NULL),
(3231,	14,	1573,	101,	'AA149961 2006 - 5',	2,	'TATSUNO',	'Jepang',	'GSA 1221',	'60 L/Min',	'2020',	'2022-02-02',	'2021-02-02',	NULL),
(3232,	14,	1573,	101,	'AA149909 2006 - 5',	2,	'TATSUNO',	'Jepang',	'GSA 1221',	'60 L/Min',	'2020',	'2022-02-02',	'2021-02-02',	NULL),
(3233,	14,	1573,	101,	'LBPA029675',	3,	'GILBARCO',	'Amerika',	'B21',	'60 L/Min',	'2020',	'2022-02-02',	'2021-02-02',	NULL),
(3234,	14,	1573,	101,	'AA149962 2006 - 5',	2,	'TATSUNO',	'Jepang',	'GSA 1221',	'60 L/Min',	'2020',	'2022-02-02',	'2021-02-02',	NULL),
(3235,	17,	1573,	NULL,	'-',	1,	'-',	'Indonesia',	'-',	'400 cm',	'2020',	NULL,	NULL,	NULL),
(3236,	14,	1574,	101,	'AA 166166.2007-9',	2,	'TATSUNO',	'Jepang',	'P-GSB 2441',	'60 L/Min',	'2020',	'2022-01-27',	'2021-01-27',	NULL),
(3237,	14,	1574,	101,	'AA 166177.2007-9',	4,	'TATSUNO',	'Jepang',	'P-GSB 2441',	'60 L/Min',	'2020',	'2022-01-27',	'2021-01-27',	NULL),
(3238,	14,	1574,	101,	'AA 166239.2007-9',	2,	'TATSUNO',	'Jepang',	'P-GSB 2441',	'60 L/Min',	'2020',	'2022-01-27',	'2021-01-27',	NULL),
(3239,	14,	1574,	101,	'AA 166225.2007-9',	4,	'TATSUNO',	'TATSUNO',	'P-GSB 2441',	'60 L/Min',	'2020',	'2022-01-27',	'2021-01-27',	NULL),
(3240,	14,	1574,	101,	'AA 168322.2007-11',	2,	'TATSUNO',	'Jepang	P-GSB 2421',	'P-GSB 2421',	'60 L/Min',	'2020',	'2022-01-27',	'2021-01-27',	NULL),
(3241,	26,	1574,	84,	'020053',	1,	'Indonesia',	'Indonesia',	'Stainless Steel',	'20 L / 1 mL ',	'2020',	'2022-02-05',	'2021-02-05',	NULL),
(3242,	17,	1574,	28,	'-',	1,	'-',	'Indonesia',	'-',	'300 cm',	'2020',	'2022-01-27',	'2021-01-27',	NULL),
(3243,	3,	1575,	193,	'121750211',	1,	'AVERY WT',	'Inggris',	'E 1005',	'3.000 kg / 1 kg',	'2002',	'2021-10-27',	'2020-10-27',	NULL),
(3244,	23,	1575,	199,	'075050353',	1,	'AVERY WT',	'Inggris',	'E 1205',	'60.000 kg / 10 kg',	'2002',	'2021-10-27',	'2020-10-27',	NULL),
(3245,	23,	1576,	199,	'-',	1,	'SONIC',	'TIONGKOK',	'A12E',	'50.000 kg / 10 kg',	'2002',	'2021-10-22',	'2020-10-22',	NULL),
(3246,	3,	1577,	190,	'B51806619',	1,	'METTLER TOLEDO',	'Swiss',	'BBA231-3B150A/S',	'150 kg / 50 g',	'2002',	'2021-10-20',	'2020-10-20',	NULL),
(3247,	3,	1577,	190,	'B919644452',	1,	'Mettler Toledo',	'-',	'BBA231-3B150A/S',	'60 kg / 0.002 kg',	'2002',	'2021-08-27',	'2020-08-27',	NULL),
(3248,	3,	1577,	190,	'B909299171',	1,	'Mettler Toledo',	'-',	'BBA231-3B150A/S',	'50 kg / 0.002 kg',	'2002',	'2021-08-27',	'2020-08-27',	NULL),
(3249,	3,	1577,	190,	'C006994694',	1,	'Mettler Toledo',	'-',	'BBA231-3B150A/S',	'150 kg / 0.02 kg',	'2002',	'2021-08-27',	'2020-08-27',	NULL),
(3250,	3,	1577,	191,	' - ',	1,	'LAUMAS',	'-',	'TLM8 PROFINET-10',	'200 kg / 0.1 kg',	'2002',	'2021-08-27',	'2020-08-27',	NULL),
(3251,	3,	1577,	193,	' - ',	1,	'LAUMAS',	'-',	'TLM8 PROFINET-10',	'4000 kg / 1 kg',	'2002',	'2021-08-27',	'2020-08-27',	NULL),
(3252,	3,	1577,	190,	'145',	1,	'OSCHATZER WAAGEN GMBH',	'-',	'34171',	'55 kg / 0.05 kg',	'2002',	'2021-08-27',	'2020-08-27',	NULL),
(3253,	3,	1577,	190,	'144',	1,	'OSCHATZER WAAGEN GMBH',	'-',	'34171',	'55 kg / 0.05 kg',	'2002',	'2021-08-27',	'2020-08-27',	NULL),
(3254,	3,	1577,	190,	'143',	1,	'OSCHATZER WAAGEN GMBH',	'-',	'34171',	'55 kg / 0.05 kg',	'2002',	'2021-08-27',	'2020-08-27',	NULL),
(3255,	3,	1577,	193,	'181053221',	1,	'CAS',	'-',	'CI-200A',	'3000 kg / 2 kg',	'2002',	'2021-08-27',	'2020-08-27',	NULL),
(3256,	3,	1577,	189,	' - ',	1,	'-',	'-',	'WH B20',	'3000 g / 0.1 g',	'2002',	'2021-08-27',	'2020-08-27',	NULL),
(3257,	3,	1577,	189,	' - ',	1,	'LATINA',	'-',	'NEWTON 3000',	'3000 g / 0.1 g',	'2002',	'2021-08-27',	'2020-08-27',	NULL),
(3258,	3,	1577,	189,	'IMIWH11-1908000210',	1,	'Fujitsu',	'-',	'FSR-A220',	'320 g / 0.1 g',	'2002',	'2021-08-27',	'2020-08-27',	NULL),
(3259,	3,	1577,	189,	'B936215284',	1,	'Mettler Toledo',	'-',	'ME 303',	'320 g / 0.001 g',	'2002',	'2021-08-27',	'2020-08-27',	NULL),
(3260,	3,	1577,	190,	'B919644456',	1,	'Mettler Toledo',	'-',	'BBA231-3B150A/S',	'150 kg / 0.005 kg',	'2002',	'2021-08-27',	'2020-08-27',	NULL),
(3261,	3,	1577,	190,	'B849887990',	1,	'Mettler Toledo',	'-',	'BBA231-3B150A/S',	'50 kg / 0.002 kg',	'2002',	'2021-08-27',	'2020-08-27',	NULL),
(3262,	3,	1577,	190,	'C006994693',	1,	'Mettler Toledo',	'-',	'BBA231-3B150A/S',	'150 kg / 0.02 kg',	'2002',	'2021-08-27',	'2020-08-27',	NULL),
(3263,	3,	1577,	190,	'B909299168',	1,	'Mettler Toledo',	'-',	'BBA231-3B150A/S',	'60 kg / 0.002 kg',	'2002',	'2021-08-27',	'2020-08-27',	NULL),
(3264,	3,	1577,	193,	' - ',	1,	'LAUMAS',	'-',	'TLM8 PROFINET-10',	'4000 kg / 1 kg',	'2002',	'2021-02-27',	'2020-08-27',	NULL),
(3265,	2,	1578,	180,	'89009',	1,	'MANTAP',	'INDONESIA',	'B',	'300 kg / 100 g',	'2002',	'2021-10-09',	'2020-10-09',	NULL),
(3266,	19,	1578,	179,	'97073',	1,	'ARMADA',	'Indonesia',	'-',	'150 kg / 10 g',	'2002',	'2021-09-28',	'2020-09-28',	NULL),
(3267,	19,	1578,	179,	'17-12',	1,	'Protinal',	'INDONESIA',	'-',	'150 kg / 100 g',	'2002',	'2021-09-28',	'2020-09-28',	NULL),
(3268,	2,	1578,	180,	'952202',	1,	'Intim',	'Indonesia',	'B',	'300 kg / 200 g',	'2002',	'2021-09-28',	'2020-09-28',	NULL),
(3269,	2,	1578,	180,	'09-350',	1,	'PGB',	'Indonesia',	'A',	'500 kg / 200 g',	'2002',	'2021-09-28',	'2020-09-28',	NULL),
(3270,	2,	1578,	180,	'02-99',	1,	'PGB',	'INDONESIA',	'A',	'500 kg / 200 g',	'2002',	'2021-09-28',	'2020-09-28',	NULL),
(3271,	23,	1578,	199,	'00335796FG',	1,	'METTLER TOLEDO',	'Swiss',	'IND310',	'50.000 kg / 10 kg',	'2002',	'2021-09-28',	'2020-09-28',	NULL),
(3272,	3,	1579,	190,	'61611820',	1,	'CHIMEI',	'TIONGKOK',	'CS 1650',	'100 kg / 0,01 kg',	'2002',	'2021-09-25',	'2020-09-25',	NULL),
(3273,	3,	1579,	193,	'61501048',	1,	'CHIMEI',	'TIONGKOK',	'CS 1650',	'10.000 kg / 1 kg',	'2002',	'2021-09-25',	'2020-09-25',	NULL),
(3274,	3,	1579,	193,	'61705487',	1,	'CHIMEI',	'TIONGKOK',	'CS 1650',	'8.000n kg / 0,1 kg',	'2002',	'2021-09-25',	'2020-09-25',	NULL),
(3275,	3,	1579,	193,	'61611910',	1,	'CHIMEI',	'TIONGKOK',	'CS 1650',	'10.000 kg / 1 kg',	'2002',	'2021-09-25',	'2020-09-25',	NULL),
(3276,	3,	1579,	193,	'IMIWH9 - 1901000311',	1,	'SONIC',	'TIONGKOK',	'A12E',	'3.000 kg / 0,5 kg',	'2002',	'2021-08-13',	'2020-08-13',	NULL),
(3277,	3,	1579,	193,	'IMIWH9 - 1901000310',	1,	'SONIC',	'TIONGKOK',	'A12E',	'20.000 kg / 10 kg',	'2002',	'2021-08-13',	'2020-08-13',	NULL),
(3278,	3,	1581,	189,	'-',	1,	'ACIS',	'-',	'BC500',	'500 g / 0,1 g',	'2002',	'2021-07-16',	'2020-07-16',	NULL),
(3279,	3,	1581,	190,	'BDI19060434',	1,	'DIGITECH',	'-',	'DB - 6S',	'40 kg / 5 g',	'2002',	'2021-07-16',	'2020-07-16',	NULL),
(3280,	3,	1581,	190,	'BDI20010895',	1,	'DIGITECH',	'-',	'DB - 6S',	'30 kg / 5 g',	'2002',	'2021-07-16',	'2020-07-16',	NULL),
(3281,	14,	1580,	101,	'EO-8160;  EO-8161; EO-8162; EO-8163',	4,	'EnE',	'Korea	MT - 4S',	'MT - 4S',	'45 L/min',	'2020',	'2022-02-03',	'2021-02-03',	NULL),
(3282,	14,	1580,	101,	'EO-8971;  EO-8972; EO-8973; EO-8974',	4,	'EnE',	'Korea',	'MT - 4S',	'45 L/min',	'2020',	'2022-02-03',	'2021-02-03',	NULL),
(3283,	14,	1580,	101,	'EO-8070;  EO-8071; EO-8072; EO-8073',	4,	'EnE',	'Korea',	'MT - 4S',	'45 L/min',	'2020',	'2022-02-03',	'2021-02-03',	NULL),
(3284,	23,	1577,	199,	' B902070177',	1,	'METTLER TOLEDO',	'CHINA',	'IND246',	'80.000 kg / 10 kg',	'2002',	'2021-06-30',	'2020-06-30',	NULL),
(3285,	14,	1580,	101,	'EO-7173;  EO-7174',	2,	'EnE',	'Korea',	'DC-2 SR',	'45 L/min',	'2020',	'2022-02-03',	'2021-02-03',	NULL),
(3286,	23,	1577,	199,	' B902070176',	1,	'METTLER TOLEDO',	'CHINA',	'IND246',	'80.000 kg / 10 kg',	'2002',	'2021-06-30',	'2020-06-30',	NULL),
(3287,	26,	1580,	84,	'192 / 08',	1,	'MDH',	'Indonesia',	'Stainless Steel',	'20 L / 1 mL ',	'2020',	'2021-04-01',	'2020-04-01',	NULL),
(3288,	17,	1580,	28,	'-',	1,	'-',	'-',	'-',	'375 cm',	'2020',	'2021-04-01',	'2020-04-01',	NULL),
(3289,	3,	1582,	190,	'99508',	1,	'GLOBAL',	'CHINA',	'TCS.EK 3100 B2+1',	'150 kg / 100 g',	'2002',	'2021-06-25',	'2020-06-25',	NULL),
(3290,	3,	1582,	189,	'B514799506',	1,	'METTLER TOLEDO',	'CHINA',	'B. com 72A',	'6 kg / 15 kg; 2 g / 5 g',	'2002',	'2021-06-25',	'2020-06-25',	NULL),
(3291,	3,	1582,	189,	'B514799523',	1,	'METTLER TOLEDO',	'CHINA',	'B. com 72A',	'6 kg / 15 kg; 2 g / 5 g',	'2002',	'2021-06-25',	'2020-06-25',	NULL),
(3292,	26,	1583,	84,	'019071',	1,	'DB',	'Indonesia',	'Stainless Steel',	'20 L / 1 mL ',	'2020',	'2021-09-15',	'2020-09-15',	NULL),
(3293,	17,	1583,	28,	'07-48',	1,	'-',	'Indonesia',	'-',	'350 cm',	'2020',	'2021-09-01',	'2020-09-01',	NULL),
(3294,	14,	1583,	101,	'AA 155301 2006-10',	5,	'TATSUNO',	'Jepang',	'GSB 3621',	'60 L/m',	'2020',	'2021-09-01',	'2020-09-01',	NULL),
(3295,	14,	1583,	101,	'AA275184 2018-3',	6,	'TATSUNO',	'Jepang',	'SSB3662',	'65 L /m',	'2020',	'2021-09-01',	'2020-09-01',	NULL),
(3296,	14,	1583,	101,	'AA 241376 2015-1',	2,	'TATSUNO',	'Jepang',	'SSA 2222',	'60 L/m',	'2020',	'2021-09-01',	'2020-09-01',	NULL),
(3297,	22,	1584,	193,	'INS-ME18051295',	1,	'LUCKY',	'TIONGKOK',	'XK-3190-12e',	'2.500 kg / 1 kg',	'2002',	'2021-06-23',	'2020-06-23',	NULL),
(3298,	21,	1584,	193,	'INS-ME18051294',	1,	'SAYAKI',	'TIONGKOK',	'XK-3190-12e',	'5.000 kg / 1 kg',	'2002',	'2021-06-23',	'2020-06-23',	NULL),
(3299,	20,	1584,	193,	'INS-ME18051291',	1,	'SAYAKI',	'TIONGKOK',	'XK-3190-12e',	'20.000 kg / 10 kg',	'2002',	'2021-06-23',	'2020-06-23',	NULL),
(3303,	23,	1584,	199,	'C03221',	1,	'GSC',	'TAIWAN',	'SGW3015PS',	'50.000 kg / 10 kg',	'2002',	'2021-06-23',	'2020-06-23',	NULL),
(3304,	22,	1585,	193,	'IS15101349',	1,	'SONIC',	'TIONGKOK',	'XK3190-A9',	'2.000 kg / 1 kg',	'2002',	'2021-06-23',	'2020-06-23',	NULL),
(3305,	21,	1585,	193,	'IS14080027',	1,	'SONIC',	'TIONGKOK',	'XK3190-A9',	'2.000 kg / 1 kg',	'2002',	'2021-06-23',	'2020-06-23',	NULL),
(3306,	20,	1585,	193,	'IS 15101348',	1,	'SONIC',	'TIONGKOK',	'XK3190-A9',	'15.000 kg / 5 kg',	'2002',	'2021-06-23',	'2020-06-23',	NULL),
(3307,	3,	1586,	189,	'R1L55342-6MM',	1,	'METTLER TOLEDO',	'CHINA',	'8442',	'6 kg / 15 kg; 2 g / 5 g',	'2002',	'2021-06-22',	'2020-06-22',	NULL),
(3308,	3,	1586,	189,	'R1L55340-6MM',	1,	'METTLER TOLEDO',	'CHINA',	'8442',	'6 kg / 15 kg; 2 g / 5 g',	'2002',	'2021-06-22',	'2020-06-22',	NULL),
(3309,	3,	1586,	189,	'R1L55376-6MM',	1,	'METTLER TOLEDO',	'CHINA',	'8442',	'6 kg / 15 kg; 2 g / 5 g',	'2002',	'2021-06-22',	'2020-06-22',	NULL),
(3310,	3,	1586,	189,	'R1L55339-6MM',	1,	'METTLER TOLEDO',	'CHINA',	'8442',	'6 kg / 15 kg; 2 g / 5 g',	'2002',	'2021-06-22',	'2020-06-22',	NULL),
(3311,	3,	1586,	189,	'R1L55338-6MM',	1,	'METTLER TOLEDO',	'CHINA',	'8442',	'6 kg / 15 kg; 2 g / 5 g',	'2002',	'2021-06-22',	'2020-06-22',	NULL),
(3312,	3,	1586,	189,	'R1L55337-6MM',	1,	'METTLER TOLEDO',	'CHINA',	'8442',	'6 kg / 15 kg; 2 g / 5 g',	'2002',	'2021-06-22',	'2020-06-22',	NULL),
(3313,	3,	1586,	189,	'R1L21435-6EM',	1,	'METTLER TOLEDO',	'CHINA',	'8442',	'6 kg / 15 kg; 2 g / 5 g',	'2002',	'2021-06-22',	'2020-06-22',	NULL),
(3314,	3,	1586,	189,	'R1L21434-6GM',	1,	'METTLER TOLEDO',	'CHINA',	'8442',	'6 kg / 15 kg; 2 g / 5 g',	'2002',	'2021-06-22',	'2020-06-22',	NULL),
(3315,	3,	1586,	189,	'R1L55341-6MM',	1,	'METTLER TOLEDO',	'CHINA',	'8442',	'6 kg / 15 kg; 2 g / 5 g',	'2002',	'2021-06-22',	'2020-06-22',	NULL),
(3316,	3,	1586,	191,	'0035878-6FN',	1,	'METTLER TOLEDO',	'CHINA',	'IND211',	'300 kg / 100 g',	'2002',	'2021-06-22',	'2020-06-22',	NULL),
(3317,	14,	1587,	101,	'AA288728 2019-4',	2,	'TATSUNO',	'Jepang',	'SDA 2222',	'65 L / 6 L',	'2020',	'2021-02-05',	'2020-02-05',	NULL),
(3318,	21,	1588,	193,	'IMIWH 9-1812000825',	1,	'SONIC',	'CHINA',	'A12E',	'3.000 kg / 1 kg',	'2002',	'2021-06-18',	'2020-06-18',	NULL),
(3319,	14,	1587,	101,	'AA 151823.2006-7',	2,	'TATSUNO',	'Jepang',	'GDA 2222',	'60 L/Min',	'2020',	'2021-02-05',	'2020-02-05',	NULL),
(3320,	20,	1588,	193,	'-',	1,	'YOUHUA',	'CHINA',	'A12E',	'15.000 kg / 5 kg',	'2002',	'2021-06-18',	'2020-06-18',	NULL),
(3321,	14,	1587,	101,	'AA272875 2017-12',	4,	'TATSUNO',	'Jepang',	'SDB 2444',	'65 L/Min',	'2020',	'2021-02-05',	'2020-02-05',	NULL),
(3322,	14,	1587,	101,	'AA289442 2019-5',	4,	'TATSUNO',	'Jepang',	'SDB 2444',	'65 L/Min',	'2020',	'2021-02-05',	'2020-02-05',	NULL),
(3323,	22,	1588,	193,	'AG9P1605028',	1,	'GREAT SCALE',	'CHINA',	'XK3190-A9',	'3.000 kg / 1 kg',	'2002',	'2021-06-18',	'2020-06-18',	NULL),
(3324,	26,	1587,	84,	'333/08',	1,	'MDH',	'Indonesia',	'Stainless Steel',	'20 L / 1 mL ',	'2020',	'2021-02-05',	'2020-02-13',	NULL),
(3325,	20,	1588,	193,	'AG1709250',	1,	'SAYAKI',	'CHINA',	'A12E',	'15.000 kg / 5 kg',	'2002',	'2021-06-18',	'2020-06-18',	NULL),
(3326,	17,	1587,	28,	'-',	1,	'MDH',	'Indonesia',	'-',	'300 cm',	'2020',	'2021-02-05',	'2020-02-05',	NULL),
(3327,	20,	1588,	193,	'A9+PB0713005',	1,	'GREAT SCALE',	'CHINA',	'XK3190-A9',	'15.000 kg / 5 kg',	'2002',	'2021-06-18',	'2020-06-18',	NULL),
(3328,	22,	1588,	193,	'A9+PB0713009',	1,	'GREAT SCALE',	'CHINA',	'XK3190-A9',	'3.000 kg / 1 kg',	'2002',	'2021-06-18',	'2020-06-18',	NULL),
(3329,	23,	1588,	198,	'A9+PO712001',	1,	'GREAT SCALE',	'CHINA',	'XK3190-A9',	'60.000 kg / 10 kg',	'2002',	'2021-06-18',	'2020-06-18',	NULL),
(3330,	3,	1589,	190,	' - ',	1,	'NANKAI',	' JEPANG',	'ART : 177 - 08',	'150 kg',	'2002',	'2021-03-20',	'2020-03-20',	NULL),
(3331,	3,	1590,	194,	' - ',	1,	'SARTORIUS ',	' - ',	'1404 B MP8-7',	'220 g',	'2002',	'2021-03-12',	'2020-03-12',	NULL),
(3332,	3,	1590,	195,	' - ',	1,	'METTLER TOLEDO',	'-',	'JB 4002 - G / FACT',	'4100 g',	'2002',	'2021-03-12',	'2020-03-12',	NULL),
(3333,	3,	1591,	190,	' - ',	1,	'GREAT SCALE',	' - ',	'A 12 E',	'150 kg',	'2002',	'2021-03-12',	'2020-03-12',	NULL),
(3334,	3,	1591,	190,	' - ',	1,	'GREAT SCALE',	'-',	'A 12 E',	'150 kg',	'2002',	'2021-03-12',	'2020-03-12',	NULL),
(3335,	3,	1592,	194,	'-',	1,	'ELECTRONIC COMPACT SCALE',	'-',	'SF-400 C',	'500 g',	'2002',	'2021-03-11',	'2020-03-11',	NULL),
(3336,	3,	1592,	195,	' - ',	1,	'AND',	'-',	'FX 3000 GD',	'3200 g',	'2002',	'2021-03-11',	'2020-03-11',	NULL),
(3337,	3,	1592,	195,	' - ',	1,	'METTLER TOLEDO',	'-',	'JL - 1502 - G',	'1510 g',	'2002',	'2021-03-11',	'2020-03-11',	NULL),
(3338,	3,	1592,	194,	' - ',	3,	'AND',	'-',	'-',	'300 g',	'2002',	'2021-03-11',	'2020-03-11',	NULL),
(3339,	3,	1592,	195,	' - ',	1,	'ACIS',	'-',	'AD - 210 H',	'2000 g',	'2003',	'2021-03-11',	'2020-03-11',	NULL),
(3340,	23,	1593,	199,	'-',	1,	'FINE',	'KOREA',	'FS - 8000',	'60.000 kg / 10 kg',	'2002',	'2021-02-27',	'2020-02-27',	NULL),
(3341,	3,	1594,	190,	' - ',	1,	'MORITZ',	'-',	'-',	'120 kg / 50 g',	'2002',	'2021-02-25',	'2020-02-25',	NULL),
(3342,	14,	1596,	101,	'AA288758 2019-4',	4,	'TATSUNO',	'Jepang',	'SSA2442',	'65 L / 6 L',	'2020',	'2021-12-28',	'2020-12-28',	NULL),
(3343,	14,	1596,	101,	'AA288760 2019-4 ',	4,	'TATSUNO',	'Jepang',	'SSA2442',	'65 L / 6 L',	'2020',	'2021-12-28',	'2020-12-28',	NULL),
(3344,	14,	1596,	101,	'AA288761 2019-4',	4,	'TATSUNO',	'Jepang',	'SSA2442',	'65 L / 6 L',	'2020',	'2021-12-28',	'2020-12-28',	NULL),
(3345,	14,	1596,	101,	'AA288764 2019-4 ',	4,	'TATSUNO',	'Jepang',	'SSA2442',	'65 L / 6 L',	'2020',	'2021-12-28',	'2020-12-28',	NULL),
(3346,	3,	1595,	190,	'ACST 14107',	1,	'FORTUNA ',	'-',	'ACS-T',	'30 kg / 5  g',	'2002',	'2021-02-26',	'2020-02-26',	NULL),
(3347,	19,	1597,	195,	'-',	1,	'OHAUSS',	'Amerika',	'-',	'2.610 g / 0,1 g',	'2002',	'2021-02-21',	'2020-02-21',	NULL),
(3348,	19,	1597,	195,	'302',	1,	'OHAUSS',	'Amerika',	'-',	'2.610 g / 0,1 g',	'2002',	'2021-02-21',	'2020-02-21',	NULL),
(3349,	19,	1597,	195,	'3201',	1,	'OHAUSS',	'Amerika',	'-',	'2.610 g / 0,1 g',	'2002',	'2021-02-21',	'2020-02-21',	NULL),
(3350,	19,	1597,	195,	'-',	1,	'OHAUSS',	'Amerika',	'-',	'20 kg / 1 g',	'2002',	'2021-02-21',	'2020-02-21',	NULL),
(3351,	19,	1597,	195,	'A - 3201',	1,	'OHAUSS',	'Amerika',	'-',	'20 kg / 1 g',	'2002',	'2021-02-21',	'2020-02-21',	NULL),
(3352,	19,	1597,	195,	'A',	1,	'OHAUSS',	'Amerika',	'-',	'20 kg / 1 g',	'2002',	'2021-02-21',	'2020-02-21',	NULL),
(3353,	17,	1598,	28,	'0077/17',	1,	'MDH',	'Indonesia',	'-',	'400 cm',	'2020',	'2022-01-26',	'2021-01-26',	NULL),
(3354,	3,	1597,	189,	'HSEX 1018779',	1,	'EXCELLENT',	'TIONGKOK',	'DJ - B',	'6.000 g / 0,1 g',	'2002',	'2021-02-21',	'2020-02-21',	NULL),
(3355,	26,	1598,	84,	'313/08',	1,	'MDH',	'Indonesia',	'Stainless Steel',	'20 L / 1 mL',	'2020',	'2022-01-26',	'2021-01-26',	NULL),
(3356,	3,	1597,	190,	'EX 005738',	1,	'EXCELLENT',	'TIONGKOK',	'A12E',	'150 kg / 100 g',	'2002',	'2021-02-21',	'2020-02-21',	NULL),
(3357,	14,	1598,	101,	'142650871',	4,	'GILBARCO',	'Amerika',	'BB3 202',	'60 L/Min',	'2020',	'2022-01-26',	'2021-01-26',	NULL),
(3358,	3,	1597,	190,	'1902000160',	1,	'SONIC',	'TIONGKOK',	'A12E',	'100 kg / 1 kg',	'2002',	'2021-02-21',	'2020-02-21',	NULL),
(3359,	14,	1598,	101,	'123611974',	2,	'GILBARCO',	'Amerika',	'JTA200GE',	'60 L/Min',	'2020',	'2022-01-26',	'2021-01-26',	NULL),
(3360,	3,	1597,	192,	'1902000164',	1,	'SONIC',	'TIONGKOK',	'A12E',	'1000 kg / 1 kg',	'2002',	'2021-02-21',	'2020-02-21',	NULL),
(3361,	14,	1598,	101,	'0-94112293',	2,	'GILBARCO',	'Amerika',	'JTA200GE',	'60 L/Min',	'2020',	'2022-01-26',	'2021-01-26',	NULL),
(3362,	3,	1597,	191,	'1902000163',	1,	'SONIC',	'TIONGKOK',	'A12E',	'200 kg / 1 kg',	'2002',	'2021-02-21',	'2020-02-21',	NULL),
(3363,	3,	1597,	193,	'C.05136',	1,	'GSC',	'TIONGKOK',	'SGW - 3015 S',	'15.000 kg / 5 kg',	'2002',	'2021-02-21',	'2020-02-21',	NULL),
(3364,	3,	1597,	193,	'C.05134',	1,	'GSC',	'TIONGKOK',	'SGW - 3015 S',	'2.000 kg / 2 kg',	'2002',	'2021-02-21',	'2020-02-21',	NULL),
(3365,	3,	1597,	193,	'C.05135',	1,	'GSC',	'TIONGKOK',	'SGW - 3015 S',	'2.000 kg / 2 kg',	'2002',	'2021-02-21',	'2020-02-21',	NULL),
(3366,	23,	1597,	199,	'C.05219',	1,	'GSC',	'TIONGKOK',	'SGW - 3015 S',	'50.000 kg / 10 kg',	'2002',	'2021-02-21',	'2020-02-21',	NULL),
(3367,	23,	1597,	199,	'150165',	1,	'GSC',	'TIONGKOK',	'GW - 3015',	'50.000 kg / 10 kg',	'2002',	'2021-02-21',	'2020-02-21',	NULL),
(3368,	25,	1599,	194,	'09248',	1,	'BUDI',	'Indonesia',	'-',	'50 g',	'2016',	'2021-02-24',	'2020-02-24',	NULL),
(3369,	3,	1591,	190,	'-',	1,	'DIGITECH',	'-',	'DB-1S',	'150 kg / 10 g',	'2002',	'2021-02-11',	'2020-02-11',	NULL),
(3370,	3,	1600,	191,	'17-545',	1,	'REMADJA',	'INDONESIA',	'B',	'300 kg / 100 g',	'2002',	'2021-02-06',	'2020-02-06',	NULL),
(3371,	3,	1600,	195,	'141254173',	1,	'KENKO',	'JEPANG',	'SW-3A',	'3 kg / 0,1 g',	'2002',	'2021-02-06',	'2020-02-06',	NULL),
(3372,	3,	1600,	195,	'160253534',	1,	'KENKO',	'JEPANG',	'SW-30A',	'30 kg / 1 g',	'2002',	'2021-02-06',	'2020-02-06',	NULL),
(3373,	3,	1600,	194,	'09.06.2010 REV003',	1,	'OHAUS',	'AMERIKA',	'CL201T',	'200 g / 0,1 g',	'2002',	'2021-02-07',	'2020-02-06',	NULL),
(3374,	3,	1600,	195,	'10.26.2016 REV003',	1,	'OHAUS',	'AMERIKA',	'CL2000T',	'2.000 g / 1 g',	'2002',	'2021-02-06',	'2020-02-06',	NULL),
(3375,	3,	1600,	190,	'Q1910283',	1,	'AND',	'JEPANG',	'FG-60KAL',	'60 kg / 10 g',	'2002',	'2021-02-06',	'2020-02-06',	NULL),
(3376,	19,	1601,	195,	'-',	1,	'OHAUSS',	'AMERIKA',	'-',	'2610 g / 0,1 g',	'2002',	'2022-01-28',	'2021-01-28',	NULL),
(3377,	4,	1601,	190,	'341051',	1,	'NAGATA',	'TAIWAN',	'A100W',	'50 kg / 100 g',	'2002',	'2022-01-28',	'2021-01-28',	NULL),
(3378,	3,	1601,	190,	'150710379',	1,	'SONIC',	'TIONGKOK',	'ACS-A',	'30 kg / 5 g',	'2002',	'2022-01-28',	'2021-01-28',	NULL),
(3379,	21,	1601,	193,	'3A 7803887',	1,	'AND',	'JEPANG',	'AD - 4406 A',	'2.000 kg / 2 kg',	'2002',	'2022-01-28',	'2021-01-28',	NULL),
(3380,	22,	1601,	193,	'P3518692',	1,	'AND',	'JEPANG',	'AD - 4406 A',	'2.000 kg / 2 kg',	'2002',	'2022-01-28',	'2021-01-28',	NULL),
(3381,	20,	1601,	193,	'3A 7802848',	1,	'AND',	'JEPANG',	'AD - 4406 A',	'7.000 kg / 5 kg',	'2002',	'2022-01-28',	'2021-01-28',	NULL),
(3382,	23,	1601,	199,	'A9+ PB0711040',	1,	'GREAT SCALE',	'TIONGKOK',	'XK3190 - A9',	'60.000 kg / 10 kg',	'2021',	'2022-01-28',	'2021-01-28',	NULL),
(3383,	3,	1602,	190,	' - ',	1,	'SONIC',	'-',	'T10',	'50 kg',	'2002',	'2022-01-29',	'2021-01-29',	NULL),
(3384,	3,	1602,	190,	' - ',	1,	'DIGITECH',	'-',	'DB-1S',	'150 kg',	'2002',	'2022-01-29',	'2021-01-29',	NULL),
(3385,	26,	1603,	84,	'B.389.09',	1,	'MDH',	'Indonesia',	'-',	'20 L / 1 mL',	'2020',	'2021-03-12',	'2020-03-13',	NULL),
(3386,	14,	1603,	101,	'3832Q65005',	2,	'SANKI',	'Cina',	'SKS2QF222A',	'50 L/Min',	'2020',	'2021-02-19',	'2020-02-19',	NULL),
(3387,	14,	1603,	101,	'0-321022',	3,	'GILBARCO',	'Amerika',	'JE1200',	'65 L/Min',	'2020',	'2021-02-19',	'2020-02-19',	NULL),
(3388,	14,	1603,	101,	'GDLA008821',	2,	'GILBARCO',	'Amerika',	'AC6921A',	'60 L/Min',	'2020',	'2021-02-19',	'2020-02-19',	NULL),
(3389,	14,	1603,	101,	'AA278864 2018-7',	2,	'TATSUNO',	'Jepang',	'SSA1222',	'65 L/Min',	'2020',	'2021-02-19',	'2020-02-19',	NULL),
(3390,	6,	1602,	157,	' - ',	2,	'-',	'-',	'-',	'10 kg',	'2002',	'2022-01-29',	'2021-01-29',	NULL),
(3391,	24,	1602,	19,	'110615-0464',	1,	'KOSAN CRISPLANT',	'Denmark',	'DK-0199.48',	'120 kg',	'2002',	'2022-01-29',	'2021-01-29',	NULL),
(3392,	24,	1602,	19,	'080507-0252',	1,	'KOSAN CRISPLANT',	'Denmark',	'DK-0199.48',	'120 kg',	'2002',	'2022-01-29',	'2021-01-29',	NULL),
(3393,	24,	1602,	19,	'53077',	1,	'SIRAGA',	'Perancis',	'ULIS II',	'50 kg',	'2003',	'2022-01-29',	'2021-01-29',	NULL),
(3394,	24,	1602,	19,	'53078',	1,	'SIRAGA',	'Perancis',	'ULIS II',	'50 kg',	'2002',	'2022-01-29',	'2021-01-29',	NULL),
(3395,	24,	1602,	19,	'53079',	1,	'SIRAGA',	'Perancis',	'ULIS II',	'50 kg',	'2002',	'2022-01-29',	'2021-01-29',	NULL),
(3396,	24,	1602,	19,	'53080',	1,	'SIRAGA',	'Perancis',	'ULIS II',	'50 kg',	'2002',	'2022-01-29',	'2021-01-29',	NULL),
(3397,	24,	1602,	19,	'53081',	1,	'SIRAGA',	'Perancis',	'ULIS II',	'50 kg',	'2002',	'2022-01-29',	'2021-01-29',	NULL),
(3398,	24,	1602,	19,	'53082',	1,	'SIRAGA',	'Perancis',	'ULIS II',	'50 kg',	'2002',	'2022-01-29',	'2021-01-29',	NULL),
(3399,	24,	1602,	19,	'53083',	1,	'SIRAGA',	'Perancis',	'ULIS II',	'50 kg',	'2002',	'2022-01-29',	'2021-01-29',	NULL),
(3400,	24,	1602,	19,	'53084',	1,	'SIRAGA',	'Perancis',	'ULIS II',	'50 kg',	'2002',	'2022-01-29',	'2021-01-29',	NULL),
(3401,	24,	1602,	19,	'53085',	1,	'SIRAGA',	'Perancis',	'ULIS II',	'50 kg',	'2002',	'2022-01-29',	'2021-01-29',	NULL),
(3402,	24,	1602,	19,	'53086',	1,	'SIRAGA',	'Perancis',	'ULIS II',	'50 kg',	'2002',	'2022-01-29',	'2021-01-29',	NULL),
(3403,	24,	1602,	19,	'53087',	1,	'SIRAGA',	'Perancis',	'ULIS II',	'50 kg',	'2002',	'2022-01-29',	'2021-01-29',	NULL),
(3404,	24,	1602,	19,	'53088',	1,	'SIRAGA',	'Perancis',	'ULIS II',	'50 kg',	'2002',	'2022-01-29',	'2021-01-29',	NULL),
(3405,	24,	1602,	19,	'2874',	1,	'DAESUNG',	'Korea',	'DSM - 300S',	'50 kg',	'2002',	'2022-01-29',	'2021-01-29',	NULL),
(3406,	24,	1602,	19,	'2877',	1,	'DAESUNG',	'Korea',	'DSM - 300S',	'50 kg',	'2021',	'2022-01-29',	'2021-01-29',	NULL),
(3407,	26,	1604,	84,	'019046',	1,	'DB',	'Indonesia',	'Stainless Steel',	'20 L / 1 mL',	'2020',	'2021-02-12',	'2020-02-12',	NULL),
(3408,	17,	1604,	28,	'-',	1,	'-',	'Indonesia',	'-',	'200 cm',	'2020',	'2021-02-12',	'2020-02-12',	NULL),
(3409,	14,	1604,	101,	'3837Q89019',	2,	'SANKI',	'Cina',	'SK52QF222A',	'50 L/Min',	'2020',	'2022-02-08',	'2021-02-08',	NULL),
(3410,	14,	1604,	101,	'3837Q6C005',	2,	'SANKI',	'Cina',	'SK520F222A',	'50 L/Min',	'2020',	'2022-02-08',	'2021-02-08',	NULL),
(3411,	14,	1604,	101,	'113611951',	1,	'GILBARCO',	'Amerika',	'JTA200GE',	'60 L/Min',	'2020',	'2022-02-08',	'2021-02-08',	NULL),
(3412,	17,	1605,	28,	'-',	1,	'-',	'Indonesia',	'-',	'250 cm',	'2020',	'2021-02-27',	'2020-02-27',	NULL),
(3413,	14,	1605,	101,	'FDLA067281',	2,	'GILBARCO',	'Amerika',	'AC3921 - A',	'45 L/min',	'2020',	'2021-02-27',	'2020-02-27',	NULL),
(3414,	14,	1605,	101,	'EO-3743; EO-3744; EO-3745; EO-3746; EO-3',	5,	'EnE',	'Korea',	'MT - 6S',	'45 L/min',	'2020',	'2021-02-27',	'2020-02-27',	NULL),
(3415,	14,	1605,	101,	'EO-5060; EO-5061; EO-5062; EO-5064; EO-5',	5,	'EnE',	'Korea',	'MT - 6S',	'45 L/min',	'2020',	'2021-02-27',	'2020-02-27',	NULL),
(3416,	14,	1605,	101,	'EO-0675; EO-0676',	2,	'EnE',	'Korea',	'MT - 2S',	'45 L/min',	'2020',	'2021-02-27',	'2020-02-27',	NULL),
(3417,	14,	1605,	101,	'O - 31512',	1,	'GILBARCO',	'Amerika',	'JE 1200',	'50 L/min',	'2020',	'2021-02-27',	'2020-02-27',	NULL),
(3418,	17,	1606,	28,	'-',	1,	'-',	'Indonesia',	'-',	'200 cm',	'2020',	'2021-02-10',	'2020-02-10',	NULL),
(3419,	26,	1606,	84,	'-',	1,	'MDH',	'Indonesia',	'Stainless Steel',	'20 L / 1 mL',	'2020',	'2021-02-11',	'2020-02-11',	NULL),
(3420,	14,	1606,	101,	'AA 166169.2007-9',	4,	'TATSUNO',	'Jepang',	'P-GSB 2441',	'60 L/Min',	'2020',	'2022-02-09',	'2021-02-09',	NULL),
(3421,	14,	1606,	101,	'AA 166208.2007-9',	4,	'TATSUNO',	'Jepang',	'P-GSB 2441',	'60 L/Min',	'2020',	'2022-02-09',	'2021-02-09',	NULL),
(3422,	14,	1606,	101,	'AA 166006.2007-9',	6,	'TATSUNO',	'Jepang',	'P-GSB 4821',	'60 L/Min',	'2020',	'2022-02-09',	'2021-02-09',	NULL),
(3423,	14,	1606,	101,	'AA 166178.2007-9',	3,	'TATSUNO',	'Jepang',	'P-GSB 2441',	'60 L/Min',	'2020',	'2022-02-09',	'2021-02-09',	NULL),
(3424,	14,	1607,	101,	'C06559',	3,	'WAYNE',	'Amerika',	'I/V394/AKSWZ5/E',	'60 L/Min',	'2020',	'2021-02-25',	'2020-02-25',	NULL),
(3425,	14,	1607,	101,	'3837Q8C010',	2,	'SANKI',	'Cina',	'SK 52QF222A',	'50 L/Min',	'2020',	'2021-02-25',	'2020-02-25',	NULL),
(3426,	14,	1607,	101,	'092660891',	2,	'GILBARCO',	'Amerika',	'B21',	'60 L/Min',	'2020',	'2021-02-25',	'2020-02-25',	NULL),
(3427,	14,	1607,	101,	'092850589',	2,	'GILBARCO',	'Amerika',	'B21',	'60 L/Min',	'2020',	'2021-02-25',	'2020-02-25',	NULL),
(3428,	14,	1607,	101,	'AA150500 2006-6',	2,	'TATSUNO',	'Jepang',	'GDA 2222',	'60 L/Min',	'2020',	'2021-02-25',	'2020-02-25',	NULL),
(3429,	14,	1607,	101,	'201806002284 - 4DRE',	4,	'201806002284 - 4DRE',	'INDIA',	'Frontier 230-4',	'60 L/Min',	'2020',	'2021-02-25',	'2020-02-25',	NULL),
(3430,	14,	1607,	101,	'201806002284 - 4DRE',	4,	'GILBARCO VEEDER ROOT',	'INDIA',	'Frontier 230-4',	'60 L/Min',	'2020',	'2021-07-13',	'2020-07-13',	NULL),
(3431,	14,	1607,	101,	'C06559',	3,	'WAYNE',	'Amerika',	'I/V394/AKSWZ5/E',	'60 L/Min',	'2020',	'2021-12-07',	'2020-12-07',	NULL),
(3432,	14,	1574,	101,	'AA 166239.2007-9',	4,	'TATSUNO',	'Jepang',	'P-GSB 2441',	'60 L/Min',	'2020',	'2021-11-17',	'2020-11-17',	NULL),
(3433,	6,	1591,	156,	' - ',	1,	'-',	'Indonesia',	'-',	'5 kg',	'2018',	'2021-02-11',	'2020-02-11',	NULL),
(3434,	7,	1599,	158,	' - ',	12,	'-',	'Indonesia',	'-',	'1 mg - 500 mg',	'2017',	'2021-02-24',	'2020-02-24',	NULL),
(3435,	17,	1608,	28,	'-',	1,	'-',	'Indonesia',	'-',	'350 cm',	'2020',	'2021-02-12',	'2020-02-12',	NULL),
(3436,	14,	1608,	101,	'EO-8957; EO-8958',	4,	'EnE',	'Korea',	'MT - 2S',	'45 L/min',	'2020',	'2021-02-12',	'2020-02-12',	NULL),
(3437,	14,	1608,	101,	'EO-8226; EO-8227',	2,	'EnE',	'Korea',	'MT - 2S',	'45 L/min',	'2020',	'2021-02-12',	'2020-02-12',	NULL),
(3438,	14,	1608,	101,	'EO-0419; EO-0420; EO-0421; EO-0422',	4,	'EnE',	'Korea',	'MT - 4S',	'45 L/min',	'2020',	'2021-02-12',	'2020-02-12',	NULL),
(3439,	17,	1609,	28,	'-',	1,	'-',	'Indonesia',	'-',	'300 cm',	'2020',	'2021-02-26',	'2020-02-26',	NULL),
(3440,	14,	1609,	101,	'ER - 412 s.d. ER 417',	6,	'EnE',	'Korea',	'MT - 6S',	'45 L/min',	'2020',	'2021-02-26',	'2020-01-28',	NULL),
(3441,	14,	1609,	101,	'E0 - 9332 s.d. E0 - 9335 ',	4,	'EnE',	'Korea',	'MT - 4S',	'45 L/min',	'2020',	'2021-02-26',	'2020-02-26',	NULL),
(3442,	14,	1609,	101,	'99100013',	1,	'EnE',	'Amerika',	'JEA 200 ',	'50 L/Min',	'2020',	'2021-02-26',	'2020-02-26',	NULL),
(3443,	14,	1609,	101,	'99100006',	2,	'GILBARCO',	'Amerika',	'JEA 200',	'50 L/Min',	'2020',	'2021-02-26',	'2020-02-26',	NULL),
(3444,	17,	1610,	28,	'014054',	1,	'DB',	'Indonesia',	'-',	'400 cm',	'2020',	'2021-06-18',	'2020-06-18',	NULL),
(3445,	14,	1610,	101,	'D.0733013/2007',	2,	'TOKHEIM',	'Amerika	',	'Quantium 400T',	'40 L/min',	'2020',	'2021-03-03',	'2020-03-03',	NULL),
(3446,	14,	1610,	101,	'D.0634008/2006',	2,	'TOKHEIM',	'Amerika',	'Quantium 400T',	'40 L/min',	'2020',	'2021-03-03',	'2020-03-03',	NULL),
(3447,	14,	1610,	101,	'D.0610147',	2,	'TOKHEIM',	'Amerika',	'Quantium 400T',	'40 L/min',	'2020',	'2021-03-03',	'2020-03-03',	NULL),
(3448,	14,	1610,	101,	'GBEN 287200',	4,	'GILBARCO',	'Amerika',	'NA 15500',	'60 L/Min',	'2020',	'2021-03-03',	'2020-03-03',	NULL),
(3449,	14,	1610,	101,	'AA067773 97-2',	1,	'TATSUNO',	'Jepang',	'ADAT 2222-HP',	'70 L/Min',	'2020',	'2021-03-02',	'2020-03-02',	NULL),
(3450,	20,	1584,	193,	'61702250',	1,	'CHI MEI',	'TIONGKOK',	'PT 650d',	'1.000 kg / 1 kg',	'2016',	'2021-06-23',	'2020-06-23',	NULL),
(3451,	22,	1584,	190,	'61702251',	1,	'CHI MEI',	'TIONGKOK',	'PT 650d',	'100 kg / 0,1 kg',	'2011',	'2021-06-23',	'2020-06-23',	NULL),
(3452,	21,	1584,	190,	'61702254',	1,	'CHI MEI',	'TIONGKOK',	'PT 650d',	'100 kg / 0,1 kg',	'2016',	'2021-06-23',	'2020-06-23',	NULL),
(3453,	14,	1611,	101,	'AA105081 2002-1',	2,	'tatsuno',	'JEPANG',	'ESAT2222AJ-N',	'60 L/min',	'2020',	'2021-02-25',	'2020-02-25',	NULL),
(3454,	14,	1611,	101,	'AA108751 2002-6',	2,	'tatsuno',	'JEPANG',	'GSA22010JMBDT000000-E',	'60 L/min',	'2020',	'2021-02-25',	'2020-02-25',	NULL),
(3455,	14,	1611,	101,	'A114152 2002-12',	2,	'tatsuno',	'JEPANG',	'GSA220220JMBDT000000-E',	'60 L/min',	'2020',	'2021-02-25',	'2020-02-25',	NULL),
(3456,	14,	1611,	101,	'200712009',	1,	'NEW CENTURY',	'-',	'RXJ2222N',	'50 L/min',	'2020',	'2021-02-25',	'2020-02-25',	NULL),
(3457,	17,	1569,	28,	'-',	1,	'-',	'INDONESIA',	'-',	'300 cm ',	'2020',	'2021-03-27',	'2020-03-27',	NULL),
(3458,	14,	1569,	101,	'AKSWZ5E607122',	2,	'Wayne',	'AMERIKA',	'2230',	'50 L/min',	'2020',	'2021-02-26',	'2020-02-26',	NULL),
(3459,	14,	1569,	101,	'AA243299 2015 - 3',	1,	'tatsuno',	'JEPANG',	'SSA1222',	'60 L/min',	'2020',	'2021-02-26',	'2020-02-26',	NULL),
(3460,	14,	1569,	101,	'C06117',	2,	'Wayne',	'Amerika',	'I/V387/1KSWZ5/E',	'50 L/min',	'2020',	'2021-02-26',	'2020-02-26',	NULL),
(3461,	14,	1569,	101,	'C06121',	2,	'Wayne',	'Amerika',	'I/V387/1KSWZ5/E',	'50 L/min',	'2020',	'2021-02-26',	'2020-02-26',	NULL),
(3462,	14,	1569,	101,	'C06118',	1,	'Wayne',	'Amerika',	'I/V387/1KSWZ5/E',	'50 L/min',	'2020',	'2021-02-26',	'2020-02-26',	NULL),
(3463,	14,	1612,	101,	'AA 176051 2008-8',	1,	'TATSUNO',	'Jepang',	'GDA 2222P',	'60 L/min',	'2016',	'2021-09-02',	'2020-09-02',	NULL),
(3464,	14,	1612,	101,	'AA1232002 2003-9',	1,	'TATSUNO',	'Jepang',	'GDA220220JMBBT 000000-E',	'60 L/min',	'2016',	'2021-09-02',	'2020-09-02',	NULL),
(3465,	14,	1612,	101,	'AA123400 2003-10',	1,	'TATSUNO',	'Jepang',	'GDA220220JMBBT 000000-E',	'60 L/min',	'2016',	'2021-09-02',	'2020-09-02',	NULL),
(3466,	14,	1612,	101,	'AA123432 2003-10',	1,	'TATSUNO',	'Jepang',	'GDA220220JMBBT 000000-E',	'60 L/min',	'2016',	'2021-09-02',	'2020-09-02',	NULL),
(3467,	17,	1612,	28,	' - ',	1,	'-',	'-',	'-',	'375 cm',	'2016',	'2021-09-02',	'2020-09-02',	NULL),
(3468,	26,	1612,	84,	'090404',	1,	'DB',	'Indonesia',	'Stainless Steel',	'20 L / 1 mL ',	'2016',	'2021-09-04',	'2020-09-04',	NULL),
(3469,	17,	1613,	28,	' - ',	1,	'-',	'Indonesia',	'-',	'250 cm',	'2016',	'2021-02-19',	'2020-02-19',	NULL),
(3470,	26,	1613,	84,	'336/08',	1,	'MDH',	'Indonesia',	'Stainless Steel',	'20 L / 1 mL ',	'2016',	'2021-02-19',	'2020-02-19',	NULL),
(3471,	14,	1613,	101,	'E0 - 7993, E0 - 7994',	2,	'EnE',	'Korea',	'MT - 2S',	'50 L/Min',	'2016',	'2021-02-19',	'2020-02-19',	NULL),
(3472,	14,	1613,	101,	'E0 - 8140, E0 - 8142, E0 - 8143',	3,	'EnE',	'Korea',	'MT - 4S',	'50 L/Min',	'2016',	'2021-02-19',	'2020-02-19',	NULL),
(3473,	14,	1613,	101,	'E0 - 8007, E0 - 8008, E0 - 8009, E0 - 80',	4,	'EnE',	'Korea',	'MT - 4S',	'50 L/Min',	'2016',	'2021-02-19',	'2020-02-19',	NULL),
(3474,	14,	1613,	101,	'E0 - 8015, E0 - 8016, E0 - 8018',	3,	'EnE',	'Korea',	'MT - 4S',	'50 L/Min',	'2016',	'2021-02-19',	'2020-02-19',	NULL),
(3475,	14,	1614,	101,	'EO-9666;  EO-9667; EO-9672; EO-9673',	4,	'EnE',	'Korea',	'MT - 4S',	'45 L/min',	'2016',	'2021-02-11',	'2020-02-11',	NULL),
(3476,	14,	1614,	101,	'EO-9573 ; EO-9574',	2,	'EnE',	'Korea',	'DC-2 SS',	'45 L/min',	'2016',	'2021-02-11',	'2020-02-11',	NULL),
(3477,	14,	1614,	101,	'EO-9630 ; EO-9631',	2,	'EnE',	'Korea',	'DC-2 SS',	'45 L/min',	'2016',	'2021-02-11',	'2020-02-11',	NULL),
(3478,	14,	1614,	101,	'EO-9668;  EO-9669; EO-9670; EO-9671',	4,	'EnE',	'Korea',	'MT - 4S',	'45 L/min',	'2016',	'2021-02-11',	'2020-02-11',	NULL),
(3479,	26,	1614,	84,	'178 / 08',	1,	'-',	'Indonesia',	'Stainless Steel',	'20 L / 1 mL ',	'2016',	'2020-02-11',	'2020-02-11',	NULL),
(3480,	17,	1614,	28,	' - ',	1,	'-',	'Indonesia',	'-',	'300 cm',	'2016',	'2021-04-01',	'2020-04-01',	NULL),
(3481,	14,	1615,	101,	'AA 156 825 2006 - 12',	2,	'TATSUNO',	'Jepang',	'GSA 2221',	'60 L/Min',	'2016',	'2021-02-18',	'2020-02-18',	NULL),
(3482,	14,	1615,	101,	'AA 124 881 2003 - 12',	2,	'TATSUNO',	'Jepang',	'GDA 220220 JMBBT000000',	'60 L/Min',	'2016',	'2021-02-18',	'2020-02-18',	NULL),
(3483,	14,	1615,	101,	'033 2000 7',	6,	'GILBARCO',	'Amerika',	'BB3',	'60 L/Min',	'2016',	'2021-02-18',	'2020-02-18',	NULL),
(3484,	14,	1615,	101,	'DFPA 114880',	6,	'GILBARCO',	'Amerika',	'BB3',	'60 L/Min',	'2016',	'2021-02-18',	'2020-02-18',	NULL),
(3485,	17,	1616,	28,	' - ',	1,	'-',	'Indonesia',	'-',	'200 cm',	'2016',	'2021-05-20',	'2020-05-20',	NULL),
(3486,	26,	1616,	84,	'0140133',	1,	'DB',	'Indonesia',	'Stainless Steel',	'20 L / 1 mL ',	'2016',	'2021-05-20',	'2020-05-20',	NULL),
(3487,	14,	1616,	101,	'06241224',	2,	'GILBARCO',	'Amerika',	'JTA200GE',	'60 L/Min',	'2016',	'2022-02-01',	'2021-02-01',	NULL),
(3488,	14,	1616,	101,	'07161161',	2,	'GILBARCO',	'Amerika',	'JTA200GE',	'60 L/Min',	'2016',	'2022-02-01',	'2021-02-01',	NULL),
(3489,	14,	1616,	101,	'07161005',	2,	'GILBARCO',	'Amerika',	'JTA200GE',	'60 L/Min',	'2016',	'2022-02-01',	'2021-02-01',	NULL),
(3490,	14,	1616,	101,	'07111075',	2,	'GILBARCO',	'Amerika',	'JTA200GE',	'60 L/Min',	'2016',	'2022-02-01',	'2021-02-01',	NULL),
(3491,	14,	1606,	101,	'AA 166178.2007-9',	4,	'tatsuno',	'jepang',	'P-GSB 2441',	'60 L/Min',	'2020',	'2022-02-09',	'2021-02-09',	NULL),
(3492,	14,	1617,	101,	'ES-2654',	1,	'LG- EnE',	'Korea',	'DC 1 SS',	'45L/ m',	'2020',	'2022-02-01',	'2021-02-01',	NULL),
(3493,	17,	1623,	28,	'-',	1,	'-',	'-',	'-',	'300 cm',	'2020',	'2022-01-29',	'2021-01-29',	NULL);

-- 2021-02-16 03:01:14
